orbit,arc_d,t_end_day,config,ref,noise_arcsec,bias_arcsec,common_bias_arcsec,clock_s,srp_sigma,srp_offset,sig0_crlb_km,sig0_km,theta0_arcsec,tc_ideal_N1,tc_ut_actual_N1,tc_ut_claim_N1,tc_ideal_N10,tc_ut_actual_N10,tc_ut_claim_N10,tc_ideal_N100,tc_ut_actual_N100,tc_ut_claim_N100
NRHO 9:2,1.0,30.743055555555557,base,base,1.0,0.0,0.0,0.0,0.0,0.0,3182.653916462368,3182.653916462368,42.764682541129226,1.6426564918370117,1.6236830985404975,1.5473379225140642,2.1136971608540422,2.108506768404342,2.0659576583412624,9.29097792951772,9.289810331464416,9.467033728545278
NRHO 9:2,1.0,30.743055555555557,base_0.3,base_0.3,0.3,0.0,0.0,0.0,0.0,0.0,955.1595103468803,955.1595103468803,12.689857307555165,2.0045184652124033,1.9984366432995904,1.9831994929920587,15.034119353455244,8.607718918184283,14.947148049726165,22.29824345806113,22.307943114376858,22.102757755627486
NRHO 9:2,1.0,30.743055555555557,bias0.05,base,1.0,0.05,0.0,0.0,0.0,0.0,3182.653916462368,3182.654080868341,42.76461666782989,1.6426554139361398,1.6236700179335568,1.5473379225140642,2.1137186185534733,2.1085350012361253,2.0659576583412624,9.290858067582562,9.28970370895775,9.467033728545278
NRHO 9:2,1.0,30.743055555555557,bias0.1,base,1.0,0.1,0.0,0.0,0.0,0.0,3182.653916462368,3182.6545740862125,42.764432888008066,1.6426516484212301,1.62363189996245,1.5473379225140642,2.1137820909340777,2.1086182957205795,2.0659576583412624,9.290516477737556,9.289400550524752,9.467033728545278
NRHO 9:2,1.0,30.743055555555557,bias0.2,base,1.0,0.2,0.0,0.0,0.0,0.0,3182.653916462368,3182.6565469569578,42.76385895247722,1.6426310244256144,1.6234941660366349,1.5473379225140642,2.114021619723242,2.1089302904691847,2.0659576583412624,9.289367654432755,9.288463696437942,9.467033728545278
NRHO 9:2,1.0,30.743055555555557,bias0.5,base,1.0,0.5,0.0,0.0,0.0,0.0,3182.653916462368,3182.6703570191526,42.76322394615817,1.6424491123935099,1.6228974914271883,1.5473379225140642,2.1151692679887346,2.1104016985395426,2.0659576583412624,9.28751783302757,9.287028696335504,9.467033728545278
NRHO 9:2,1.0,30.743055555555557,common0.1,base,1.0,0.0,0.1,0.0,0.0,0.0,3182.653916462368,3182.6545740862125,42.764432888008066,1.6426516484202067,1.6236318999618484,1.5473379225140642,2.1137820909340137,2.108618295720605,2.0659576583412624,9.29051647773816,9.289400550525249,9.467033728545278
NRHO 9:2,1.0,30.743055555555557,common0.5,base,1.0,0.0,0.5,0.0,0.0,0.0,3182.653916462368,3182.6703570191517,42.76322394717109,1.6424491123928975,1.6228974914261178,1.5473379225140642,2.11516926798881,2.110401698539544,2.0659576583412624,9.287517833026499,9.28702869633465,9.467033728545278
NRHO 9:2,1.0,30.743055555555557,clock10ms,base,1.0,0.0,0.0,0.01,0.0,0.0,3182.653916462368,3182.65392305903,42.7646834491162,1.6426564322683435,1.6236829715893866,1.5473379225140642,2.113697252084546,2.1085069207357052,2.0659576583412624,9.290977337670524,9.28980982398178,9.467033728545278
NRHO 9:2,1.0,30.743055555555557,srp_am0.005,base,1.0,0.0,0.0,0.0,0.0015,0.0,3182.653916462368,3182.653919954587,41.62525974488343,1.6071183607952766,1.602973380316324,1.5473379225140642,2.083098240376713,2.0802519058344635,2.0659576583412624,9.308561739900147,9.319104844482151,9.467033728545278
NRHO 9:2,1.0,30.743055555555557,srp_am0.01,base,1.0,0.0,0.0,0.0,0.003,0.0,3182.653916462368,3182.6539304312423,41.625259634411954,1.6071168822247175,1.6029779142822376,1.5473379225140642,2.0830941334316964,2.0802490532224702,2.0659576583412624,9.308454574579118,9.318994041752903,9.467033728545278
NRHO 9:2,1.0,30.743055555555557,srp_am0.02,base,1.0,0.0,0.0,0.0,0.006,0.0,3182.653916462368,3182.653972337866,41.62526042986489,1.6071122580425712,1.6029859556442103,1.5473379225140642,2.0830864726992875,2.0802437488531402,2.0659576583412624,9.308237772848159,9.318769488683253,9.467033728545278
NRHO 9:2,1.0,30.743055555555557,srp_am0.05,base,1.0,0.0,0.0,0.0,0.015,0.0,3182.653916462368,3182.654265684212,41.62526429967868,1.6070854501530731,1.6030016564228167,1.5473379225140642,2.0830682066782327,2.080231247961865,2.0659576583412624,9.307577707139439,9.318082803915004,9.467033728545278
NRHO 9:2,1.0,30.743055555555557,nosrp_am0.01,base,1.0,0.0,0.0,0.0,0.0,0.01,3182.653916462368,3182.653916462368,47.11031097535597,1.557901415603283,1.5318058016789609,1.5473379225140642,2.030138009606359,2.011424966230812,2.0659576583412624,9.293156050659048,9.312450775058549,9.467033728545278
NRHO 9:2,1.0,30.743055555555557,nosrp_am0.05,base,1.0,0.0,0.0,0.0,0.0,0.05,3182.653916462368,3182.653916462368,47.111260785565165,1.5579090771718112,1.5322718626521672,1.5473379225140642,2.0300967137336814,2.011664585998839,2.0659576583412624,9.292814706210004,9.311471613468434,9.467033728545278
NRHO 9:2,1.0,30.743055555555557,nominal,base,1.0,0.1,0.0,0.001,0.003,0.0,3182.653916462368,3182.6545881210504,41.63006240915877,1.60742787863826,1.6026158749577055,1.5473379225140642,2.084217880376675,2.0812095258108596,2.0659576583412624,9.310366057914589,9.320956159167343,9.467033728545278
NRHO 9:2,1.0,30.743055555555557,conservative,base,1.0,0.5,0.1,0.01,0.015,0.0,3182.653916462368,3182.671370456314,41.730842625157365,1.6108562741142671,1.5986845908189746,1.5473379225140642,2.0963823797524843,2.0915627921216116,2.0659576583412624,9.337678798239695,9.349584905751545,9.467033728545278
NRHO 9:2,1.0,30.743055555555557,nominal_0.3,base_0.3,0.3,0.1,0.0,0.001,0.003,0.0,955.1595103468803,955.1617516055176,12.62718640683217,1.9967159459599855,1.997207552580861,1.9831994929920587,15.046148096082048,8.621945307439123,14.947148049726165,22.30539700042866,22.332173295016858,22.102757755627486
NRHO 9:2,1.0,30.743055555555557,conservative_0.3,base_0.3,0.3,0.5,0.1,0.01,0.015,0.0,955.1595103468803,955.2177511814705,12.805926520104084,1.9972691900516288,1.9992550801071478,1.9831994929920587,15.064989783045702,15.0574277237286,14.947148049726165,22.31797900619044,22.343217628308192,22.102757755627486
NRHO 9:2,3.0,30.743055555555557,base,base,1.0,0.0,0.0,0.0,0.0,0.0,4.456340923975441,4.456340923975441,0.8307539290646225,inf,inf,inf,inf,inf,inf,inf,inf,inf
NRHO 9:2,3.0,30.743055555555557,base_0.3,base_0.3,0.3,0.0,0.0,0.0,0.0,0.0,1.336902277996904,1.336902277996904,0.24921335495366206,inf,inf,inf,inf,inf,inf,inf,inf,inf
NRHO 9:2,3.0,30.743055555555557,bias0.05,base,1.0,0.05,0.0,0.0,0.0,0.0,4.456340923975441,4.484035044844544,0.8407541349774345,inf,inf,inf,inf,inf,inf,inf,inf,inf
NRHO 9:2,3.0,30.743055555555557,bias0.1,base,1.0,0.1,0.0,0.0,0.0,0.0,4.456340923975441,4.566111573337496,0.87640861832539,inf,inf,inf,inf,inf,inf,inf,inf,inf
NRHO 9:2,3.0,30.743055555555557,bias0.2,base,1.0,0.2,0.0,0.0,0.0,0.0,4.456340923975441,4.880656454665809,1.0045571772267847,inf,inf,inf,inf,inf,inf,inf,inf,inf
NRHO 9:2,3.0,30.743055555555557,bias0.5,base,1.0,0.5,0.0,0.0,0.0,0.0,4.456340923975441,6.680209953682131,1.710445591603307,inf,inf,inf,inf,inf,inf,inf,inf,inf
NRHO 9:2,3.0,30.743055555555557,common0.1,base,1.0,0.0,0.1,0.0,0.0,0.0,4.456340923975441,4.461437224014032,0.8623280433769518,inf,inf,inf,inf,inf,inf,inf,inf,inf
NRHO 9:2,3.0,30.743055555555557,common0.5,base,1.0,0.0,0.5,0.0,0.0,0.0,4.456340923975441,4.588988760023413,1.6933240171920998,inf,inf,inf,inf,inf,inf,inf,inf,inf
NRHO 9:2,3.0,30.743055555555557,clock10ms,base,1.0,0.0,0.0,0.01,0.0,0.0,4.456340923975441,4.456350461777104,0.8307546663140536,inf,inf,inf,inf,inf,inf,inf,inf,inf
NRHO 9:2,3.0,30.743055555555557,srp_am0.005,base,1.0,0.0,0.0,0.0,0.0015,0.0,4.456340923975441,4.464984866624492,0.8427218577057642,inf,inf,inf,inf,inf,inf,inf,inf,inf
NRHO 9:2,3.0,30.743055555555557,srp_am0.01,base,1.0,0.0,0.0,0.0,0.003,0.0,4.456340923975441,4.4908200921044275,0.844887268859544,inf,inf,inf,inf,inf,inf,inf,inf,inf
NRHO 9:2,3.0,30.743055555555557,srp_am0.02,base,1.0,0.0,0.0,0.0,0.006,0.0,4.456340923975441,4.592752433569862,0.8457946959378069,inf,inf,inf,inf,inf,inf,inf,inf,inf
NRHO 9:2,3.0,30.743055555555557,srp_am0.05,base,1.0,0.0,0.0,0.0,0.015,0.0,4.456340923975441,5.252425162077736,0.8484370382809865,inf,inf,inf,inf,inf,inf,inf,inf,inf
NRHO 9:2,3.0,30.743055555555557,nosrp_am0.01,base,1.0,0.0,0.0,0.0,0.0,0.01,4.456340923975441,4.456340923975441,0.909242606360439,inf,inf,inf,inf,inf,inf,inf,inf,inf
NRHO 9:2,3.0,30.743055555555557,nosrp_am0.05,base,1.0,0.0,0.0,0.0,0.0,0.05,4.456340923975441,4.456340923975441,0.9092581403104114,inf,inf,inf,inf,inf,inf,inf,inf,inf
NRHO 9:2,3.0,30.743055555555557,nominal,base,1.0,0.1,0.0,0.001,0.003,0.0,4.456340923975441,4.599766681254882,0.8973705393209928,inf,inf,inf,inf,inf,inf,inf,inf,inf
NRHO 9:2,3.0,30.743055555555557,conservative,base,1.0,0.5,0.1,0.01,0.015,0.0,4.456340923975441,7.237980718987971,1.8790615656124576,inf,inf,inf,inf,inf,inf,inf,inf,inf
NRHO 9:2,3.0,30.743055555555557,nominal_0.3,base_0.3,0.3,0.1,0.0,0.001,0.003,0.0,1.336902277996904,1.7568367734753954,0.4135567751539997,inf,inf,inf,inf,inf,inf,inf,inf,inf
NRHO 9:2,3.0,30.743055555555557,conservative_0.3,base_0.3,0.3,0.5,0.1,0.01,0.015,0.0,1.336902277996904,5.858652505569026,1.7140985125924022,inf,inf,inf,inf,inf,inf,inf,inf,inf
NRHO 9:2,7.0,30.743055555555557,base,base,1.0,0.0,0.0,0.0,0.0,0.0,0.9429691370795432,0.9429691370795432,0.5277606192936474,inf,inf,inf,inf,inf,inf,inf,inf,inf
NRHO 9:2,7.0,30.743055555555557,base_0.3,base_0.3,0.3,0.0,0.0,0.0,0.0,0.0,0.28289074112540813,0.28289074112540813,0.15828138685111978,inf,inf,inf,inf,inf,inf,inf,inf,inf
NRHO 9:2,7.0,30.743055555555557,bias0.05,base,1.0,0.05,0.0,0.0,0.0,0.0,0.9429691370795432,0.9610757224749594,0.5514717461201555,inf,inf,inf,inf,inf,inf,inf,inf,inf
NRHO 9:2,7.0,30.743055555555557,bias0.1,base,1.0,0.1,0.0,0.0,0.0,0.0,0.9429691370795432,1.0137180698554633,0.5964492371998834,inf,inf,inf,inf,inf,inf,inf,inf,inf
NRHO 9:2,7.0,30.743055555555557,bias0.2,base,1.0,0.2,0.0,0.0,0.0,0.0,0.9429691370795432,1.2036072828235949,0.7685811523187013,inf,inf,inf,inf,inf,inf,inf,inf,inf
NRHO 9:2,7.0,30.743055555555557,bias0.5,base,1.0,0.5,0.0,0.0,0.0,0.0,0.9429691370795432,2.1096224200557816,1.5592654596837165,inf,inf,inf,inf,inf,inf,inf,inf,inf
NRHO 9:2,7.0,30.743055555555557,common0.1,base,1.0,0.0,0.1,0.0,0.0,0.0,0.9429691370795432,1.0661897371063178,0.7253133966733388,inf,inf,inf,inf,inf,inf,inf,inf,inf
NRHO 9:2,7.0,30.743055555555557,common0.5,base,1.0,0.0,0.5,0.0,0.0,0.0,0.9429691370795432,2.9675087974557632,2.544723849401087,inf,inf,inf,inf,inf,inf,inf,inf,inf
NRHO 9:2,7.0,30.743055555555557,clock10ms,base,1.0,0.0,0.0,0.01,0.0,0.0,0.9429691370795432,0.9430125067065179,0.5277873826550908,inf,inf,inf,inf,inf,inf,inf,inf,inf
NRHO 9:2,7.0,30.743055555555557,srp_am0.005,base,1.0,0.0,0.0,0.0,0.0015,0.0,0.9429691370795432,1.342870842204546,0.5813338798016736,inf,inf,inf,inf,inf,inf,inf,inf,inf
NRHO 9:2,7.0,30.743055555555557,srp_am0.01,base,1.0,0.0,0.0,0.0,0.003,0.0,0.9429691370795432,2.1707448085456056,0.7502309119402198,inf,inf,inf,inf,inf,inf,inf,inf,inf
NRHO 9:2,7.0,30.743055555555557,srp_am0.02,base,1.0,0.0,0.0,0.0,0.006,0.0,0.9429691370795432,4.0584080707396035,1.21354179114574,inf,inf,inf,inf,inf,inf,inf,inf,inf
NRHO 9:2,7.0,30.743055555555557,srp_am0.05,base,1.0,0.0,0.0,0.0,0.015,0.0,0.9429691370795432,9.943542286743153,3.0562518976590702,inf,inf,inf,inf,inf,inf,inf,inf,inf
NRHO 9:2,7.0,30.743055555555557,nosrp_am0.01,base,1.0,0.0,0.0,0.0,0.0,0.01,0.9429691370795432,0.9429691370795432,0.5494173746955693,inf,inf,inf,inf,inf,inf,inf,inf,inf
NRHO 9:2,7.0,30.743055555555557,nosrp_am0.05,base,1.0,0.0,0.0,0.0,0.0,0.05,0.9429691370795432,0.9429691370795432,0.5494434189623877,inf,inf,inf,inf,inf,inf,inf,inf,inf
NRHO 9:2,7.0,30.743055555555557,nominal,base,1.0,0.1,0.0,0.001,0.003,0.0,0.9429691370795432,2.20050560017309,0.8189662422272895,inf,inf,inf,inf,inf,inf,inf,inf,inf
NRHO 9:2,7.0,30.743055555555557,conservative,base,1.0,0.5,0.1,0.01,0.015,0.0,0.9429691370795432,10.112368392467038,3.1583297439539604,inf,inf,inf,inf,inf,inf,inf,inf,inf
NRHO 9:2,7.0,30.743055555555557,nominal_0.3,base_0.3,0.3,0.1,0.0,0.001,0.003,0.0,0.28289074112540813,2.029735536194651,0.6297308396743323,inf,inf,inf,inf,inf,inf,inf,inf,inf
NRHO 9:2,7.0,30.743055555555557,conservative_0.3,base_0.3,0.3,0.5,0.1,0.01,0.015,0.0,0.28289074112540813,10.07743720361233,3.133187435727858,inf,inf,inf,inf,inf,inf,inf,inf,inf
NRHO 9:2,3.0,59.770833333333336,base,base,1.0,0.0,0.0,0.0,0.0,0.0,8.984321847859936,8.984321847859936,0.8622098858279524,inf,inf,inf,inf,inf,inf,inf,inf,inf
NRHO 9:2,3.0,59.770833333333336,base_0.3,base_0.3,0.3,0.0,0.0,0.0,0.0,0.0,2.6952965630869614,2.6952965630869614,0.2586766341680416,inf,inf,inf,inf,inf,inf,inf,inf,inf
NRHO 9:2,3.0,59.770833333333336,bias0.05,base,1.0,0.05,0.0,0.0,0.0,0.0,8.984321847859936,9.06463162881513,0.8715105101186303,inf,inf,inf,inf,inf,inf,inf,inf,inf
NRHO 9:2,3.0,59.770833333333336,bias0.1,base,1.0,0.1,0.0,0.0,0.0,0.0,8.984321847859936,9.301414048568322,0.9137587503707455,inf,inf,inf,inf,inf,inf,inf,inf,inf
NRHO 9:2,3.0,59.770833333333336,bias0.2,base,1.0,0.2,0.0,0.0,0.0,0.0,8.984321847859936,10.193824592707875,1.0310878809468755,inf,inf,inf,inf,inf,inf,inf,inf,inf
NRHO 9:2,3.0,59.770833333333336,bias0.5,base,1.0,0.5,0.0,0.0,0.0,0.0,8.984321847859936,15.024742142777784,1.6560261826201954,inf,inf,inf,inf,inf,inf,inf,inf,inf
NRHO 9:2,3.0,59.770833333333336,common0.1,base,1.0,0.0,0.1,0.0,0.0,0.0,8.984321847859936,9.110768211839202,0.9061783962419959,inf,inf,inf,inf,inf,inf,inf,inf,inf
NRHO 9:2,3.0,59.770833333333336,common0.5,base,1.0,0.0,0.5,0.0,0.0,0.0,8.984321847859936,11.748715272985706,1.5724823595012505,inf,inf,inf,inf,inf,inf,inf,inf,inf
NRHO 9:2,3.0,59.770833333333336,clock10ms,base,1.0,0.0,0.0,0.01,0.0,0.0,8.984321847859936,8.984689540431562,0.8622211598691651,inf,inf,inf,inf,inf,inf,inf,inf,inf
NRHO 9:2,3.0,59.770833333333336,srp_am0.005,base,1.0,0.0,0.0,0.0,0.0015,0.0,8.984321847859936,8.988810541147245,0.8744636267971506,inf,inf,inf,inf,inf,inf,inf,inf,inf
NRHO 9:2,3.0,59.770833333333336,srp_am0.01,base,1.0,0.0,0.0,0.0,0.003,0.0,8.984321847859936,9.002263580464918,0.8751757087101715,inf,inf,inf,inf,inf,inf,inf,inf,inf
NRHO 9:2,3.0,59.770833333333336,srp_am0.02,base,1.0,0.0,0.0,0.0,0.006,0.0,8.984321847859936,9.055881586600522,0.877814441592905,inf,inf,inf,inf,inf,inf,inf,inf,inf
NRHO 9:2,3.0,59.770833333333336,srp_am0.05,base,1.0,0.0,0.0,0.0,0.015,0.0,8.984321847859936,9.422892000977722,0.8890079381479274,inf,inf,inf,inf,inf,inf,inf,inf,inf
NRHO 9:2,3.0,59.770833333333336,nosrp_am0.01,base,1.0,0.0,0.0,0.0,0.0,0.01,8.984321847859936,8.984321847859936,0.9189576345144295,inf,inf,inf,inf,inf,inf,inf,inf,inf
NRHO 9:2,3.0,59.770833333333336,nosrp_am0.05,base,1.0,0.0,0.0,0.0,0.0,0.05,8.984321847859936,8.984321847859936,0.918978098739265,inf,inf,inf,inf,inf,inf,inf,inf,inf
NRHO 9:2,3.0,59.770833333333336,nominal,base,1.0,0.1,0.0,0.001,0.003,0.0,8.984321847859936,9.31874311764307,0.9116500932974592,inf,inf,inf,inf,inf,inf,inf,inf,inf
NRHO 9:2,3.0,59.770833333333336,conservative,base,1.0,0.5,0.1,0.01,0.015,0.0,8.984321847859936,15.364986540821448,1.580787378091268,inf,inf,inf,inf,inf,inf,inf,inf,inf
NRHO 9:2,3.0,59.770833333333336,nominal_0.3,base_0.3,0.3,0.1,0.0,0.001,0.003,0.0,2.6952965630869614,3.65879339904052,0.3673949126235443,inf,inf,inf,inf,inf,inf,inf,inf,inf
NRHO 9:2,3.0,59.770833333333336,conservative_0.3,base_0.3,0.3,0.5,0.1,0.01,0.015,0.0,2.6952965630869614,12.753583973025059,1.4135988531078476,inf,inf,inf,inf,inf,inf,inf,inf,inf
NRHO 9:2,7.0,59.770833333333336,base,base,1.0,0.0,0.0,0.0,0.0,0.0,0.9314000065209044,0.9314000065208949,0.6465229990605845,inf,inf,inf,inf,inf,inf,inf,inf,inf
NRHO 9:2,7.0,59.770833333333336,base_0.3,base_0.3,0.3,0.0,0.0,0.0,0.0,0.0,0.2794200019670585,0.2794200019670585,0.1939445076489599,inf,inf,inf,inf,inf,inf,inf,inf,inf
NRHO 9:2,7.0,59.770833333333336,bias0.05,base,1.0,0.05,0.0,0.0,0.0,0.0,0.9314000065209044,0.9456214157534513,0.6512401944578953,inf,inf,inf,inf,inf,inf,inf,inf,inf
NRHO 9:2,7.0,59.770833333333336,bias0.1,base,1.0,0.1,0.0,0.0,0.0,0.0,0.9314000065209044,0.9872085423152491,0.6647697277253088,inf,inf,inf,inf,inf,inf,inf,inf,inf
NRHO 9:2,7.0,59.770833333333336,bias0.2,base,1.0,0.2,0.0,0.0,0.0,0.0,0.9314000065209044,1.1397743797965756,0.7130694123614337,inf,inf,inf,inf,inf,inf,inf,inf,inf
NRHO 9:2,7.0,59.770833333333336,bias0.5,base,1.0,0.5,0.0,0.0,0.0,0.0,0.9314000065209044,1.8982025367486355,0.9860245320867411,inf,inf,inf,inf,inf,inf,inf,inf,inf
NRHO 9:2,7.0,59.770833333333336,common0.1,base,1.0,0.0,0.1,0.0,0.0,0.0,0.9314000065209044,1.1026086871050214,0.6393767594396336,inf,inf,inf,inf,inf,inf,inf,inf,inf
NRHO 9:2,7.0,59.770833333333336,common0.5,base,1.0,0.0,0.5,0.0,0.0,0.0,0.9314000065209044,3.152253233299711,0.6915610021045752,inf,inf,inf,inf,inf,inf,inf,inf,inf
NRHO 9:2,7.0,59.770833333333336,clock10ms,base,1.0,0.0,0.0,0.01,0.0,0.0,0.9314000065209044,0.9314432225410343,0.6465374676729158,inf,inf,inf,inf,inf,inf,inf,inf,inf
NRHO 9:2,7.0,59.770833333333336,srp_am0.005,base,1.0,0.0,0.0,0.0,0.0015,0.0,0.9314000065209044,1.147357873811275,0.5976012052690934,inf,inf,inf,inf,inf,inf,inf,inf,inf
NRHO 9:2,7.0,59.770833333333336,srp_am0.01,base,1.0,0.0,0.0,0.0,0.003,0.0,0.9314000065209044,1.6620360730655326,0.6534261648635286,inf,inf,inf,inf,inf,inf,inf,inf,inf
NRHO 9:2,7.0,59.770833333333336,srp_am0.02,base,1.0,0.0,0.0,0.0,0.006,0.0,0.9314000065209044,2.94421047677766,0.7854903013601934,inf,inf,inf,inf,inf,inf,inf,inf,inf
NRHO 9:2,7.0,59.770833333333336,srp_am0.05,base,1.0,0.0,0.0,0.0,0.015,0.0,0.9314000065209044,7.080322146159809,1.3211825303567026,inf,inf,inf,inf,inf,inf,inf,inf,inf
NRHO 9:2,7.0,59.770833333333336,nosrp_am0.01,base,1.0,0.0,0.0,0.0,0.0,0.01,0.9314000065209044,0.9314000065208949,0.6174606501682002,inf,inf,inf,inf,inf,inf,inf,inf,inf
NRHO 9:2,7.0,59.770833333333336,nosrp_am0.05,base,1.0,0.0,0.0,0.0,0.0,0.05,0.9314000065209044,0.9314000065208949,0.6174299771753423,inf,inf,inf,inf,inf,inf,inf,inf,inf
NRHO 9:2,7.0,59.770833333333336,nominal,base,1.0,0.1,0.0,0.001,0.003,0.0,0.9314000065209044,1.6938546025014876,0.6720808327283784,inf,inf,inf,inf,inf,inf,inf,inf,inf
NRHO 9:2,7.0,59.770833333333336,conservative,base,1.0,0.5,0.1,0.01,0.015,0.0,0.9314000065209044,7.285194122972893,1.4887970266307824,inf,inf,inf,inf,inf,inf,inf,inf,inf
NRHO 9:2,7.0,59.770833333333336,nominal_0.3,base_0.3,0.3,0.1,0.0,0.001,0.003,0.0,0.2794200019670585,1.4653584763701182,0.3210568679668203,inf,inf,inf,inf,inf,inf,inf,inf,inf
NRHO 9:2,7.0,59.770833333333336,conservative_0.3,base_0.3,0.3,0.5,0.1,0.01,0.015,0.0,0.2794200019670585,7.237002445113882,1.355823853476985,inf,inf,inf,inf,inf,inf,inf,inf,inf
NRHO 9:2,3.0,90.78472222222223,base,base,1.0,0.0,0.0,0.0,0.0,0.0,10.127512553175146,10.127512553175148,2.6244604781251946,inf,inf,inf,inf,inf,inf,inf,inf,inf
NRHO 9:2,3.0,90.78472222222223,base_0.3,base_0.3,0.3,0.0,0.0,0.0,0.0,0.0,3.0382537767406883,3.0382537767406887,0.7873526973771093,inf,inf,inf,inf,inf,inf,inf,inf,inf
NRHO 9:2,3.0,90.78472222222223,bias0.05,base,1.0,0.05,0.0,0.0,0.0,0.0,10.127512553175146,10.127940806760831,2.6313390650110575,inf,inf,inf,inf,inf,inf,inf,inf,inf
NRHO 9:2,3.0,90.78472222222223,bias0.1,base,1.0,0.1,0.0,0.0,0.0,0.0,10.127512553175146,10.129225727375262,2.6517362795873662,inf,inf,inf,inf,inf,inf,inf,inf,inf
NRHO 9:2,3.0,90.78472222222223,bias0.2,base,1.0,0.2,0.0,0.0,0.0,0.0,10.127512553175146,10.134367810073792,2.7299909124391495,inf,inf,inf,inf,inf,inf,inf,inf,inf
NRHO 9:2,3.0,90.78472222222223,bias0.5,base,1.0,0.5,0.0,0.0,0.0,0.0,10.127512553175146,10.170470575328286,3.180821377167271,inf,inf,inf,inf,inf,inf,inf,inf,inf
NRHO 9:2,3.0,90.78472222222223,common0.1,base,1.0,0.0,0.1,0.0,0.0,0.0,10.127512553175146,10.130627196289517,2.6472874906963497,inf,inf,inf,inf,inf,inf,inf,inf,inf
NRHO 9:2,3.0,90.78472222222223,common0.5,base,1.0,0.0,0.5,0.0,0.0,0.0,10.127512553175146,10.206004184642161,3.070067428047659,inf,inf,inf,inf,inf,inf,inf,inf,inf
NRHO 9:2,3.0,90.78472222222223,clock10ms,base,1.0,0.0,0.0,0.01,0.0,0.0,10.127512553175146,10.127515273379295,2.6244873671640407,inf,inf,inf,inf,inf,inf,inf,inf,inf
NRHO 9:2,3.0,90.78472222222223,srp_am0.005,base,1.0,0.0,0.0,0.0,0.0015,0.0,10.127512553175146,10.128636184723337,2.4280531716174263,inf,inf,inf,inf,inf,inf,inf,inf,inf
NRHO 9:2,3.0,90.78472222222223,srp_am0.01,base,1.0,0.0,0.0,0.0,0.003,0.0,10.127512553175146,10.132006363829712,2.4280333476678564,inf,inf,inf,inf,inf,inf,inf,inf,inf
NRHO 9:2,3.0,90.78472222222223,srp_am0.02,base,1.0,0.0,0.0,0.0,0.006,0.0,10.127512553175146,10.145476364490799,2.427948070677142,inf,inf,inf,inf,inf,inf,inf,inf,inf
NRHO 9:2,3.0,90.78472222222223,srp_am0.05,base,1.0,0.0,0.0,0.0,0.015,0.0,10.127512553175146,10.239291044642203,2.4273656727244357,inf,inf,inf,inf,inf,inf,inf,inf,inf
NRHO 9:2,3.0,90.78472222222223,nosrp_am0.01,base,1.0,0.0,0.0,0.0,0.0,0.01,10.127512553175146,10.127512553175148,2.1887020849280536,inf,inf,inf,inf,inf,inf,inf,inf,inf
NRHO 9:2,3.0,90.78472222222223,nosrp_am0.05,base,1.0,0.0,0.0,0.0,0.0,0.05,10.127512553175146,10.127512553175148,2.1887301199243074,inf,inf,inf,inf,inf,inf,inf,inf,inf
NRHO 9:2,3.0,90.78472222222223,nominal,base,1.0,0.1,0.0,0.001,0.003,0.0,10.127512553175146,10.133718985580444,2.448094839848851,inf,inf,inf,inf,inf,inf,inf,inf,inf
NRHO 9:2,3.0,90.78472222222223,conservative,base,1.0,0.5,0.1,0.01,0.015,0.0,10.127512553175146,10.285002899471957,3.2295816372124495,inf,inf,inf,inf,inf,inf,inf,inf,inf
NRHO 9:2,3.0,90.78472222222223,nominal_0.3,base_0.3,0.3,0.1,0.0,0.001,0.003,0.0,3.0382537767406883,3.058897539473572,0.8545165652945101,inf,inf,inf,inf,inf,inf,inf,inf,inf
NRHO 9:2,3.0,90.78472222222223,conservative_0.3,base_0.3,0.3,0.5,0.1,0.01,0.015,0.0,3.0382537767406883,3.537781336815146,2.0241533365259827,inf,inf,inf,inf,inf,inf,inf,inf,inf
NRHO 9:2,7.0,90.78472222222223,base,base,1.0,0.0,0.0,0.0,0.0,0.0,1.5383083176635277,1.538308317663528,1.3208897620894964,inf,inf,inf,inf,inf,inf,inf,inf,inf
NRHO 9:2,7.0,90.78472222222223,base_0.3,base_0.3,0.3,0.0,0.0,0.0,0.0,0.0,0.4614924953261449,0.4614924953261449,0.3962566266377683,inf,inf,inf,inf,inf,inf,inf,inf,inf
NRHO 9:2,7.0,90.78472222222223,bias0.05,base,1.0,0.05,0.0,0.0,0.0,0.0,1.5383083176635277,1.5617315672645435,1.3538948123906254,inf,inf,inf,inf,inf,inf,inf,inf,inf
NRHO 9:2,7.0,90.78472222222223,bias0.1,base,1.0,0.1,0.0,0.0,0.0,0.0,1.5383083176635277,1.630313366591492,1.4436312818772814,inf,inf,inf,inf,inf,inf,inf,inf,inf
NRHO 9:2,7.0,90.78472222222223,bias0.2,base,1.0,0.2,0.0,0.0,0.0,0.0,1.5383083176635277,1.8827922320592319,1.7304054578781325,inf,inf,inf,inf,inf,inf,inf,inf,inf
NRHO 9:2,7.0,90.78472222222223,bias0.5,base,1.0,0.5,0.0,0.0,0.0,0.0,1.5383083176635277,3.1451709163509647,2.8627929148494378,inf,inf,inf,inf,inf,inf,inf,inf,inf
NRHO 9:2,7.0,90.78472222222223,common0.1,base,1.0,0.0,0.1,0.0,0.0,0.0,1.5383083176635277,1.6169889905250692,1.5033955922256532,inf,inf,inf,inf,inf,inf,inf,inf,inf
NRHO 9:2,7.0,90.78472222222223,common0.5,base,1.0,0.0,0.5,0.0,0.0,0.0,1.5383083176635277,3.074789485084393,3.4109707344790707,inf,inf,inf,inf,inf,inf,inf,inf,inf
NRHO 9:2,7.0,90.78472222222223,clock10ms,base,1.0,0.0,0.0,0.01,0.0,0.0,1.5383083176635277,1.5383413340567136,1.3209147249602105,inf,inf,inf,inf,inf,inf,inf,inf,inf
NRHO 9:2,7.0,90.78472222222223,srp_am0.005,base,1.0,0.0,0.0,0.0,0.0015,0.0,1.5383083176635277,1.7373443155293466,1.3051754064941534,inf,inf,inf,inf,inf,inf,inf,inf,inf
NRHO 9:2,7.0,90.78472222222223,srp_am0.01,base,1.0,0.0,0.0,0.0,0.003,0.0,1.5383083176635277,2.2606605177447716,1.471850774668366,inf,inf,inf,inf,inf,inf,inf,inf,inf
NRHO 9:2,7.0,90.78472222222223,srp_am0.02,base,1.0,0.0,0.0,0.0,0.006,0.0,1.5383083176635277,3.7172381042588234,2.024250202298717,inf,inf,inf,inf,inf,inf,inf,inf,inf
NRHO 9:2,7.0,90.78472222222223,srp_am0.05,base,1.0,0.0,0.0,0.0,0.015,0.0,1.5383083176635277,8.67861730853846,4.544166697406252,inf,inf,inf,inf,inf,inf,inf,inf,inf
NRHO 9:2,7.0,90.78472222222223,nosrp_am0.01,base,1.0,0.0,0.0,0.0,0.0,0.01,1.5383083176635277,1.538308317663528,1.1764232220047417,inf,inf,inf,inf,inf,inf,inf,inf,inf
NRHO 9:2,7.0,90.78472222222223,nosrp_am0.05,base,1.0,0.0,0.0,0.0,0.0,0.05,1.5383083176635277,1.538308317663528,1.1765034835371972,inf,inf,inf,inf,inf,inf,inf,inf,inf
NRHO 9:2,7.0,90.78472222222223,nominal,base,1.0,0.1,0.0,0.001,0.003,0.0,1.5383083176635277,2.3270929551956505,1.549180397429081,inf,inf,inf,inf,inf,inf,inf,inf,inf
NRHO 9:2,7.0,90.78472222222223,conservative,base,1.0,0.5,0.1,0.01,0.015,0.0,1.5383083176635277,9.11208032383889,5.291025233069897,inf,inf,inf,inf,inf,inf,inf,inf,inf
NRHO 9:2,7.0,90.78472222222223,nominal_0.3,base_0.3,0.3,0.1,0.0,0.001,0.003,0.0,0.4614924953261449,1.8487906908769243,1.0739384371344796,inf,inf,inf,inf,inf,inf,inf,inf,inf
NRHO 9:2,7.0,90.78472222222223,conservative_0.3,base_0.3,0.3,0.5,0.1,0.01,0.015,0.0,0.4614924953261449,9.007681249298344,5.204672568321245,inf,inf,inf,inf,inf,inf,inf,inf,inf
NRHO 9:2,1.0,119.79861111111111,base,base,1.0,0.0,0.0,0.0,0.0,0.0,1501.1723068749038,1501.1723068749038,21.68005281700138,2.265614353601956,2.2657641907202613,2.3773077546431245,3.7675079460910106,3.7736286267458747,3.8787395195195837,5.433343066857913,5.424518906670371,12.549988433609611
NRHO 9:2,1.0,119.79861111111111,base_0.3,base_0.3,0.3,0.0,0.0,0.0,0.0,0.0,450.3849021914644,450.3849021914643,6.469054384619348,3.803461969826146,3.811710334541541,3.9321635669750274,4.711940699389873,4.70929921623454,4.764918226014833,18.282096179229782,18.303003806176605,18.932867270184868
NRHO 9:2,1.0,119.79861111111111,bias0.05,base,1.0,0.05,0.0,0.0,0.0,0.0,1501.1723068749038,1501.172332545466,21.682759019457283,2.265631316832959,2.2664163412246507,2.3773077546431245,3.7680790930591246,3.7737657941240497,3.8787395195195837,5.4334193141043965,5.424592743776881,12.549988433609611
NRHO 9:2,1.0,119.79861111111111,bias0.1,base,1.0,0.1,0.0,0.0,0.0,0.0,1501.1723068749038,1501.172409557151,21.69084176972591,2.2656819959260828,2.268340409675463,2.3773077546431245,3.769764286430616,3.774166735302918,3.8787395195195837,5.433646661206349,5.424813292704973,12.549988433609611
NRHO 9:2,1.0,119.79861111111111,bias0.2,base,1.0,0.2,0.0,0.0,0.0,0.0,1501.1723068749038,1501.1727176038708,21.722656288557168,2.266579229568738,2.275586522220934,2.3773077546431245,3.776112468688672,3.7756284983451156,3.8787395195195837,5.434534556013281,5.4256794682808325,12.549988433609611
NRHO 9:2,1.0,119.79861111111111,bias0.5,base,1.0,0.5,0.0,0.0,0.0,0.0,1501.1723068749038,1501.1748739299767,21.9266003672256,2.3004263974839474,2.29715284093043,2.3773077546431245,3.788512995423712,3.7769955259874015,3.8787395195195837,5.440887327986672,5.435717337364372,12.549988433609611
NRHO 9:2,1.0,119.79861111111111,common0.1,base,1.0,0.0,0.1,0.0,0.0,0.0,1501.1723068749038,1501.172409557151,21.69084176972591,2.2656819959260828,2.268340409675608,2.3773077546431245,3.7697642864304126,3.7741667353028197,3.8787395195195837,5.433646661206372,5.424813292705,12.549988433609611
NRHO 9:2,1.0,119.79861111111111,common0.5,base,1.0,0.0,0.5,0.0,0.0,0.0,1501.1723068749038,1501.1748739299767,21.9266003672256,2.3004263974839616,2.2971528409313273,2.3773077546431245,3.7885129954235324,3.7769955259871177,3.8787395195195837,5.440887327986939,5.435717337364651,12.549988433609611
NRHO 9:2,1.0,119.79861111111111,clock10ms,base,1.0,0.0,0.0,0.01,0.0,0.0,1501.1723068749038,1501.1723095182736,21.68006242159018,2.265614570557423,2.2657671454588852,2.3773077546431245,3.7675105358452416,3.773629190264458,3.8787395195195837,5.43334334824631,5.424519171020558,12.549988433609611
NRHO 9:2,1.0,119.79861111111111,srp_am0.005,base,1.0,0.0,0.0,0.0,0.0015,0.0,1501.1723068749038,1501.172312487807,18.084143641973874,2.536689203576753,2.566451422595857,2.3773077546431245,4.070376252404599,4.071369963859675,3.8787395195195837,17.38278066315498,17.34197839096425,12.549988433609611
NRHO 9:2,1.0,119.79861111111111,srp_am0.01,base,1.0,0.0,0.0,0.0,0.003,0.0,1501.1723068749038,1501.172329326516,18.084143641973874,2.536710071719163,2.566468652639766,2.3773077546431245,4.070373083402613,4.071370512899644,3.8787395195195837,17.382781186015233,17.34197546762503,12.549988433609611
NRHO 9:2,1.0,119.79861111111111,srp_am0.02,base,1.0,0.0,0.0,0.0,0.006,0.0,1501.1723068749038,1501.172396681351,18.08414443057448,2.5367509472810004,2.5665026857404234,2.3773077546431245,4.070366897690182,4.071371449437842,3.8787395195195837,17.382785821438286,17.34197328790281,12.549988433609611
NRHO 9:2,1.0,119.79861111111111,srp_am0.05,base,1.0,0.0,0.0,0.0,0.015,0.0,1501.1723068749038,1501.1728681651111,18.08415044314248,2.5368654574030645,2.5666003267038566,2.3773077546431245,4.0703497281401875,4.071372957440365,3.8787395195195837,17.38282780259323,17.341995652251814,12.549988433609611
NRHO 9:2,1.0,119.79861111111111,nosrp_am0.01,base,1.0,0.0,0.0,0.0,0.0,0.01,1501.1723068749038,1501.1723068749038,18.51909577391644,2.529086666445126,2.492282709687311,2.3773077546431245,4.030712640274284,4.034525161904827,3.8787395195195837,5.525649786446984,5.480682352700645,12.549988433609611
NRHO 9:2,1.0,119.79861111111111,nosrp_am0.05,base,1.0,0.0,0.0,0.0,0.0,0.05,1501.1723068749038,1501.1723068749038,18.51942196395893,2.529098748338788,2.4935345546165935,2.3773077546431245,4.030623788627309,4.035607822627237,3.8787395195195837,5.525644704979327,5.481735515094197,12.549988433609611
NRHO 9:2,1.0,119.79861111111111,nominal,base,1.0,0.1,0.0,0.001,0.003,0.0,1501.1723068749038,1501.1724320351957,18.087803754898225,2.537346771788954,2.566248953938601,2.3773077546431245,4.070842197913551,4.070982716120523,3.8787395195195837,17.382801215106365,17.342018086298427,12.549988433609611
NRHO 9:2,1.0,119.79861111111111,conservative,base,1.0,0.5,0.1,0.01,0.015,0.0,1501.1723068749038,1501.1755405447054,18.181406771488152,2.57500647742452,2.571629899866373,2.3773077546431245,4.070429197547895,4.072688182789361,3.8787395195195837,17.382915822378973,17.34281213854303,12.549988433609611
NRHO 9:2,1.0,119.79861111111111,nominal_0.3,base_0.3,0.3,0.1,0.0,0.001,0.003,0.0,450.3849021914644,450.38531948950316,5.412888081227998,4.115011442975758,4.1282441618577925,3.9321635669750274,4.835845397437487,4.819660171910467,4.764918226014833,19.37550983838129,19.436289963831943,18.932867270184868
NRHO 9:2,1.0,119.79861111111111,conservative_0.3,base_0.3,0.3,0.5,0.1,0.01,0.015,0.0,450.3849021914644,450.3956835165305,5.679421269642149,4.124533090292721,4.111381176090636,3.9321635669750274,4.834517604028957,4.816316969545437,4.764918226014833,19.068510909119247,18.946424634938314,18.932867270184868
NRHO 9:2,3.0,119.79861111111111,base,base,1.0,0.0,0.0,0.0,0.0,0.0,11.303074146424013,11.303074146424013,1.424082181700574,inf,inf,inf,inf,inf,inf,inf,inf,inf
NRHO 9:2,3.0,119.79861111111111,base_0.3,base_0.3,0.3,0.0,0.0,0.0,0.0,0.0,3.3909222485872212,3.3909222485872212,0.4272097718821594,inf,inf,inf,inf,inf,inf,inf,inf,inf
NRHO 9:2,3.0,119.79861111111111,bias0.05,base,1.0,0.05,0.0,0.0,0.0,0.0,11.303074146424013,11.317844738649935,1.4343760199982172,inf,inf,inf,inf,inf,inf,inf,inf,inf
NRHO 9:2,3.0,119.79861111111111,bias0.1,base,1.0,0.1,0.0,0.0,0.0,0.0,11.303074146424013,11.362056205012172,1.4643886194089581,inf,inf,inf,inf,inf,inf,inf,inf,inf
NRHO 9:2,3.0,119.79861111111111,bias0.2,base,1.0,0.2,0.0,0.0,0.0,0.0,11.303074146424013,11.537419499857096,1.5731968606615556,inf,inf,inf,inf,inf,inf,inf,inf,inf
NRHO 9:2,3.0,119.79861111111111,bias0.5,base,1.0,0.5,0.0,0.0,0.0,0.0,11.303074146424013,12.704204404412787,2.0622430565299337,inf,inf,inf,inf,inf,inf,inf,inf,inf
NRHO 9:2,3.0,119.79861111111111,common0.1,base,1.0,0.0,0.1,0.0,0.0,0.0,11.303074146424013,11.365567692062307,1.46504709729878,inf,inf,inf,inf,inf,inf,inf,inf,inf
NRHO 9:2,3.0,119.79861111111111,common0.5,base,1.0,0.0,0.5,0.0,0.0,0.0,11.303074146424013,12.783725213641997,2.0508109744474505,inf,inf,inf,inf,inf,inf,inf,inf,inf
NRHO 9:2,3.0,119.79861111111111,clock10ms,base,1.0,0.0,0.0,0.01,0.0,0.0,11.303074146424013,11.30310718449227,1.4241219894640986,inf,inf,inf,inf,inf,inf,inf,inf,inf
NRHO 9:2,3.0,119.79861111111111,srp_am0.005,base,1.0,0.0,0.0,0.0,0.0015,0.0,11.303074146424013,11.311063220378319,1.4558906349167868,inf,inf,inf,inf,inf,inf,inf,inf,inf
NRHO 9:2,3.0,119.79861111111111,srp_am0.01,base,1.0,0.0,0.0,0.0,0.003,0.0,11.303074146424013,11.334997062360038,1.4558466696187595,inf,inf,inf,inf,inf,inf,inf,inf,inf
NRHO 9:2,3.0,119.79861111111111,srp_am0.02,base,1.0,0.0,0.0,0.0,0.006,0.0,11.303074146424013,11.43023717942211,1.4556538190098351,inf,inf,inf,inf,inf,inf,inf,inf,inf
NRHO 9:2,3.0,119.79861111111111,srp_am0.05,base,1.0,0.0,0.0,0.0,0.015,0.0,11.303074146424013,12.07612349556347,1.4543112648137502,inf,inf,inf,inf,inf,inf,inf,inf,inf
NRHO 9:2,3.0,119.79861111111111,nosrp_am0.01,base,1.0,0.0,0.0,0.0,0.0,0.01,11.303074146424013,11.303074146424013,1.5061922894837687,inf,inf,inf,inf,inf,inf,inf,inf,inf
NRHO 9:2,3.0,119.79861111111111,nosrp_am0.05,base,1.0,0.0,0.0,0.0,0.0,0.05,11.303074146424013,11.303074146424013,1.5062331182543491,inf,inf,inf,inf,inf,inf,inf,inf,inf
NRHO 9:2,3.0,119.79861111111111,nominal,base,1.0,0.1,0.0,0.001,0.003,0.0,11.303074146424013,11.393818011272394,1.485695815035594,inf,inf,inf,inf,inf,inf,inf,inf,inf
NRHO 9:2,3.0,119.79861111111111,conservative,base,1.0,0.5,0.1,0.01,0.015,0.0,11.303074146424013,13.450669678992504,2.1550805675164004,inf,inf,inf,inf,inf,inf,inf,inf,inf
NRHO 9:2,3.0,119.79861111111111,nominal_0.3,base_0.3,0.3,0.1,0.0,0.001,0.003,0.0,3.3909222485872212,3.6827574386987423,0.526289732471673,inf,inf,inf,inf,inf,inf,inf,inf,inf
NRHO 9:2,3.0,119.79861111111111,conservative_0.3,base_0.3,0.3,0.5,0.1,0.01,0.015,0.0,3.3909222485872212,8.071191474468668,1.529370118534602,inf,inf,inf,inf,inf,inf,inf,inf,inf
NRHO 9:2,7.0,119.79861111111111,base,base,1.0,0.0,0.0,0.0,0.0,0.0,1.8065976961123613,1.8065976961123613,0.6901503820252625,inf,inf,inf,inf,inf,inf,inf,inf,inf
NRHO 9:2,7.0,119.79861111111111,base_0.3,base_0.3,0.3,0.0,0.0,0.0,0.0,0.0,0.5419793088715381,0.541979308871538,0.20702999441366268,inf,inf,inf,inf,inf,inf,inf,inf,inf
NRHO 9:2,7.0,119.79861111111111,bias0.05,base,1.0,0.05,0.0,0.0,0.0,0.0,1.8065976961123613,1.8529977298997002,0.6976348315688321,inf,inf,inf,inf,inf,inf,inf,inf,inf
NRHO 9:2,7.0,119.79861111111111,bias0.1,base,1.0,0.1,0.0,0.0,0.0,0.0,1.8065976961123613,1.9858110570536036,0.7193065935716797,inf,inf,inf,inf,inf,inf,inf,inf,inf
NRHO 9:2,7.0,119.79861111111111,bias0.2,base,1.0,0.2,0.0,0.0,0.0,0.0,1.8065976961123613,2.4466807123241052,0.9001599217929098,inf,inf,inf,inf,inf,inf,inf,inf,inf
NRHO 9:2,7.0,119.79861111111111,bias0.5,base,1.0,0.5,0.0,0.0,0.0,0.0,1.8065976961123613,4.506732238656293,1.5831746766089365,inf,inf,inf,inf,inf,inf,inf,inf,inf
NRHO 9:2,7.0,119.79861111111111,common0.1,base,1.0,0.0,0.1,0.0,0.0,0.0,1.8065976961123613,1.9779091392461496,0.6986203841550956,inf,inf,inf,inf,inf,inf,inf,inf,inf
NRHO 9:2,7.0,119.79861111111111,common0.5,base,1.0,0.0,0.5,0.0,0.0,0.0,1.8065976961123613,4.420841235658231,1.3820959637476198,inf,inf,inf,inf,inf,inf,inf,inf,inf
NRHO 9:2,7.0,119.79861111111111,clock10ms,base,1.0,0.0,0.0,0.01,0.0,0.0,1.8065976961123613,1.8066165269742767,0.6901912132970252,inf,inf,inf,inf,inf,inf,inf,inf,inf
NRHO 9:2,7.0,119.79861111111111,srp_am0.005,base,1.0,0.0,0.0,0.0,0.0015,0.0,1.8065976961123613,1.8940565747966642,0.7796065307662678,inf,inf,inf,inf,inf,inf,inf,inf,inf
NRHO 9:2,7.0,119.79861111111111,srp_am0.01,base,1.0,0.0,0.0,0.0,0.003,0.0,1.8065976961123613,2.139428613720871,0.813366914546356,inf,inf,inf,inf,inf,inf,inf,inf,inf
NRHO 9:2,7.0,119.79861111111111,srp_am0.02,base,1.0,0.0,0.0,0.0,0.006,0.0,1.8065976961123613,2.940185275517057,1.0971217722019704,inf,inf,inf,inf,inf,inf,inf,inf,inf
NRHO 9:2,7.0,119.79861111111111,srp_am0.05,base,1.0,0.0,0.0,0.0,0.015,0.0,1.8065976961123613,6.130428096639868,2.521896523884697,inf,inf,inf,inf,inf,inf,inf,inf,inf
NRHO 9:2,7.0,119.79861111111111,nosrp_am0.01,base,1.0,0.0,0.0,0.0,0.0,0.01,1.8065976961123613,1.8065976961123613,0.7764115392448828,inf,inf,inf,inf,inf,inf,inf,inf,inf
NRHO 9:2,7.0,119.79861111111111,nosrp_am0.05,base,1.0,0.0,0.0,0.0,0.0,0.05,1.8065976961123613,1.8065976961123613,0.7763872039719205,inf,inf,inf,inf,inf,inf,inf,inf,inf
NRHO 9:2,7.0,119.79861111111111,nominal,base,1.0,0.1,0.0,0.001,0.003,0.0,1.8065976961123613,2.2922670605543494,0.8578034281210307,inf,inf,inf,inf,inf,inf,inf,inf,inf
NRHO 9:2,7.0,119.79861111111111,conservative,base,1.0,0.5,0.1,0.01,0.015,0.0,1.8065976961123613,7.3904770150678845,2.6820871794510657,inf,inf,inf,inf,inf,inf,inf,inf,inf
NRHO 9:2,7.0,119.79861111111111,nominal_0.3,base_0.3,0.3,0.1,0.0,0.001,0.003,0.0,0.5419793088715381,1.5225269783323805,0.5544673262881281,inf,inf,inf,inf,inf,inf,inf,inf,inf
NRHO 9:2,7.0,119.79861111111111,conservative_0.3,base_0.3,0.3,0.5,0.1,0.01,0.015,0.0,0.5419793088715381,7.193097265461392,2.58108337260248,inf,inf,inf,inf,inf,inf,inf,inf,inf
NRHO 9:2,1.0,149.80555555555554,base,base,1.0,0.0,0.0,0.0,0.0,0.0,68.51939975061295,68.51939975061295,1.6819770700953345,20.044077397518556,20.054674557954336,20.13274711980328,inf,inf,inf,inf,inf,inf
NRHO 9:2,1.0,149.80555555555554,base_0.3,base_0.3,0.3,0.0,0.0,0.0,0.0,0.0,20.555826461515775,20.55582646151577,0.5044348354843479,inf,inf,inf,inf,inf,inf,inf,inf,inf
NRHO 9:2,1.0,149.80555555555554,bias0.05,base,1.0,0.05,0.0,0.0,0.0,0.0,68.51939975061295,68.66259058565585,1.6888684512572707,20.042283065500314,20.05268217094405,20.13274711980328,inf,inf,inf,inf,inf,inf
NRHO 9:2,1.0,149.80555555555554,bias0.1,base,1.0,0.1,0.0,0.0,0.0,0.0,68.51939975061295,69.09038345023454,1.7093647122327729,20.038403835494194,20.046794779131908,20.13274711980328,inf,inf,inf,inf,inf,inf
NRHO 9:2,1.0,149.80555555555554,bias0.2,base,1.0,0.2,0.0,0.0,0.0,0.0,68.51939975061295,70.77571507242219,1.7894429227719872,20.023272765423858,20.02289879611957,20.13274711980328,inf,27.225618209492715,inf,inf,inf,inf
NRHO 9:2,1.0,149.80555555555554,bias0.5,base,1.0,0.5,0.0,0.0,0.0,0.0,68.51939975061295,81.60456046473732,2.2892120136905807,19.900795082858185,19.911130166937397,20.13274711980328,27.07709331857913,26.99035861991751,inf,inf,inf,inf
NRHO 9:2,1.0,149.80555555555554,common0.1,base,1.0,0.0,0.1,0.0,0.0,0.0,68.51939975061295,68.51962108569961,1.694659049482539,20.043804808188863,20.054325084153028,20.13274711980328,inf,inf,inf,inf,inf,inf
NRHO 9:2,1.0,149.80555555555554,common0.5,base,1.0,0.0,0.5,0.0,0.0,0.0,68.51939975061295,68.5249339372701,2.2311839015775523,20.04399555576861,20.047527954245666,20.13274711980328,inf,inf,inf,inf,inf,inf
NRHO 9:2,1.0,149.80555555555554,clock10ms,base,1.0,0.0,0.0,0.01,0.0,0.0,68.51939975061295,68.51966532536404,1.6819773713116632,20.044076822751585,20.05467049445431,20.13274711980328,inf,inf,inf,inf,inf,inf
NRHO 9:2,1.0,149.80555555555554,srp_am0.005,base,1.0,0.0,0.0,0.0,0.0015,0.0,68.51939975061295,68.51939978719948,1.74645731768089,20.057807768531617,20.038645673671123,20.13274711980328,inf,inf,inf,inf,inf,inf
NRHO 9:2,1.0,149.80555555555554,srp_am0.01,base,1.0,0.0,0.0,0.0,0.003,0.0,68.51939975061295,68.51939989695904,1.7464599262187424,20.0600513376258,20.040920115448486,20.13274711980328,inf,inf,inf,inf,inf,inf
NRHO 9:2,1.0,149.80555555555554,srp_am0.02,base,1.0,0.0,0.0,0.0,0.006,0.0,68.51939975061295,68.51940033599733,1.7464599503237135,20.06468510429414,20.04583872378713,20.13274711980328,inf,inf,inf,inf,inf,inf
NRHO 9:2,1.0,149.80555555555554,srp_am0.05,base,1.0,0.0,0.0,0.0,0.015,0.0,68.51939975061295,68.5194034092653,1.7464599262187424,20.07963733590264,20.061582927796156,20.13274711980328,inf,inf,inf,inf,inf,inf
NRHO 9:2,1.0,149.80555555555554,nosrp_am0.01,base,1.0,0.0,0.0,0.0,0.0,0.01,68.51939975061295,68.51939975061295,1.6575849055089273,20.169781152235945,20.142814230380015,20.13274711980328,inf,inf,inf,inf,inf,inf
NRHO 9:2,1.0,149.80555555555554,nosrp_am0.05,base,1.0,0.0,0.0,0.0,0.0,0.05,68.51939975061295,68.51939975061295,1.657590577564626,20.169569362912235,20.139019974884942,20.13274711980328,inf,inf,inf,inf,inf,inf
NRHO 9:2,1.0,149.80555555555554,nominal,base,1.0,0.1,0.0,0.001,0.003,0.0,68.51939975061295,69.09038622919223,1.779409378929324,20.05198336256722,20.03302129087079,20.13274711980328,inf,inf,inf,inf,inf,inf
NRHO 9:2,1.0,149.80555555555554,conservative,base,1.0,0.5,0.1,0.01,0.015,0.0,68.51939975061295,81.60497106993685,2.539532544316757,19.914356680886787,19.90367924181409,20.13274711980328,27.080693954033404,27.00482369754292,inf,inf,inf,inf
NRHO 9:2,1.0,149.80555555555554,nominal_0.3,base_0.3,0.3,0.1,0.0,0.001,0.003,0.0,20.555826461515775,22.385640282296887,0.6306631823922093,inf,inf,inf,inf,inf,inf,inf,inf,inf
NRHO 9:2,1.0,149.80555555555554,conservative_0.3,base_0.3,0.3,0.5,0.1,0.01,0.015,0.0,20.555826461515775,48.858416406540954,1.920452368597864,20.64380323856044,20.569233344858514,inf,inf,inf,inf,inf,inf,inf
NRHO 9:2,3.0,149.80555555555554,base,base,1.0,0.0,0.0,0.0,0.0,0.0,4.994511121450353,4.994511121450353,0.9838243898846037,inf,inf,inf,inf,inf,inf,inf,inf,inf
NRHO 9:2,3.0,149.80555555555554,base_0.3,base_0.3,0.3,0.0,0.0,0.0,0.0,0.0,1.4983533378663203,1.4983533378663203,0.2951359980360311,inf,inf,inf,inf,inf,inf,inf,inf,inf
NRHO 9:2,3.0,149.80555555555554,bias0.05,base,1.0,0.05,0.0,0.0,0.0,0.0,4.994511121450353,5.0030407816917855,0.9975378979322441,inf,inf,inf,inf,inf,inf,inf,inf,inf
NRHO 9:2,3.0,149.80555555555554,bias0.1,base,1.0,0.1,0.0,0.0,0.0,0.0,4.994511121450353,5.0285512996983845,1.0245298777628642,inf,inf,inf,inf,inf,inf,inf,inf,inf
NRHO 9:2,3.0,149.80555555555554,bias0.2,base,1.0,0.2,0.0,0.0,0.0,0.0,4.994511121450353,5.129441848214919,1.116560034568706,inf,inf,inf,inf,inf,inf,inf,inf,inf
NRHO 9:2,3.0,149.80555555555554,bias0.5,base,1.0,0.5,0.0,0.0,0.0,0.0,4.994511121450353,5.790203376499731,1.7486456163899773,inf,inf,inf,inf,inf,inf,inf,inf,inf
NRHO 9:2,3.0,149.80555555555554,common0.1,base,1.0,0.0,0.1,0.0,0.0,0.0,4.994511121450353,4.999910090072404,1.034707624754755,inf,inf,inf,inf,inf,inf,inf,inf,inf
NRHO 9:2,3.0,149.80555555555554,common0.5,base,1.0,0.0,0.5,0.0,0.0,0.0,4.994511121450353,5.133409088805686,1.7537985225954198,inf,inf,inf,inf,inf,inf,inf,inf,inf
NRHO 9:2,3.0,149.80555555555554,clock10ms,base,1.0,0.0,0.0,0.01,0.0,0.0,4.994511121450353,4.994521947276396,0.983877106758342,inf,inf,inf,inf,inf,inf,inf,inf,inf
NRHO 9:2,3.0,149.80555555555554,srp_am0.005,base,1.0,0.0,0.0,0.0,0.0015,0.0,4.994511121450353,4.996107527322631,1.0855921601999146,inf,inf,inf,inf,inf,inf,inf,inf,inf
NRHO 9:2,3.0,149.80555555555554,srp_am0.01,base,1.0,0.0,0.0,0.0,0.003,0.0,4.994511121450353,5.000893766218128,1.0856044004914926,inf,inf,inf,inf,inf,inf,inf,inf,inf
NRHO 9:2,3.0,149.80555555555554,srp_am0.02,base,1.0,0.0,0.0,0.0,0.006,0.0,4.994511121450353,5.019994255966109,1.085653348983905,inf,inf,inf,inf,inf,inf,inf,inf,inf
NRHO 9:2,3.0,149.80555555555554,srp_am0.05,base,1.0,0.0,0.0,0.0,0.015,0.0,4.994511121450353,5.151763112586343,1.0861695474631603,inf,inf,inf,inf,inf,inf,inf,inf,inf
NRHO 9:2,3.0,149.80555555555554,nosrp_am0.01,base,1.0,0.0,0.0,0.0,0.0,0.01,4.994511121450353,4.994511121450353,1.1451135313895906,inf,inf,inf,inf,inf,inf,inf,inf,inf
NRHO 9:2,3.0,149.80555555555554,nosrp_am0.05,base,1.0,0.0,0.0,0.0,0.0,0.05,4.994511121450353,4.994511121450353,1.1451219043738845,inf,inf,inf,inf,inf,inf,inf,inf,inf
NRHO 9:2,3.0,149.80555555555554,nominal,base,1.0,0.1,0.0,0.001,0.003,0.0,4.994511121450353,5.0348929465703325,1.107005914149629,inf,inf,inf,inf,inf,inf,inf,inf,inf
NRHO 9:2,3.0,149.80555555555554,conservative,base,1.0,0.5,0.1,0.01,0.015,0.0,4.994511121450353,5.931866661598991,1.930920960870444,inf,inf,inf,inf,inf,inf,inf,inf,inf
NRHO 9:2,3.0,149.80555555555554,nominal_0.3,base_0.3,0.3,0.1,0.0,0.001,0.003,0.0,1.4983533378663203,1.6282605062541757,0.4484830782295656,inf,inf,inf,inf,inf,inf,inf,inf,inf
NRHO 9:2,3.0,149.80555555555554,conservative_0.3,base_0.3,0.3,0.5,0.1,0.01,0.015,0.0,1.4983533378663203,3.551872767831245,1.570916970625489,inf,inf,inf,inf,inf,inf,inf,inf,inf
NRHO 9:2,7.0,149.80555555555554,base,base,1.0,0.0,0.0,0.0,0.0,0.0,1.2033371389814105,1.2033371389814105,0.6682185880465686,inf,inf,inf,inf,inf,inf,inf,inf,inf
NRHO 9:2,7.0,149.80555555555554,base_0.3,base_0.3,0.3,0.0,0.0,0.0,0.0,0.0,0.36100114172352493,0.3610011417235249,0.20045580807694624,inf,inf,inf,inf,inf,inf,inf,inf,inf
NRHO 9:2,7.0,149.80555555555554,bias0.05,base,1.0,0.05,0.0,0.0,0.0,0.0,1.2033371389814105,1.2103831643794238,0.67196699626434,inf,inf,inf,inf,inf,inf,inf,inf,inf
NRHO 9:2,7.0,149.80555555555554,bias0.1,base,1.0,0.1,0.0,0.0,0.0,0.0,1.2033371389814105,1.2315493596261236,0.6926367454074079,inf,inf,inf,inf,inf,inf,inf,inf,inf
NRHO 9:2,7.0,149.80555555555554,bias0.2,base,1.0,0.2,0.0,0.0,0.0,0.0,1.2033371389814105,1.316265859170735,0.9161687773692149,inf,inf,inf,inf,inf,inf,inf,inf,inf
NRHO 9:2,7.0,149.80555555555554,bias0.5,base,1.0,0.5,0.0,0.0,0.0,0.0,1.2033371389814105,1.863430113552717,1.48213683481676,inf,inf,inf,inf,inf,inf,inf,inf,inf
NRHO 9:2,7.0,149.80555555555554,common0.1,base,1.0,0.0,0.1,0.0,0.0,0.0,1.2033371389814105,1.2172937870358784,0.7859926909479686,inf,inf,inf,inf,inf,inf,inf,inf,inf
NRHO 9:2,7.0,149.80555555555554,common0.5,base,1.0,0.0,0.5,0.0,0.0,0.0,1.2033371389814105,1.6627540868208468,2.1064006106366726,inf,inf,inf,inf,inf,inf,inf,inf,inf
NRHO 9:2,7.0,149.80555555555554,clock10ms,base,1.0,0.0,0.0,0.01,0.0,0.0,1.2033371389814105,1.2033474464422886,0.6682745865337554,inf,inf,inf,inf,inf,inf,inf,inf,inf
NRHO 9:2,7.0,149.80555555555554,srp_am0.005,base,1.0,0.0,0.0,0.0,0.0015,0.0,1.2033371389814105,1.291920451760771,0.7725263845334477,inf,inf,inf,inf,inf,inf,inf,inf,inf
NRHO 9:2,7.0,149.80555555555554,srp_am0.01,base,1.0,0.0,0.0,0.0,0.003,0.0,1.2033371389814105,1.5436827957468595,0.8472463538650891,inf,inf,inf,inf,inf,inf,inf,inf,inf
NRHO 9:2,7.0,149.80555555555554,srp_am0.02,base,1.0,0.0,0.0,0.0,0.006,0.0,1.2033371389814105,2.3329403169865963,1.4210046920064177,inf,inf,inf,inf,inf,inf,inf,inf,inf
NRHO 9:2,7.0,149.80555555555554,srp_am0.05,base,1.0,0.0,0.0,0.0,0.015,0.0,1.2033371389814105,5.231381939261231,3.5654793363041217,inf,inf,inf,inf,inf,inf,inf,inf,inf
NRHO 9:2,7.0,149.80555555555554,nosrp_am0.01,base,1.0,0.0,0.0,0.0,0.0,0.01,1.2033371389814105,1.2033371389814105,0.8098752454711723,inf,inf,inf,inf,inf,inf,inf,inf,inf
NRHO 9:2,7.0,149.80555555555554,nosrp_am0.05,base,1.0,0.0,0.0,0.0,0.0,0.05,1.2033371389814105,1.2033371389814105,0.8099044647817778,inf,inf,inf,inf,inf,inf,inf,inf,inf
NRHO 9:2,7.0,149.80555555555554,nominal,base,1.0,0.1,0.0,0.001,0.003,0.0,1.2033371389814105,1.568670687832448,0.885211797454031,inf,inf,inf,inf,inf,inf,inf,inf,inf
NRHO 9:2,7.0,149.80555555555554,conservative,base,1.0,0.5,0.1,0.01,0.015,0.0,1.2033371389814105,5.428572683865836,3.5161239712857277,inf,inf,inf,inf,inf,inf,inf,inf,inf
NRHO 9:2,7.0,149.80555555555554,nominal_0.3,base_0.3,0.3,0.1,0.0,0.001,0.003,0.0,0.36100114172352493,1.113183308445525,0.7012870928724775,inf,inf,inf,inf,inf,inf,inf,inf,inf
NRHO 9:2,7.0,149.80555555555554,conservative_0.3,base_0.3,0.3,0.5,0.1,0.01,0.015,0.0,0.36100114172352493,5.3257072112777095,3.4751052420768644,inf,inf,inf,inf,inf,inf,inf,inf,inf
NRHO 9:2,1.0,178.8125,base,base,1.0,0.0,0.0,0.0,0.0,0.0,33.948960915291224,33.948960915291224,1.1706615035896124,inf,inf,inf,inf,inf,inf,inf,inf,inf
NRHO 9:2,1.0,178.8125,base_0.3,base_0.3,0.3,0.0,0.0,0.0,0.0,0.0,10.184688645054083,10.184688645054083,0.35121689098925457,inf,inf,inf,inf,inf,inf,inf,inf,inf
NRHO 9:2,1.0,178.8125,bias0.05,base,1.0,0.05,0.0,0.0,0.0,0.0,33.948960915291224,34.17225955375042,1.1780750704339336,inf,inf,inf,inf,inf,inf,inf,inf,inf
NRHO 9:2,1.0,178.8125,bias0.1,base,1.0,0.1,0.0,0.0,0.0,0.0,33.948960915291224,34.83356787893546,1.2000252961382925,inf,inf,inf,inf,inf,inf,inf,inf,inf
NRHO 9:2,1.0,178.8125,bias0.2,base,1.0,0.2,0.0,0.0,0.0,0.0,33.948960915291224,37.36193215106779,1.2841160512436975,inf,inf,inf,inf,inf,inf,inf,inf,inf
NRHO 9:2,1.0,178.8125,bias0.5,base,1.0,0.5,0.0,0.0,0.0,0.0,33.948960915291224,51.707541365992185,1.763673301161785,17.705018006868148,17.723266697273313,inf,inf,inf,inf,inf,inf,inf
NRHO 9:2,1.0,178.8125,common0.1,base,1.0,0.0,0.1,0.0,0.0,0.0,33.948960915291224,33.950274900012126,1.215524769519976,inf,inf,inf,inf,inf,inf,inf,inf,inf
NRHO 9:2,1.0,178.8125,common0.5,base,1.0,0.0,0.5,0.0,0.0,0.0,33.948960915291224,33.981820214946694,1.9161655163086375,inf,inf,inf,inf,inf,inf,inf,inf,inf
NRHO 9:2,1.0,178.8125,clock10ms,base,1.0,0.0,0.0,0.01,0.0,0.0,33.948960915291224,33.9490706355844,1.1706538334304624,inf,inf,inf,inf,inf,inf,inf,inf,inf
NRHO 9:2,1.0,178.8125,srp_am0.005,base,1.0,0.0,0.0,0.0,0.0015,0.0,33.948960915291224,33.94909367927106,1.2002197167122262,inf,inf,inf,inf,inf,inf,inf,inf,inf
NRHO 9:2,1.0,178.8125,srp_am0.01,base,1.0,0.0,0.0,0.0,0.003,0.0,33.948960915291224,33.94949196809772,1.200223614413486,inf,inf,inf,inf,inf,inf,inf,inf,inf
NRHO 9:2,1.0,178.8125,srp_am0.02,base,1.0,0.0,0.0,0.0,0.006,0.0,33.948960915291224,33.95108507671435,1.2002353831425217,inf,inf,inf,inf,inf,inf,inf,inf,inf
NRHO 9:2,1.0,178.8125,srp_am0.05,base,1.0,0.0,0.0,0.0,0.015,0.0,33.948960915291224,33.96223474612873,1.2003720582400161,inf,inf,inf,inf,inf,inf,inf,inf,inf
NRHO 9:2,1.0,178.8125,nosrp_am0.01,base,1.0,0.0,0.0,0.0,0.0,0.01,33.948960915291224,33.948960915291224,1.1779846820960376,inf,inf,inf,inf,inf,inf,inf,inf,inf
NRHO 9:2,1.0,178.8125,nosrp_am0.05,base,1.0,0.0,0.0,0.0,0.0,0.05,33.948960915291224,33.948960915291224,1.177996791208111,inf,inf,inf,inf,inf,inf,inf,inf,inf
NRHO 9:2,1.0,178.8125,nominal,base,1.0,0.1,0.0,0.001,0.003,0.0,33.948960915291224,34.834086515473615,1.2301793830917624,inf,inf,inf,inf,inf,inf,inf,inf,inf
NRHO 9:2,1.0,178.8125,conservative,base,1.0,0.5,0.1,0.01,0.015,0.0,33.948960915291224,51.71719208062881,1.8356585007803814,29.56396733909569,29.539772940472677,inf,inf,inf,inf,inf,inf,inf
NRHO 9:2,1.0,178.8125,nominal_0.3,base_0.3,0.3,0.1,0.0,0.001,0.003,0.0,10.184688645054083,12.830024749963872,0.44993862031834325,inf,inf,inf,inf,inf,inf,inf,inf,inf
NRHO 9:2,1.0,178.8125,conservative_0.3,base_0.3,0.3,0.5,0.1,0.01,0.015,0.0,10.184688645054083,40.32200798176123,1.4346231943167167,inf,inf,inf,inf,inf,inf,inf,inf,inf
NRHO 9:2,3.0,178.8125,base,base,1.0,0.0,0.0,0.0,0.0,0.0,7.146289377238233,7.146289377238234,0.8721897481122434,inf,inf,inf,inf,inf,inf,inf,inf,inf
NRHO 9:2,3.0,178.8125,base_0.3,base_0.3,0.3,0.0,0.0,0.0,0.0,0.0,2.1438868153219186,2.1438868153219186,0.26165348928682647,inf,inf,inf,inf,inf,inf,inf,inf,inf
NRHO 9:2,3.0,178.8125,bias0.05,base,1.0,0.05,0.0,0.0,0.0,0.0,7.146289377238233,7.22075024303071,0.8778766939086875,inf,inf,inf,inf,inf,inf,inf,inf,inf
NRHO 9:2,3.0,178.8125,bias0.1,base,1.0,0.1,0.0,0.0,0.0,0.0,7.146289377238233,7.43966557716349,0.8970714226639784,inf,inf,inf,inf,inf,inf,inf,inf,inf
NRHO 9:2,3.0,178.8125,bias0.2,base,1.0,0.2,0.0,0.0,0.0,0.0,7.146289377238233,8.257521930304364,0.9849551354589042,inf,inf,inf,inf,inf,inf,inf,inf,inf
NRHO 9:2,3.0,178.8125,bias0.5,base,1.0,0.5,0.0,0.0,0.0,0.0,7.146289377238233,12.572197338727298,1.454120553071213,inf,inf,inf,inf,inf,inf,inf,inf,inf
NRHO 9:2,3.0,178.8125,common0.1,base,1.0,0.0,0.1,0.0,0.0,0.0,7.146289377238233,7.148637686880523,0.9566204907000165,inf,inf,inf,inf,inf,inf,inf,inf,inf
NRHO 9:2,3.0,178.8125,common0.5,base,1.0,0.0,0.5,0.0,0.0,0.0,7.146289377238233,7.20637713272277,1.84834734862705,inf,inf,inf,inf,inf,inf,inf,inf,inf
NRHO 9:2,3.0,178.8125,clock10ms,base,1.0,0.0,0.0,0.01,0.0,0.0,7.146289377238233,7.146377894920589,0.8722060959600848,inf,inf,inf,inf,inf,inf,inf,inf,inf
NRHO 9:2,3.0,178.8125,srp_am0.005,base,1.0,0.0,0.0,0.0,0.0015,0.0,7.146289377238233,7.15056364443828,0.9173665089546335,inf,inf,inf,inf,inf,inf,inf,inf,inf
NRHO 9:2,3.0,178.8125,srp_am0.01,base,1.0,0.0,0.0,0.0,0.003,0.0,7.146289377238233,7.163371836479488,0.9176798705317547,inf,inf,inf,inf,inf,inf,inf,inf,inf
NRHO 9:2,3.0,178.8125,srp_am0.02,base,1.0,0.0,0.0,0.0,0.006,0.0,7.146289377238233,7.214387340424641,0.9191184663190075,inf,inf,inf,inf,inf,inf,inf,inf,inf
NRHO 9:2,3.0,178.8125,srp_am0.05,base,1.0,0.0,0.0,0.0,0.015,0.0,7.146289377238233,7.562252368827261,0.9332092981466645,inf,inf,inf,inf,inf,inf,inf,inf,inf
NRHO 9:2,3.0,178.8125,nosrp_am0.01,base,1.0,0.0,0.0,0.0,0.0,0.01,7.146289377238233,7.146289377238234,0.926770472220377,inf,inf,inf,inf,inf,inf,inf,inf,inf
NRHO 9:2,3.0,178.8125,nosrp_am0.05,base,1.0,0.0,0.0,0.0,0.0,0.05,7.146289377238233,7.146289377238234,0.926785811832276,inf,inf,inf,inf,inf,inf,inf,inf,inf
NRHO 9:2,3.0,178.8125,nominal,base,1.0,0.1,0.0,0.001,0.003,0.0,7.146289377238233,7.456078554446876,0.9410258223992362,inf,inf,inf,inf,inf,inf,inf,inf,inf
NRHO 9:2,3.0,178.8125,conservative,base,1.0,0.5,0.1,0.01,0.015,0.0,7.146289377238233,12.814589467914244,1.5349436149542195,inf,inf,inf,inf,inf,inf,inf,inf,inf
NRHO 9:2,3.0,178.8125,nominal_0.3,base_0.3,0.3,0.1,0.0,0.001,0.003,0.0,2.1438868153219186,3.020001498123884,0.36138191959034,inf,inf,inf,inf,inf,inf,inf,inf,inf
NRHO 9:2,3.0,178.8125,conservative_0.3,base_0.3,0.3,0.5,0.1,0.01,0.015,0.0,2.1438868153219186,10.851208620802842,1.2637197056060205,inf,inf,inf,inf,inf,inf,inf,inf,inf
NRHO 9:2,7.0,178.8125,base,base,1.0,0.0,0.0,0.0,0.0,0.0,1.4057078900139883,1.4057078900139883,0.5384183486605925,inf,inf,inf,inf,inf,inf,inf,inf,inf
NRHO 9:2,7.0,178.8125,base_0.3,base_0.3,0.3,0.0,0.0,0.0,0.0,0.0,0.4217123670199487,0.4217123670199488,0.16151325939664732,inf,inf,inf,inf,inf,inf,inf,inf,inf
NRHO 9:2,7.0,178.8125,bias0.05,base,1.0,0.05,0.0,0.0,0.0,0.0,1.4057078900139883,1.4168289698120737,0.5416667180126066,inf,inf,inf,inf,inf,inf,inf,inf,inf
NRHO 9:2,7.0,178.8125,bias0.1,base,1.0,0.1,0.0,0.0,0.0,0.0,1.4057078900139883,1.4496824359494571,0.5513394369942696,inf,inf,inf,inf,inf,inf,inf,inf,inf
NRHO 9:2,7.0,178.8125,bias0.2,base,1.0,0.2,0.0,0.0,0.0,0.0,1.4057078900139883,1.5742771228114234,0.5883464665621356,inf,inf,inf,inf,inf,inf,inf,inf,inf
NRHO 9:2,7.0,178.8125,bias0.5,base,1.0,0.5,0.0,0.0,0.0,0.0,1.4057078900139883,2.262068646298228,0.8004831201091888,inf,inf,inf,inf,inf,inf,inf,inf,inf
NRHO 9:2,7.0,178.8125,common0.1,base,1.0,0.0,0.1,0.0,0.0,0.0,1.4057078900139883,1.4931680204404318,0.5747044713213032,inf,inf,inf,inf,inf,inf,inf,inf,inf
NRHO 9:2,7.0,178.8125,common0.5,base,1.0,0.0,0.5,0.0,0.0,0.0,1.4057078900139883,2.885558463205943,1.1514295972735467,inf,inf,inf,inf,inf,inf,inf,inf,inf
NRHO 9:2,7.0,178.8125,clock10ms,base,1.0,0.0,0.0,0.01,0.0,0.0,1.4057078900139883,1.4057129370435848,0.5384447494236904,inf,inf,inf,inf,inf,inf,inf,inf,inf
NRHO 9:2,7.0,178.8125,srp_am0.005,base,1.0,0.0,0.0,0.0,0.0015,0.0,1.4057078900139883,1.472308613545303,0.5312152735051842,inf,inf,inf,inf,inf,inf,inf,inf,inf
NRHO 9:2,7.0,178.8125,srp_am0.01,base,1.0,0.0,0.0,0.0,0.003,0.0,1.4057078900139883,1.660232244230837,0.5860380219026144,inf,inf,inf,inf,inf,inf,inf,inf,inf
NRHO 9:2,7.0,178.8125,srp_am0.02,base,1.0,0.0,0.0,0.0,0.006,0.0,1.4057078900139883,2.2784563355761613,0.9582138115676468,inf,inf,inf,inf,inf,inf,inf,inf,inf
NRHO 9:2,7.0,178.8125,srp_am0.05,base,1.0,0.0,0.0,0.0,0.015,0.0,1.4057078900139883,4.7519968946317475,2.1637951503660293,inf,inf,inf,inf,inf,inf,inf,inf,inf
NRHO 9:2,7.0,178.8125,nosrp_am0.01,base,1.0,0.0,0.0,0.0,0.0,0.01,1.4057078900139883,1.4057078900139883,0.6014482332507017,inf,inf,inf,inf,inf,inf,inf,inf,inf
NRHO 9:2,7.0,178.8125,nosrp_am0.05,base,1.0,0.0,0.0,0.0,0.0,0.05,1.4057078900139883,1.4057078900139883,0.601416974799044,inf,inf,inf,inf,inf,inf,inf,inf,inf
NRHO 9:2,7.0,178.8125,nominal,base,1.0,0.1,0.0,0.001,0.003,0.0,1.4057078900139883,1.6972420376991109,0.5972666055466704,inf,inf,inf,inf,inf,inf,inf,inf,inf
NRHO 9:2,7.0,178.8125,conservative,base,1.0,0.5,0.1,0.01,0.015,0.0,1.4057078900139883,5.07249502250413,2.269787364229383,inf,inf,inf,inf,inf,inf,inf,inf,inf
NRHO 9:2,7.0,178.8125,nominal_0.3,base_0.3,0.3,0.1,0.0,0.001,0.003,0.0,0.4217123670199487,1.0553172724719027,0.4631338893098929,inf,inf,inf,inf,inf,inf,inf,inf,inf
NRHO 9:2,7.0,178.8125,conservative_0.3,base_0.3,0.3,0.5,0.1,0.01,0.015,0.0,0.4217123670199487,4.902449582103172,2.220818500015544,inf,inf,inf,inf,inf,inf,inf,inf,inf
NRHO 9:2,1.0,208.93055555555554,base,base,1.0,0.0,0.0,0.0,0.0,0.0,98.64406172680091,98.64406172680091,3.4465531230151862,20.293564478383388,20.248502521802884,20.355326890543193,inf,inf,inf,inf,inf,inf
NRHO 9:2,1.0,208.93055555555554,base_0.3,base_0.3,0.3,0.0,0.0,0.0,0.0,0.0,29.593237141440525,29.593237141440525,1.0342782731119058,inf,inf,inf,inf,inf,inf,inf,inf,inf
NRHO 9:2,1.0,208.93055555555554,bias0.05,base,1.0,0.05,0.0,0.0,0.0,0.0,98.64406172680091,99.06397001260943,3.4533424091939495,20.28697235405963,20.24230399313099,20.355326890543193,inf,inf,inf,inf,inf,inf
NRHO 9:2,1.0,208.93055555555554,bias0.1,base,1.0,0.1,0.0,0.0,0.0,0.0,98.64406172680091,100.31315421009334,3.473506916051563,20.26779796650836,20.22765738415126,20.355326890543193,inf,inf,inf,inf,inf,inf
NRHO 9:2,1.0,208.93055555555554,bias0.2,base,1.0,0.2,0.0,0.0,0.0,0.0,98.64406172680091,105.16167326792996,3.551631814387128,20.200118455042254,20.19065300151277,20.355326890543193,inf,inf,inf,inf,inf,inf
NRHO 9:2,1.0,208.93055555555554,bias0.5,base,1.0,0.5,0.0,0.0,0.0,0.0,98.64406172680091,134.28719057999106,4.038873404854097,19.96100760019372,19.92674389372532,20.355326890543193,27.172181772516023,27.134475440313555,inf,inf,inf,inf
NRHO 9:2,1.0,208.93055555555554,common0.1,base,1.0,0.0,0.1,0.0,0.0,0.0,98.64406172680091,98.64470693951465,3.4561760343483194,20.290479473666885,20.245904867359414,20.355326890543193,inf,inf,inf,inf,inf,inf
NRHO 9:2,1.0,208.93055555555554,common0.5,base,1.0,0.0,0.5,0.0,0.0,0.0,98.64406172680091,98.6601922735133,3.66147861862172,20.268327854612014,20.262580998299757,20.355326890543193,inf,inf,inf,inf,inf,inf
NRHO 9:2,1.0,208.93055555555554,clock10ms,base,1.0,0.0,0.0,0.01,0.0,0.0,98.64406172680091,98.64447186923333,3.446555837572535,20.293524790015372,20.248466086006424,20.355326890543193,inf,inf,inf,inf,inf,inf
NRHO 9:2,1.0,208.93055555555554,srp_am0.005,base,1.0,0.0,0.0,0.0,0.0015,0.0,98.64406172680091,98.64406252917462,3.952912196019759,20.23109079249105,20.248017967452878,20.355326890543193,inf,inf,inf,inf,inf,inf
NRHO 9:2,1.0,208.93055555555554,srp_am0.01,base,1.0,0.0,0.0,0.0,0.003,0.0,98.64406172680091,98.64406493629568,3.9529133791420374,20.232823795433546,20.250756692872546,20.355326890543193,inf,inf,inf,inf,inf,inf
NRHO 9:2,1.0,208.93055555555554,srp_am0.02,base,1.0,0.0,0.0,0.0,0.006,0.0,98.64406172680091,98.64407456477932,3.952914550452413,20.236630528649517,20.257050269121958,20.355326890543193,inf,inf,inf,inf,inf,inf
NRHO 9:2,1.0,208.93055555555554,srp_am0.05,base,1.0,0.0,0.0,0.0,0.015,0.0,98.64406172680091,98.64414196413847,3.9529122078313015,20.250563598237328,20.277563661441725,20.355326890543193,inf,inf,inf,inf,inf,inf
NRHO 9:2,1.0,208.93055555555554,nosrp_am0.01,base,1.0,0.0,0.0,0.0,0.0,0.01,98.64406172680091,98.64406172680091,3.7298821024562216,20.36917291698523,20.380791188483837,20.355326890543193,inf,inf,inf,inf,inf,inf
NRHO 9:2,1.0,208.93055555555554,nosrp_am0.05,base,1.0,0.0,0.0,0.0,0.0,0.05,98.64406172680091,98.64406172680091,3.72987956968699,20.36743593365806,20.400007386643654,20.355326890543193,inf,inf,inf,inf,inf,inf
NRHO 9:2,1.0,208.93055555555554,nominal,base,1.0,0.1,0.0,0.001,0.003,0.0,98.64406172680091,100.31316139945089,3.9694736096427152,20.209633676134942,20.224897985701233,20.355326890543193,inf,inf,inf,inf,inf,inf
NRHO 9:2,1.0,208.93055555555554,conservative,base,1.0,0.5,0.1,0.01,0.015,0.0,98.64406172680091,134.28802708473245,4.510841744366413,19.938379030758675,19.920099844099603,20.355326890543193,27.015832523325646,26.996914618132337,inf,inf,inf,inf
NRHO 9:2,1.0,208.93055555555554,nominal_0.3,base_0.3,0.3,0.1,0.0,0.001,0.003,0.0,29.593237141440525,34.754138338696166,1.2489624510364852,27.115984615692913,27.10874682196242,inf,inf,inf,inf,inf,inf,inf
NRHO 9:2,1.0,208.93055555555554,conservative_0.3,base_0.3,0.3,0.5,0.1,0.01,0.015,0.0,29.593237141440525,95.80642574281265,2.612605853084203,20.226571607699945,20.212462494367095,inf,inf,inf,inf,inf,inf,inf
NRHO 9:2,3.0,208.93055555555554,base,base,1.0,0.0,0.0,0.0,0.0,0.0,5.114107292596166,5.114107292596166,1.1836105751441637,inf,inf,inf,inf,inf,inf,inf,inf,inf
NRHO 9:2,3.0,208.93055555555554,base_0.3,base_0.3,0.3,0.0,0.0,0.0,0.0,0.0,1.5342321891776816,1.5342321891776811,0.3550899735738586,inf,inf,inf,inf,inf,inf,inf,inf,inf
NRHO 9:2,3.0,208.93055555555554,bias0.05,base,1.0,0.05,0.0,0.0,0.0,0.0,5.114107292596166,5.12693311520067,1.1886673796459788,inf,inf,inf,inf,inf,inf,inf,inf,inf
NRHO 9:2,3.0,208.93055555555554,bias0.1,base,1.0,0.1,0.0,0.0,0.0,0.0,5.114107292596166,5.165222025975945,1.2036438191681458,inf,inf,inf,inf,inf,inf,inf,inf,inf
NRHO 9:2,3.0,208.93055555555554,bias0.2,base,1.0,0.2,0.0,0.0,0.0,0.0,5.114107292596166,5.315654552737743,1.261079986227866,inf,inf,inf,inf,inf,inf,inf,inf,inf
NRHO 9:2,3.0,208.93055555555554,bias0.5,base,1.0,0.5,0.0,0.0,0.0,0.0,5.114107292596166,6.269274217456196,1.6234885714882628,inf,inf,inf,inf,inf,inf,inf,inf,inf
NRHO 9:2,3.0,208.93055555555554,common0.1,base,1.0,0.0,0.1,0.0,0.0,0.0,5.114107292596166,5.118604731953758,1.2137500403841646,inf,inf,inf,inf,inf,inf,inf,inf,inf
NRHO 9:2,3.0,208.93055555555554,common0.5,base,1.0,0.0,0.5,0.0,0.0,0.0,5.114107292596166,5.230125244287043,1.9372191282977265,inf,inf,inf,inf,inf,inf,inf,inf,inf
NRHO 9:2,3.0,208.93055555555554,clock10ms,base,1.0,0.0,0.0,0.01,0.0,0.0,5.114107292596166,5.114139703199778,1.1836542743219816,inf,inf,inf,inf,inf,inf,inf,inf,inf
NRHO 9:2,3.0,208.93055555555554,srp_am0.005,base,1.0,0.0,0.0,0.0,0.0015,0.0,5.114107292596166,5.117766677307993,1.231329614270196,inf,inf,inf,inf,inf,inf,inf,inf,inf
NRHO 9:2,3.0,208.93055555555554,srp_am0.01,base,1.0,0.0,0.0,0.0,0.003,0.0,5.114107292596166,5.128729840667266,1.2319859498700765,inf,inf,inf,inf,inf,inf,inf,inf,inf
NRHO 9:2,3.0,208.93055555555554,srp_am0.02,base,1.0,0.0,0.0,0.0,0.006,0.0,5.114107292596166,5.172359945133309,1.2345117919816455,inf,inf,inf,inf,inf,inf,inf,inf,inf
NRHO 9:2,3.0,208.93055555555554,srp_am0.05,base,1.0,0.0,0.0,0.0,0.015,0.0,5.114107292596166,5.468396191674003,1.2494446642013095,inf,inf,inf,inf,inf,inf,inf,inf,inf
NRHO 9:2,3.0,208.93055555555554,nosrp_am0.01,base,1.0,0.0,0.0,0.0,0.0,0.01,5.114107292596166,5.114107292596166,1.3607636454639087,inf,inf,inf,inf,inf,inf,inf,inf,inf
NRHO 9:2,3.0,208.93055555555554,nosrp_am0.05,base,1.0,0.0,0.0,0.0,0.0,0.05,5.114107292596166,5.114107292596166,1.3607810345248963,inf,inf,inf,inf,inf,inf,inf,inf,inf
NRHO 9:2,3.0,208.93055555555554,nominal,base,1.0,0.1,0.0,0.001,0.003,0.0,5.114107292596166,5.179702492381875,1.2511161093581458,inf,inf,inf,inf,inf,inf,inf,inf,inf
NRHO 9:2,3.0,208.93055555555554,conservative,base,1.0,0.5,0.1,0.01,0.015,0.0,5.114107292596166,6.565562087069395,1.7013630927177823,inf,inf,inf,inf,inf,inf,inf,inf,inf
NRHO 9:2,3.0,208.93055555555554,nominal_0.3,base_0.3,0.3,0.1,0.0,0.001,0.003,0.0,1.5342321891776816,1.7405735936905131,0.441209338083358,inf,inf,inf,inf,inf,inf,inf,inf,inf
NRHO 9:2,3.0,208.93055555555554,conservative_0.3,base_0.3,0.3,0.5,0.1,0.01,0.015,0.0,1.5342321891776816,4.397783146131632,1.270926824027833,inf,inf,inf,inf,inf,inf,inf,inf,inf
NRHO 9:2,7.0,208.93055555555554,base,base,1.0,0.0,0.0,0.0,0.0,0.0,1.107074811030388,1.107074811030388,0.6577837641348926,inf,inf,inf,inf,inf,inf,inf,inf,inf
NRHO 9:2,7.0,208.93055555555554,base_0.3,base_0.3,0.3,0.0,0.0,0.0,0.0,0.0,0.3321224433303082,0.3321224433303083,0.19733565275843878,inf,inf,inf,inf,inf,inf,inf,inf,inf
NRHO 9:2,7.0,208.93055555555554,bias0.05,base,1.0,0.05,0.0,0.0,0.0,0.0,1.107074811030388,1.1229067574894425,0.6636488101716876,inf,inf,inf,inf,inf,inf,inf,inf,inf
NRHO 9:2,7.0,208.93055555555554,bias0.1,base,1.0,0.1,0.0,0.0,0.0,0.0,1.107074811030388,1.169210420473256,0.6798289347399141,inf,inf,inf,inf,inf,inf,inf,inf,inf
NRHO 9:2,7.0,208.93055555555554,bias0.2,base,1.0,0.2,0.0,0.0,0.0,0.0,1.107074811030388,1.3393336513266776,0.8035309303486895,inf,inf,inf,inf,inf,inf,inf,inf,inf
NRHO 9:2,7.0,208.93055555555554,bias0.5,base,1.0,0.5,0.0,0.0,0.0,0.0,1.107074811030388,2.1924683777861675,1.3562407186493328,inf,inf,inf,inf,inf,inf,inf,inf,inf
NRHO 9:2,7.0,208.93055555555554,common0.1,base,1.0,0.0,0.1,0.0,0.0,0.0,1.107074811030388,1.1187797946157585,0.7602708931462593,inf,inf,inf,inf,inf,inf,inf,inf,inf
NRHO 9:2,7.0,208.93055555555554,common0.5,base,1.0,0.0,0.5,0.0,0.0,0.0,1.107074811030388,1.5947335000780594,2.4553099396665004,inf,inf,inf,inf,inf,inf,inf,inf,inf
NRHO 9:2,7.0,208.93055555555554,clock10ms,base,1.0,0.0,0.0,0.01,0.0,0.0,1.107074811030388,1.1071095665924617,0.657805162960947,inf,inf,inf,inf,inf,inf,inf,inf,inf
NRHO 9:2,7.0,208.93055555555554,srp_am0.005,base,1.0,0.0,0.0,0.0,0.0015,0.0,1.107074811030388,1.2123336304063699,0.6793086587023244,inf,inf,inf,inf,inf,inf,inf,inf,inf
NRHO 9:2,7.0,208.93055555555554,srp_am0.01,base,1.0,0.0,0.0,0.0,0.003,0.0,1.107074811030388,1.4967830822318282,0.7753764114687276,inf,inf,inf,inf,inf,inf,inf,inf,inf
NRHO 9:2,7.0,208.93055555555554,srp_am0.02,base,1.0,0.0,0.0,0.0,0.006,0.0,1.107074811030388,2.334380805486974,1.1342403454709364,inf,inf,inf,inf,inf,inf,inf,inf,inf
NRHO 9:2,7.0,208.93055555555554,srp_am0.05,base,1.0,0.0,0.0,0.0,0.015,0.0,1.107074811030388,5.308942745820085,2.7010143651130445,inf,inf,inf,inf,inf,inf,inf,inf,inf
NRHO 9:2,7.0,208.93055555555554,nosrp_am0.01,base,1.0,0.0,0.0,0.0,0.0,0.01,1.107074811030388,1.107074811030388,0.6811069046924723,inf,inf,inf,inf,inf,inf,inf,inf,inf
NRHO 9:2,7.0,208.93055555555554,nosrp_am0.05,base,1.0,0.0,0.0,0.0,0.0,0.05,1.107074811030388,1.107074811030388,0.6811347106498649,inf,inf,inf,inf,inf,inf,inf,inf,inf
NRHO 9:2,7.0,208.93055555555554,nominal,base,1.0,0.1,0.0,0.001,0.003,0.0,1.107074811030388,1.5440390063509422,0.8159394980094455,inf,inf,inf,inf,inf,inf,inf,inf,inf
NRHO 9:2,7.0,208.93055555555554,conservative,base,1.0,0.5,0.1,0.01,0.015,0.0,1.107074811030388,5.628803082123453,2.9900461603377706,inf,inf,inf,inf,inf,inf,inf,inf,inf
NRHO 9:2,7.0,208.93055555555554,nominal_0.3,base_0.3,0.3,0.1,0.0,0.001,0.003,0.0,0.3321224433303082,1.1498178708394116,0.6017538057292593,inf,inf,inf,inf,inf,inf,inf,inf,inf
NRHO 9:2,7.0,208.93055555555554,conservative_0.3,base_0.3,0.3,0.5,0.1,0.01,0.015,0.0,0.3321224433303082,5.538353899967428,2.966489585460118,inf,inf,inf,inf,inf,inf,inf,inf,inf
NRHO 9:2,1.0,237.94444444444446,base,base,1.0,0.0,0.0,0.0,0.0,0.0,72.20806502698161,72.20806502698161,2.3586432760442784,17.5423710340577,17.547287060921416,17.511513989808005,inf,inf,inf,inf,inf,inf
NRHO 9:2,1.0,237.94444444444446,base_0.3,base_0.3,0.3,0.0,0.0,0.0,0.0,0.0,21.66242289595893,21.662422895958926,0.707583624732245,inf,inf,inf,inf,inf,inf,inf,inf,inf
NRHO 9:2,1.0,237.94444444444446,bias0.05,base,1.0,0.05,0.0,0.0,0.0,0.0,72.20806502698161,72.44971821272914,2.368690922103698,17.539250038431224,17.54475504680424,17.511513989808005,inf,inf,inf,inf,inf,inf
NRHO 9:2,1.0,237.94444444444446,bias0.1,base,1.0,0.1,0.0,0.0,0.0,0.0,72.20806502698161,73.16989022274748,2.3985225582421372,17.530052285443432,17.537241008856682,17.511513989808005,inf,inf,inf,inf,inf,inf
NRHO 9:2,1.0,237.94444444444446,bias0.2,base,1.0,0.2,0.0,0.0,0.0,0.0,72.20806502698161,75.98236094164707,2.51358464486816,17.495499074468878,17.508340636798458,17.511513989808005,inf,inf,inf,inf,inf,inf
NRHO 9:2,1.0,237.94444444444446,bias0.5,base,1.0,0.5,0.0,0.0,0.0,0.0,72.20806502698161,93.32614191540291,3.0875883931283687,4.827127240387404,4.829717456882946,17.511513989808005,inf,inf,inf,inf,inf,inf
NRHO 9:2,1.0,237.94444444444446,common0.1,base,1.0,0.0,0.1,0.0,0.0,0.0,72.20806502698161,72.2094480138829,2.3777908693846777,17.541455508816167,17.548053139194263,17.511513989808005,inf,inf,inf,inf,inf,inf
NRHO 9:2,1.0,237.94444444444446,common0.5,base,1.0,0.0,0.5,0.0,0.0,0.0,72.20806502698161,72.24263758164089,2.724310438398316,17.553572280506003,17.565477878316923,17.511513989808005,inf,inf,inf,inf,inf,inf
NRHO 9:2,1.0,237.94444444444446,clock10ms,base,1.0,0.0,0.0,0.01,0.0,0.0,72.20806502698161,72.2082275441741,2.3586868665191107,17.542362845340985,17.54727993669626,17.511513989808005,inf,inf,inf,inf,inf,inf
NRHO 9:2,1.0,237.94444444444446,srp_am0.005,base,1.0,0.0,0.0,0.0,0.0015,0.0,72.20806502698161,72.20829747060836,2.70330453953112,17.54796569504569,17.527192456804894,17.511513989808005,inf,inf,inf,inf,inf,inf
NRHO 9:2,1.0,237.94444444444446,srp_am0.01,base,1.0,0.0,0.0,0.0,0.003,0.0,72.20806502698161,72.20899479700451,2.703301097049649,17.548167330918822,17.52738679720697,17.511513989808005,inf,inf,inf,inf,inf,inf
NRHO 9:2,1.0,237.94444444444446,srp_am0.02,base,1.0,0.0,0.0,0.0,0.006,0.0,72.20806502698161,72.21178403533096,2.703290700103346,17.548411126049434,17.52761894942429,17.511513989808005,inf,inf,inf,inf,inf,inf
NRHO 9:2,1.0,237.94444444444446,srp_am0.05,base,1.0,0.0,0.0,0.0,0.015,0.0,72.20806502698161,72.23130569141075,2.703225187637066,17.547889225842813,17.527085700136563,17.511513989808005,inf,inf,inf,inf,inf,inf
NRHO 9:2,1.0,237.94444444444446,nosrp_am0.01,base,1.0,0.0,0.0,0.0,0.0,0.01,72.20806502698161,72.20806502698161,2.723632113785379,17.498758905172778,17.495952466066367,17.511513989808005,inf,inf,inf,inf,inf,inf
NRHO 9:2,1.0,237.94444444444446,nosrp_am0.05,base,1.0,0.0,0.0,0.0,0.0,0.05,72.20806502698161,72.20806502698161,2.7236686179939418,17.500808951207944,17.4671724974429,17.511513989808005,inf,inf,inf,inf,inf,inf
NRHO 9:2,1.0,237.94444444444446,nominal,base,1.0,0.1,0.0,0.001,0.003,0.0,72.20806502698161,73.17080938026751,2.7323415000449103,17.534359899609466,17.51388919119299,17.511513989808005,inf,inf,inf,inf,inf,inf
NRHO 9:2,1.0,237.94444444444446,conservative,base,1.0,0.5,0.1,0.01,0.015,0.0,72.20806502698161,93.34532161935662,3.4987469601002945,4.815156004108219,4.80960605246401,17.511513989808005,inf,inf,inf,inf,inf,inf
NRHO 9:2,1.0,237.94444444444446,nominal_0.3,base_0.3,0.3,0.1,0.0,0.001,0.003,0.0,21.66242289595893,24.68247641818375,0.9066137859546408,inf,inf,inf,inf,inf,inf,inf,inf,inf
NRHO 9:2,1.0,237.94444444444446,conservative_0.3,base_0.3,0.3,0.5,0.1,0.01,0.015,0.0,21.66242289595893,62.9974895130041,2.4646483149932177,17.563071587992003,17.576379338035412,inf,inf,inf,inf,inf,inf,inf
NRHO 9:2,3.0,237.94444444444446,base,base,1.0,0.0,0.0,0.0,0.0,0.0,8.541054746266031,8.541054746266033,1.1661153058559453,inf,inf,inf,inf,inf,inf,inf,inf,inf
NRHO 9:2,3.0,237.94444444444446,base_0.3,base_0.3,0.3,0.0,0.0,0.0,0.0,0.0,2.5623164286129976,2.5623164286129976,0.34983393231936355,inf,inf,inf,inf,inf,inf,inf,inf,inf
NRHO 9:2,3.0,237.94444444444446,bias0.05,base,1.0,0.05,0.0,0.0,0.0,0.0,8.541054746266031,8.698602245044135,1.1867962878658773,inf,inf,inf,inf,inf,inf,inf,inf,inf
NRHO 9:2,3.0,237.94444444444446,bias0.1,base,1.0,0.1,0.0,0.0,0.0,0.0,8.541054746266031,9.154993012217586,1.2466887069242876,inf,inf,inf,inf,inf,inf,inf,inf,inf
NRHO 9:2,3.0,237.94444444444446,bias0.2,base,1.0,0.2,0.0,0.0,0.0,0.0,8.541054746266031,10.789205879995519,1.4612082748459223,inf,inf,inf,inf,inf,inf,inf,inf,inf
NRHO 9:2,3.0,237.94444444444446,bias0.5,base,1.0,0.5,0.0,0.0,0.0,0.0,8.541054746266031,18.56233874987507,2.486148569861429,inf,inf,inf,inf,inf,inf,inf,inf,inf
NRHO 9:2,3.0,237.94444444444446,common0.1,base,1.0,0.0,0.1,0.0,0.0,0.0,8.541054746266031,8.547546615639568,1.2553027839987065,inf,inf,inf,inf,inf,inf,inf,inf,inf
NRHO 9:2,3.0,237.94444444444446,common0.5,base,1.0,0.0,0.5,0.0,0.0,0.0,8.541054746266031,8.706327697373766,2.138138797202918,inf,inf,inf,inf,inf,inf,inf,inf,inf
NRHO 9:2,3.0,237.94444444444446,clock10ms,base,1.0,0.0,0.0,0.01,0.0,0.0,8.541054746266031,8.541161264207762,1.1661561249744699,inf,inf,inf,inf,inf,inf,inf,inf,inf
NRHO 9:2,3.0,237.94444444444446,srp_am0.005,base,1.0,0.0,0.0,0.0,0.0015,0.0,8.541054746266031,8.545970754430195,1.229227119732397,inf,inf,inf,inf,inf,inf,inf,inf,inf
NRHO 9:2,3.0,237.94444444444446,srp_am0.01,base,1.0,0.0,0.0,0.0,0.003,0.0,8.541054746266031,8.56070342658518,1.2280855980448968,inf,inf,inf,inf,inf,inf,inf,inf,inf
NRHO 9:2,3.0,237.94444444444446,srp_am0.02,base,1.0,0.0,0.0,0.0,0.006,0.0,8.541054746266031,8.619405507555557,1.2233382612224146,inf,inf,inf,inf,inf,inf,inf,inf,inf
NRHO 9:2,3.0,237.94444444444446,srp_am0.05,base,1.0,0.0,0.0,0.0,0.015,0.0,8.541054746266031,9.02052261182707,1.246140444530461,inf,inf,inf,inf,inf,inf,inf,inf,inf
NRHO 9:2,3.0,237.94444444444446,nosrp_am0.01,base,1.0,0.0,0.0,0.0,0.0,0.01,8.541054746266031,8.541054746266033,1.1649455764390018,inf,inf,inf,inf,inf,inf,inf,inf,inf
NRHO 9:2,3.0,237.94444444444446,nosrp_am0.05,base,1.0,0.0,0.0,0.0,0.0,0.05,8.541054746266031,8.541054746266033,1.164953797335553,inf,inf,inf,inf,inf,inf,inf,inf,inf
NRHO 9:2,3.0,237.94444444444446,nominal,base,1.0,0.1,0.0,0.001,0.003,0.0,8.541054746266031,9.173330505840209,1.3145536651040735,inf,inf,inf,inf,inf,inf,inf,inf,inf
NRHO 9:2,3.0,237.94444444444446,conservative,base,1.0,0.5,0.1,0.01,0.015,0.0,8.541054746266031,18.79059364599681,2.649297915484521,inf,inf,inf,inf,inf,inf,inf,inf,inf
NRHO 9:2,3.0,237.94444444444446,nominal_0.3,base_0.3,0.3,0.1,0.0,0.001,0.003,0.0,2.5623164286129976,4.215006154472743,0.5925453621127584,inf,inf,inf,inf,inf,inf,inf,inf,inf
NRHO 9:2,3.0,237.94444444444446,conservative_0.3,base_0.3,0.3,0.5,0.1,0.01,0.015,0.0,2.5623164286129976,16.932408572301767,2.3953565095873035,inf,inf,inf,inf,inf,inf,inf,inf,inf
NRHO 9:2,7.0,237.94444444444446,base,base,1.0,0.0,0.0,0.0,0.0,0.0,1.2110401044798205,1.2110401044798205,0.41889320010075354,inf,inf,inf,inf,inf,inf,inf,inf,inf
NRHO 9:2,7.0,237.94444444444446,base_0.3,base_0.3,0.3,0.0,0.0,0.0,0.0,0.0,0.3633120313533283,0.3633120313533283,0.1256790773275689,inf,inf,inf,inf,inf,inf,inf,inf,inf
NRHO 9:2,7.0,237.94444444444446,bias0.05,base,1.0,0.05,0.0,0.0,0.0,0.0,1.2110401044798205,1.227182620706602,0.42347183608213274,inf,inf,inf,inf,inf,inf,inf,inf,inf
NRHO 9:2,7.0,237.94444444444446,bias0.1,base,1.0,0.1,0.0,0.0,0.0,0.0,1.2110401044798205,1.2744081985179707,0.4368760743441568,inf,inf,inf,inf,inf,inf,inf,inf,inf
NRHO 9:2,7.0,237.94444444444446,bias0.2,base,1.0,0.2,0.0,0.0,0.0,0.0,1.2110401044798205,1.4482128696384746,0.4860307212501972,inf,inf,inf,inf,inf,inf,inf,inf,inf
NRHO 9:2,7.0,237.94444444444446,bias0.5,base,1.0,0.5,0.0,0.0,0.0,0.0,1.2110401044798205,2.3276094341346214,0.737777037190204,inf,inf,inf,inf,inf,inf,inf,inf,inf
NRHO 9:2,7.0,237.94444444444446,common0.1,base,1.0,0.0,0.1,0.0,0.0,0.0,1.2110401044798205,1.2860923775061868,0.4751644561044688,inf,inf,inf,inf,inf,inf,inf,inf,inf
NRHO 9:2,7.0,237.94444444444446,common0.5,base,1.0,0.0,0.5,0.0,0.0,0.0,1.2110401044798205,2.5023725046032426,1.0921960364216816,inf,inf,inf,inf,inf,inf,inf,inf,inf
NRHO 9:2,7.0,237.94444444444446,clock10ms,base,1.0,0.0,0.0,0.01,0.0,0.0,1.2110401044798205,1.2110494000102863,0.41890468387908486,inf,inf,inf,inf,inf,inf,inf,inf,inf
NRHO 9:2,7.0,237.94444444444446,srp_am0.005,base,1.0,0.0,0.0,0.0,0.0015,0.0,1.2110401044798205,1.3067145890136123,0.5195915570594083,inf,inf,inf,inf,inf,inf,inf,inf,inf
NRHO 9:2,7.0,237.94444444444446,srp_am0.01,base,1.0,0.0,0.0,0.0,0.003,0.0,1.2110401044798205,1.5671869689779256,0.6981541328644773,inf,inf,inf,inf,inf,inf,inf,inf,inf
NRHO 9:2,7.0,237.94444444444446,srp_am0.02,base,1.0,0.0,0.0,0.0,0.006,0.0,1.2110401044798205,2.3570189572766362,1.203314103153514,inf,inf,inf,inf,inf,inf,inf,inf,inf
NRHO 9:2,7.0,237.94444444444446,srp_am0.05,base,1.0,0.0,0.0,0.0,0.015,0.0,1.2110401044798205,5.247639302877383,2.85761259528953,inf,inf,inf,inf,inf,inf,inf,inf,inf
NRHO 9:2,7.0,237.94444444444446,nosrp_am0.01,base,1.0,0.0,0.0,0.0,0.0,0.01,1.2110401044798205,1.2110401044798205,0.4076590120905925,inf,inf,inf,inf,inf,inf,inf,inf,inf
NRHO 9:2,7.0,237.94444444444446,nosrp_am0.05,base,1.0,0.0,0.0,0.0,0.0,0.05,1.2110401044798205,1.2110401044798205,0.4076243659164508,inf,inf,inf,inf,inf,inf,inf,inf,inf
NRHO 9:2,7.0,237.94444444444446,nominal,base,1.0,0.1,0.0,0.001,0.003,0.0,1.2110401044798205,1.6152266942679925,0.7032422987231969,inf,inf,inf,inf,inf,inf,inf,inf,inf
NRHO 9:2,7.0,237.94444444444446,conservative,base,1.0,0.5,0.1,0.01,0.015,0.0,1.2110401044798205,5.588920794206124,2.9307895149244123,inf,inf,inf,inf,inf,inf,inf,inf,inf
NRHO 9:2,7.0,237.94444444444446,nominal_0.3,base_0.3,0.3,0.1,0.0,0.001,0.003,0.0,0.3633120313533283,1.145382146360698,0.5907158663547163,inf,inf,inf,inf,inf,inf,inf,inf,inf
NRHO 9:2,7.0,237.94444444444446,conservative_0.3,base_0.3,0.3,0.5,0.1,0.01,0.015,0.0,0.3633120313533283,5.476066405839674,2.909903107393769,inf,inf,inf,inf,inf,inf,inf,inf,inf
NRHO 9:2,1.0,267.625,base,base,1.0,0.0,0.0,0.0,0.0,0.0,29.852098144762998,29.852098144762998,1.2024737227208793,inf,inf,inf,inf,inf,inf,inf,inf,inf
NRHO 9:2,1.0,267.625,base_0.3,base_0.3,0.3,0.0,0.0,0.0,0.0,0.0,8.955629756226497,8.955629756226497,0.3607141362648382,inf,inf,inf,inf,inf,inf,inf,inf,inf
NRHO 9:2,1.0,267.625,bias0.05,base,1.0,0.05,0.0,0.0,0.0,0.0,29.852098144762998,30.149857988099065,1.212011772933486,inf,inf,inf,inf,inf,inf,inf,inf,inf
NRHO 9:2,1.0,267.625,bias0.1,base,1.0,0.1,0.0,0.0,0.0,0.0,29.852098144762998,31.025996464871785,1.2401709594743018,inf,inf,inf,inf,inf,inf,inf,inf,inf
NRHO 9:2,1.0,267.625,bias0.2,base,1.0,0.2,0.0,0.0,0.0,0.0,29.852098144762998,34.30752898464118,1.3469016540352412,inf,inf,inf,inf,inf,inf,inf,inf,inf
NRHO 9:2,1.0,267.625,bias0.5,base,1.0,0.5,0.0,0.0,0.0,0.0,29.852098144762998,51.747128377733986,1.9561216457645076,21.419875777639128,21.388723986394876,inf,inf,inf,inf,inf,inf,inf
NRHO 9:2,1.0,267.625,common0.1,base,1.0,0.0,0.1,0.0,0.0,0.0,29.852098144762998,29.85244905873432,1.2446310986212226,inf,inf,inf,inf,inf,inf,inf,inf,inf
NRHO 9:2,1.0,267.625,common0.5,base,1.0,0.0,0.5,0.0,0.0,0.0,29.852098144762998,29.860878538560833,1.928167255454184,inf,inf,inf,inf,inf,inf,inf,inf,inf
NRHO 9:2,1.0,267.625,clock10ms,base,1.0,0.0,0.0,0.01,0.0,0.0,29.852098144762998,29.852452986843517,1.2025204462091414,inf,inf,inf,inf,inf,inf,inf,inf,inf
NRHO 9:2,1.0,267.625,srp_am0.005,base,1.0,0.0,0.0,0.0,0.0015,0.0,29.852098144762998,29.85220796212924,1.2072168815930762,inf,inf,inf,inf,inf,inf,inf,inf,inf
NRHO 9:2,1.0,267.625,srp_am0.01,base,1.0,0.0,0.0,0.0,0.003,0.0,29.852098144762998,29.852537411804953,1.2072168815930762,inf,inf,inf,inf,inf,inf,inf,inf,inf
NRHO 9:2,1.0,267.625,srp_am0.02,base,1.0,0.0,0.0,0.0,0.006,0.0,29.852098144762998,29.853855174165094,1.2072285812755355,inf,inf,inf,inf,inf,inf,inf,inf,inf
NRHO 9:2,1.0,267.625,srp_am0.05,base,1.0,0.0,0.0,0.0,0.015,0.0,29.852098144762998,29.86307788312386,1.207263602904427,inf,inf,inf,inf,inf,inf,inf,inf,inf
NRHO 9:2,1.0,267.625,nosrp_am0.01,base,1.0,0.0,0.0,0.0,0.0,0.01,29.852098144762998,29.852098144762998,1.0688252539300809,inf,inf,inf,inf,inf,inf,inf,inf,inf
NRHO 9:2,1.0,267.625,nosrp_am0.05,base,1.0,0.0,0.0,0.0,0.0,0.05,29.852098144762998,29.852098144762998,1.0688297165670346,inf,inf,inf,inf,inf,inf,inf,inf,inf
NRHO 9:2,1.0,267.625,nominal,base,1.0,0.1,0.0,0.001,0.003,0.0,29.852098144762998,31.02642252644948,1.2431017801030637,inf,inf,inf,inf,inf,inf,inf,inf,inf
NRHO 9:2,1.0,267.625,conservative,base,1.0,0.5,0.1,0.01,0.015,0.0,29.852098144762998,51.753870469858896,2.0066307421881717,27.142827228613864,27.010363936019083,inf,inf,inf,inf,inf,inf,inf
NRHO 9:2,1.0,267.625,nominal_0.3,base_0.3,0.3,0.1,0.0,0.001,0.003,0.0,8.955629756226497,12.316430128553348,0.48067527996570286,inf,inf,inf,inf,inf,inf,inf,inf,inf
NRHO 9:2,1.0,267.625,conservative_0.3,base_0.3,0.3,0.5,0.1,0.01,0.015,0.0,8.955629756226497,43.214800814927564,1.6267946916403042,28.59347160904602,28.023583942528628,inf,inf,inf,inf,inf,inf,inf
NRHO 9:2,3.0,267.625,base,base,1.0,0.0,0.0,0.0,0.0,0.0,3.6832351294557752,3.6832351294557752,0.82148893259162,inf,inf,inf,inf,inf,inf,inf,inf,inf
NRHO 9:2,3.0,267.625,base_0.3,base_0.3,0.3,0.0,0.0,0.0,0.0,0.0,1.1049705392597486,1.1049705392597489,0.24643280366943712,inf,inf,inf,inf,inf,inf,inf,inf,inf
NRHO 9:2,3.0,267.625,bias0.05,base,1.0,0.05,0.0,0.0,0.0,0.0,3.6832351294557752,3.6945230755462166,0.8239753257478704,inf,inf,inf,inf,inf,inf,inf,inf,inf
NRHO 9:2,3.0,267.625,bias0.1,base,1.0,0.1,0.0,0.0,0.0,0.0,3.6832351294557752,3.7281930186974788,0.8331770196095236,inf,inf,inf,inf,inf,inf,inf,inf,inf
NRHO 9:2,3.0,267.625,bias0.2,base,1.0,0.2,0.0,0.0,0.0,0.0,3.6832351294557752,3.86008466542824,0.8868884544037262,inf,inf,inf,inf,inf,inf,inf,inf,inf
NRHO 9:2,3.0,267.625,bias0.5,base,1.0,0.5,0.0,0.0,0.0,0.0,3.6832351294557752,4.683838757335745,1.217329610554876,inf,inf,inf,inf,inf,inf,inf,inf,inf
NRHO 9:2,3.0,267.625,common0.1,base,1.0,0.0,0.1,0.0,0.0,0.0,3.6832351294557752,3.6884172528271586,0.8745032797990987,inf,inf,inf,inf,inf,inf,inf,inf,inf
NRHO 9:2,3.0,267.625,common0.5,base,1.0,0.0,0.5,0.0,0.0,0.0,3.6832351294557752,3.820470182526043,1.803117313893207,inf,inf,inf,inf,inf,inf,inf,inf,inf
NRHO 9:2,3.0,267.625,clock10ms,base,1.0,0.0,0.0,0.01,0.0,0.0,3.6832351294557752,3.683238090636224,0.8214893246640226,inf,inf,inf,inf,inf,inf,inf,inf,inf
NRHO 9:2,3.0,267.625,srp_am0.005,base,1.0,0.0,0.0,0.0,0.0015,0.0,3.6832351294557752,3.693750586166859,0.8563117365507392,inf,inf,inf,inf,inf,inf,inf,inf,inf
NRHO 9:2,3.0,267.625,srp_am0.01,base,1.0,0.0,0.0,0.0,0.003,0.0,3.6832351294557752,3.725125536231187,0.8549478684843295,inf,inf,inf,inf,inf,inf,inf,inf,inf
NRHO 9:2,3.0,267.625,srp_am0.02,base,1.0,0.0,0.0,0.0,0.006,0.0,3.6832351294557752,3.8481568724133393,0.8497972519972955,inf,inf,inf,inf,inf,inf,inf,inf,inf
NRHO 9:2,3.0,267.625,srp_am0.05,base,1.0,0.0,0.0,0.0,0.015,0.0,3.6832351294557752,4.620620247236488,0.8604523846394398,inf,inf,inf,inf,inf,inf,inf,inf,inf
NRHO 9:2,3.0,267.625,nosrp_am0.01,base,1.0,0.0,0.0,0.0,0.0,0.01,3.6832351294557752,3.6832351294557752,0.8498059621587993,inf,inf,inf,inf,inf,inf,inf,inf,inf
NRHO 9:2,3.0,267.625,nosrp_am0.05,base,1.0,0.0,0.0,0.0,0.0,0.05,3.6832351294557752,3.6832351294557752,0.8498117421782444,inf,inf,inf,inf,inf,inf,inf,inf,inf
NRHO 9:2,3.0,267.625,nominal,base,1.0,0.1,0.0,0.001,0.003,0.0,3.6832351294557752,3.769605382568567,0.8603857508124556,inf,inf,inf,inf,inf,inf,inf,inf,inf
NRHO 9:2,3.0,267.625,conservative,base,1.0,0.5,0.1,0.01,0.015,0.0,3.6832351294557752,5.458498087608847,1.226750275795786,inf,inf,inf,inf,inf,inf,inf,inf,inf
NRHO 9:2,3.0,267.625,nominal_0.3,base_0.3,0.3,0.1,0.0,0.001,0.003,0.0,1.1049705392597486,1.3663568667655295,0.3096841205185456,inf,inf,inf,inf,inf,inf,inf,inf,inf
NRHO 9:2,3.0,267.625,conservative_0.3,base_0.3,0.3,0.5,0.1,0.01,0.015,0.0,1.1049705392597486,4.186456123527859,0.8792599373418922,inf,inf,inf,inf,inf,inf,inf,inf,inf
NRHO 9:2,7.0,267.625,base,base,1.0,0.0,0.0,0.0,0.0,0.0,0.889736378094836,0.8897363780948362,0.49830190242249117,inf,inf,inf,inf,inf,inf,inf,inf,inf
NRHO 9:2,7.0,267.625,base_0.3,base_0.3,0.3,0.0,0.0,0.0,0.0,0.0,0.2669209134357601,0.2669209134357601,0.14950700964676733,inf,inf,inf,inf,inf,inf,inf,inf,inf
NRHO 9:2,7.0,267.625,bias0.05,base,1.0,0.05,0.0,0.0,0.0,0.0,0.889736378094836,0.8944248219808226,0.5219329461074953,inf,inf,inf,inf,inf,inf,inf,inf,inf
NRHO 9:2,7.0,267.625,bias0.1,base,1.0,0.1,0.0,0.0,0.0,0.0,0.889736378094836,0.9085130955581384,0.5511491891884938,inf,inf,inf,inf,inf,inf,inf,inf,inf
NRHO 9:2,7.0,267.625,bias0.2,base,1.0,0.2,0.0,0.0,0.0,0.0,0.889736378094836,0.9650444326068294,0.70593098660894,inf,inf,inf,inf,inf,inf,inf,inf,inf
NRHO 9:2,7.0,267.625,bias0.5,base,1.0,0.5,0.0,0.0,0.0,0.0,0.889736378094836,1.3401313888704807,1.3372709138134065,inf,inf,inf,inf,inf,inf,inf,inf,inf
NRHO 9:2,7.0,267.625,common0.1,base,1.0,0.0,0.1,0.0,0.0,0.0,0.889736378094836,0.9322120088876219,0.694979197136705,inf,inf,inf,inf,inf,inf,inf,inf,inf
NRHO 9:2,7.0,267.625,common0.5,base,1.0,0.0,0.5,0.0,0.0,0.0,0.889736378094836,2.0633298005062244,2.57452260201299,inf,inf,inf,inf,inf,inf,inf,inf,inf
NRHO 9:2,7.0,267.625,clock10ms,base,1.0,0.0,0.0,0.01,0.0,0.0,0.889736378094836,0.889746240421167,0.49832086039749107,inf,inf,inf,inf,inf,inf,inf,inf,inf
NRHO 9:2,7.0,267.625,srp_am0.005,base,1.0,0.0,0.0,0.0,0.0015,0.0,0.889736378094836,1.2387270843459046,0.5978979188741044,inf,inf,inf,inf,inf,inf,inf,inf,inf
NRHO 9:2,7.0,267.625,srp_am0.01,base,1.0,0.0,0.0,0.0,0.003,0.0,0.889736378094836,1.9644708577952008,0.7774641226382598,inf,inf,inf,inf,inf,inf,inf,inf,inf
NRHO 9:2,7.0,267.625,srp_am0.02,base,1.0,0.0,0.0,0.0,0.006,0.0,0.889736378094836,3.6382881475312203,1.3892773051502405,inf,inf,inf,inf,inf,inf,inf,inf,inf
NRHO 9:2,7.0,267.625,srp_am0.05,base,1.0,0.0,0.0,0.0,0.015,0.0,0.889736378094836,8.885244894880978,3.5587389820200332,inf,inf,inf,inf,inf,inf,inf,inf,inf
NRHO 9:2,7.0,267.625,nosrp_am0.01,base,1.0,0.0,0.0,0.0,0.0,0.01,0.889736378094836,0.8897363780948362,0.5068182115504213,inf,inf,inf,inf,inf,inf,inf,inf,inf
NRHO 9:2,7.0,267.625,nosrp_am0.05,base,1.0,0.0,0.0,0.0,0.0,0.05,0.889736378094836,0.8897363780948362,0.5068276208671662,inf,inf,inf,inf,inf,inf,inf,inf,inf
NRHO 9:2,7.0,267.625,nominal,base,1.0,0.1,0.0,0.001,0.003,0.0,0.889736378094836,1.9740906299667917,0.8255820085354862,inf,inf,inf,inf,inf,inf,inf,inf,inf
NRHO 9:2,7.0,267.625,conservative,base,1.0,0.5,0.1,0.01,0.015,0.0,0.889736378094836,8.944346381987193,3.8225995723704256,inf,inf,inf,inf,inf,inf,inf,inf,inf
NRHO 9:2,7.0,267.625,nominal_0.3,base_0.3,0.3,0.1,0.0,0.001,0.003,0.0,0.2669209134357601,1.7978160365743443,0.7533483824699114,inf,inf,inf,inf,inf,inf,inf,inf,inf
NRHO 9:2,7.0,267.625,conservative_0.3,base_0.3,0.3,0.5,0.1,0.01,0.015,0.0,0.2669209134357601,8.907822585784771,3.8345981335609243,inf,inf,inf,inf,inf,inf,inf,inf,inf
NRHO 9:2,1.0,296.625,base,base,1.0,0.0,0.0,0.0,0.0,0.0,83.88418551021797,83.88418551021797,2.1985737309393953,5.302901675364224,5.290870293148887,17.556966716472605,18.388924441105974,18.376558045268155,inf,inf,inf,inf
NRHO 9:2,1.0,296.625,base_0.3,base_0.3,0.3,0.0,0.0,0.0,0.0,0.0,25.165264998240417,25.165264998240414,0.6594867495514799,inf,inf,inf,inf,inf,inf,inf,inf,inf
NRHO 9:2,1.0,296.625,bias0.05,base,1.0,0.05,0.0,0.0,0.0,0.0,83.88418551021797,84.3768817063717,2.2056318999098883,5.299690460516049,5.287666970785371,17.556966716472605,18.38366728363899,18.371071066809872,inf,inf,inf,inf
NRHO 9:2,1.0,296.625,bias0.1,base,1.0,0.1,0.0,0.0,0.0,0.0,83.88418551021797,85.83800543220737,2.2266908607751215,5.290342793786992,5.278373815598493,17.556966716472605,18.368577776408184,18.355333391889012,inf,inf,inf,inf
NRHO 9:2,1.0,296.625,bias0.2,base,1.0,0.2,0.0,0.0,0.0,0.0,83.88418551021797,91.4493648482408,2.3090360153196814,5.2567263607044925,5.245325591932315,17.556966716472605,18.31783434842452,18.302414911803364,inf,inf,inf,inf
NRHO 9:2,1.0,296.625,bias0.5,base,1.0,0.5,0.0,0.0,0.0,0.0,83.88418551021797,123.8015073308583,2.818505561412399,5.115229067819208,5.104819873239248,17.556966716472605,18.155383746879238,18.128233859516232,inf,inf,inf,inf
NRHO 9:2,1.0,296.625,common0.1,base,1.0,0.0,0.1,0.0,0.0,0.0,83.88418551021797,83.88543947884583,2.213818845711177,5.302954390181428,5.290948386175765,17.556966716472605,18.38892612540643,18.37654303715963,inf,inf,inf,inf
NRHO 9:2,1.0,296.625,common0.5,base,1.0,0.0,0.5,0.0,0.0,0.0,83.88418551021797,83.91553296243451,2.5412359193497087,5.302580657320743,5.291548309387984,17.556966716472605,18.386814795157694,18.374117507064796,inf,inf,inf,inf
NRHO 9:2,1.0,296.625,clock10ms,base,1.0,0.0,0.0,0.01,0.0,0.0,83.88418551021797,83.88418779572015,2.1986060191200147,5.30289836529921,5.290866376969745,17.556966716472605,18.388917843955447,18.376550981884254,inf,inf,inf,inf
NRHO 9:2,1.0,296.625,srp_am0.005,base,1.0,0.0,0.0,0.0,0.0015,0.0,83.88418551021797,83.88431734485603,2.4238602625719627,5.3316109864451935,5.336617412135725,17.556966716472605,inf,inf,inf,inf,inf,inf
NRHO 9:2,1.0,296.625,srp_am0.01,base,1.0,0.0,0.0,0.0,0.003,0.0,83.88418551021797,83.8847128475274,2.423862211313528,5.331610067383473,5.336613989267442,17.556966716472605,inf,inf,inf,inf,inf,inf
NRHO 9:2,1.0,296.625,srp_am0.02,base,1.0,0.0,0.0,0.0,0.006,0.0,83.88418551021797,83.88629483957102,2.4238660705326467,5.331586706419894,5.3365838137281845,17.556966716472605,inf,inf,inf,inf,inf,inf
NRHO 9:2,1.0,296.625,srp_am0.05,base,1.0,0.0,0.0,0.0,0.015,0.0,83.88418551021797,83.89736794885287,2.4239090571582174,5.331344601601097,5.336307167994587,17.556966716472605,inf,inf,inf,inf,inf,inf
NRHO 9:2,1.0,296.625,nosrp_am0.01,base,1.0,0.0,0.0,0.0,0.0,0.01,83.88418551021797,83.88418551021797,2.385093517547191,5.339281907016788,17.606583148426672,17.556966716472605,18.464240904258144,18.469352736465837,inf,inf,inf,inf
NRHO 9:2,1.0,296.625,nosrp_am0.05,base,1.0,0.0,0.0,0.0,0.0,0.05,83.88418551021797,83.88418551021797,2.3851135249425717,17.604999409579623,17.576215759272735,17.556966716472605,18.49157982126366,18.52055488891299,inf,inf,inf,inf
NRHO 9:2,1.0,296.625,nominal,base,1.0,0.1,0.0,0.001,0.003,0.0,83.88418551021797,85.83852079061863,2.45206562625534,5.316216243568366,5.320741460475463,17.556966716472605,18.573746129660734,inf,inf,inf,inf,inf
NRHO 9:2,1.0,296.625,conservative,base,1.0,0.5,0.1,0.01,0.015,0.0,83.88418551021797,123.81129132288446,3.103391214925626,5.100590800050381,5.09746753047789,17.556966716472605,18.193881440181077,18.183000018975825,inf,inf,inf,inf
NRHO 9:2,1.0,296.625,nominal_0.3,base_0.3,0.3,0.1,0.0,0.001,0.003,0.0,25.165264998240417,31.064261444198152,0.8145125982467593,18.493633813267607,18.49559458864554,inf,inf,inf,inf,inf,inf,inf
NRHO 9:2,1.0,296.625,conservative_0.3,base_0.3,0.3,0.5,0.1,0.01,0.015,0.0,25.165264998240417,94.47779627595227,2.0753389091221184,5.262002884663716,5.26070079337606,inf,18.479851319975293,18.444712777741614,inf,inf,inf,inf
NRHO 9:2,3.0,296.625,base,base,1.0,0.0,0.0,0.0,0.0,0.0,4.533908356348841,4.533908356348841,1.144510361175381,inf,inf,inf,inf,inf,inf,inf,inf,inf
NRHO 9:2,3.0,296.625,base_0.3,base_0.3,0.3,0.0,0.0,0.0,0.0,0.0,1.3601725070928872,1.3601725070928872,0.3433577087193928,inf,inf,inf,inf,inf,inf,inf,inf,inf
NRHO 9:2,3.0,296.625,bias0.05,base,1.0,0.05,0.0,0.0,0.0,0.0,4.533908356348841,4.6342745658868125,1.1521287886093297,inf,inf,inf,inf,inf,inf,inf,inf,inf
NRHO 9:2,3.0,296.625,bias0.1,base,1.0,0.1,0.0,0.0,0.0,0.0,4.533908356348841,4.9231956619001815,1.1754334484589195,inf,inf,inf,inf,inf,inf,inf,inf,inf
NRHO 9:2,3.0,296.625,bias0.2,base,1.0,0.2,0.0,0.0,0.0,0.0,4.533908356348841,5.94057760397355,1.2704590432638472,inf,inf,inf,inf,inf,inf,inf,inf,inf
NRHO 9:2,3.0,296.625,bias0.5,base,1.0,0.5,0.0,0.0,0.0,0.0,4.533908356348841,10.616937582362796,1.8342241705977813,inf,inf,inf,inf,inf,inf,inf,inf,inf
NRHO 9:2,3.0,296.625,common0.1,base,1.0,0.0,0.1,0.0,0.0,0.0,4.533908356348841,4.563740630143775,1.2142904086950765,inf,inf,inf,inf,inf,inf,inf,inf,inf
NRHO 9:2,3.0,296.625,common0.5,base,1.0,0.0,0.5,0.0,0.0,0.0,4.533908356348841,5.257692850803479,2.369011299126425,inf,inf,inf,inf,inf,inf,inf,inf,inf
NRHO 9:2,3.0,296.625,clock10ms,base,1.0,0.0,0.0,0.01,0.0,0.0,4.533908356348841,4.533991583929075,1.144555991432933,inf,inf,inf,inf,inf,inf,inf,inf,inf
NRHO 9:2,3.0,296.625,srp_am0.005,base,1.0,0.0,0.0,0.0,0.0015,0.0,4.533908356348841,4.537154842852929,1.1009163936818753,inf,inf,inf,inf,inf,inf,inf,inf,inf
NRHO 9:2,3.0,296.625,srp_am0.01,base,1.0,0.0,0.0,0.0,0.003,0.0,4.533908356348841,4.5468825931714,1.1013121234667136,inf,inf,inf,inf,inf,inf,inf,inf,inf
NRHO 9:2,3.0,296.625,srp_am0.02,base,1.0,0.0,0.0,0.0,0.006,0.0,4.533908356348841,4.585619222468056,1.1028142076041527,inf,inf,inf,inf,inf,inf,inf,inf,inf
NRHO 9:2,3.0,296.625,srp_am0.05,base,1.0,0.0,0.0,0.0,0.015,0.0,4.533908356348841,4.849306544125736,1.1063670485758124,inf,inf,inf,inf,inf,inf,inf,inf,inf
NRHO 9:2,3.0,296.625,nosrp_am0.01,base,1.0,0.0,0.0,0.0,0.0,0.01,4.533908356348841,4.533908356348841,1.1007227188386217,inf,inf,inf,inf,inf,inf,inf,inf,inf
NRHO 9:2,3.0,296.625,nosrp_am0.05,base,1.0,0.0,0.0,0.0,0.0,0.05,4.533908356348841,4.533908356348841,1.1007271251495003,inf,inf,inf,inf,inf,inf,inf,inf,inf
NRHO 9:2,3.0,296.625,nominal,base,1.0,0.1,0.0,0.001,0.003,0.0,4.533908356348841,4.935169538668084,1.142478908093625,inf,inf,inf,inf,inf,inf,inf,inf,inf
NRHO 9:2,3.0,296.625,conservative,base,1.0,0.5,0.1,0.01,0.015,0.0,4.533908356348841,10.768255681723344,1.8656826588922653,inf,inf,inf,inf,inf,inf,inf,inf,inf
NRHO 9:2,3.0,296.625,nominal_0.3,base_0.3,0.3,0.1,0.0,0.001,0.003,0.0,1.3601725070928872,2.377862441636449,0.43915337903484664,inf,inf,inf,inf,inf,inf,inf,inf,inf
NRHO 9:2,3.0,296.625,conservative_0.3,base_0.3,0.3,0.5,0.1,0.01,0.015,0.0,1.3601725070928872,9.863160725451571,1.5151057722585874,inf,inf,inf,inf,inf,inf,inf,inf,inf
NRHO 9:2,7.0,296.625,base,base,1.0,0.0,0.0,0.0,0.0,0.0,0.9813056014761898,0.9813056014761898,0.5611957074777627,inf,inf,inf,inf,inf,inf,inf,inf,inf
NRHO 9:2,7.0,296.625,base_0.3,base_0.3,0.3,0.0,0.0,0.0,0.0,0.0,0.2943916804467719,0.29439168044677194,0.16838071046397568,inf,inf,inf,inf,inf,inf,inf,inf,inf
NRHO 9:2,7.0,296.625,bias0.05,base,1.0,0.05,0.0,0.0,0.0,0.0,0.9813056014761898,0.9881621677377971,0.5606177713947791,inf,inf,inf,inf,inf,inf,inf,inf,inf
NRHO 9:2,7.0,296.625,bias0.1,base,1.0,0.1,0.0,0.0,0.0,0.0,0.9813056014761898,1.008495635860276,0.5589051657794698,inf,inf,inf,inf,inf,inf,inf,inf,inf
NRHO 9:2,7.0,296.625,bias0.2,base,1.0,0.2,0.0,0.0,0.0,0.0,0.9813056014761898,1.086511195005839,0.5534241443788815,inf,inf,inf,inf,inf,inf,inf,inf,inf
NRHO 9:2,7.0,296.625,bias0.5,base,1.0,0.5,0.0,0.0,0.0,0.0,0.9813056014761898,1.530601436200441,0.623146993245227,inf,inf,inf,inf,inf,inf,inf,inf,inf
NRHO 9:2,7.0,296.625,common0.1,base,1.0,0.0,0.1,0.0,0.0,0.0,0.9813056014761898,1.0675995056102203,0.5467708320702094,inf,inf,inf,inf,inf,inf,inf,inf,inf
NRHO 9:2,7.0,296.625,common0.5,base,1.0,0.0,0.5,0.0,0.0,0.0,0.9813056014761898,2.350734904963209,0.6862127465761024,inf,inf,inf,inf,inf,inf,inf,inf,inf
NRHO 9:2,7.0,296.625,clock10ms,base,1.0,0.0,0.0,0.01,0.0,0.0,0.9813056014761898,0.9813225951698328,0.5611957861640922,inf,inf,inf,inf,inf,inf,inf,inf,inf
NRHO 9:2,7.0,296.625,srp_am0.005,base,1.0,0.0,0.0,0.0,0.0015,0.0,0.9813056014761898,1.1997620368956605,0.5888082132499444,inf,inf,inf,inf,inf,inf,inf,inf,inf
NRHO 9:2,7.0,296.625,srp_am0.01,base,1.0,0.0,0.0,0.0,0.003,0.0,0.9813056014761898,1.7084783996871418,0.6466338128155346,inf,inf,inf,inf,inf,inf,inf,inf,inf
NRHO 9:2,7.0,296.625,srp_am0.02,base,1.0,0.0,0.0,0.0,0.006,0.0,0.9813056014761898,2.985423140082045,1.1274192564423007,inf,inf,inf,inf,inf,inf,inf,inf,inf
NRHO 9:2,7.0,296.625,srp_am0.05,base,1.0,0.0,0.0,0.0,0.015,0.0,0.9813056014761898,7.138592032097651,2.767417631952287,inf,inf,inf,inf,inf,inf,inf,inf,inf
NRHO 9:2,7.0,296.625,nosrp_am0.01,base,1.0,0.0,0.0,0.0,0.0,0.01,0.9813056014761898,0.9813056014761898,0.5673170675438653,inf,inf,inf,inf,inf,inf,inf,inf,inf
NRHO 9:2,7.0,296.625,nosrp_am0.05,base,1.0,0.0,0.0,0.0,0.0,0.05,0.9813056014761898,0.9813056014761898,0.5673086586317574,inf,inf,inf,inf,inf,inf,inf,inf,inf
NRHO 9:2,7.0,296.625,nominal,base,1.0,0.1,0.0,0.001,0.003,0.0,0.9813056014761898,1.723985233286592,0.6490997179221635,inf,inf,inf,inf,inf,inf,inf,inf,inf
NRHO 9:2,7.0,296.625,conservative,base,1.0,0.5,0.1,0.01,0.015,0.0,0.9813056014761898,7.240393840231249,2.6694507354990193,inf,inf,inf,inf,inf,inf,inf,inf,inf
NRHO 9:2,7.0,296.625,nominal_0.3,base_0.3,0.3,0.1,0.0,0.001,0.003,0.0,0.2943916804467719,1.461236030341856,0.5504343659621275,inf,inf,inf,inf,inf,inf,inf,inf,inf
NRHO 9:2,7.0,296.625,conservative_0.3,base_0.3,0.3,0.5,0.1,0.01,0.015,0.0,0.2943916804467719,7.183567256802407,2.7381582135616975,inf,inf,inf,inf,inf,inf,inf,inf,inf
NRHO 9:2,1.0,326.25694444444446,base,base,1.0,0.0,0.0,0.0,0.0,0.0,63.48424394621773,63.48424394621773,2.2496216400927973,27.916983279962427,27.92262721152759,21.379886207382764,inf,inf,inf,inf,inf,inf
NRHO 9:2,1.0,326.25694444444446,base_0.3,base_0.3,0.3,0.0,0.0,0.0,0.0,0.0,19.045276496117598,19.045276496117598,0.6748177454886968,inf,inf,inf,inf,inf,inf,inf,inf,inf
NRHO 9:2,1.0,326.25694444444446,bias0.05,base,1.0,0.05,0.0,0.0,0.0,0.0,63.48424394621773,63.83380657799094,2.2615631022391014,27.91249655983398,27.917531857934016,21.379886207382764,inf,inf,inf,inf,inf,inf
NRHO 9:2,1.0,326.25694444444446,bias0.1,base,1.0,0.1,0.0,0.0,0.0,0.0,63.48424394621773,64.8711945127762,2.297017075167712,27.89917328862067,27.90241874873533,21.379886207382764,inf,inf,inf,inf,inf,inf
NRHO 9:2,1.0,326.25694444444446,bias0.2,base,1.0,0.2,0.0,0.0,0.0,0.0,63.48424394621773,68.86466022591017,2.4335402419477212,21.426916827898665,21.42075206945352,21.379886207382764,inf,inf,inf,inf,inf,inf
NRHO 9:2,1.0,326.25694444444446,bias0.5,base,1.0,0.5,0.0,0.0,0.0,0.0,63.48424394621773,92.09158669776194,3.2296157404379255,21.266306239150218,21.25739279103481,21.379886207382764,inf,inf,inf,inf,inf,inf
NRHO 9:2,1.0,326.25694444444446,common0.1,base,1.0,0.0,0.1,0.0,0.0,0.0,63.48424394621773,63.48425692671435,2.2684763269303687,27.921505227248748,27.928554490049105,21.379886207382764,inf,inf,inf,inf,inf,inf
NRHO 9:2,1.0,326.25694444444446,common0.5,base,1.0,0.0,0.5,0.0,0.0,0.0,63.48424394621773,63.48456853141272,2.598024974458401,21.421028948568186,21.41418306989346,21.379886207382764,inf,inf,inf,inf,inf,inf
NRHO 9:2,1.0,326.25694444444446,clock10ms,base,1.0,0.0,0.0,0.01,0.0,0.0,63.48424394621773,63.48470883573029,2.249667874234065,27.91696670997415,27.922607941619013,21.379886207382764,inf,inf,inf,inf,inf,inf
NRHO 9:2,1.0,326.25694444444446,srp_am0.005,base,1.0,0.0,0.0,0.0,0.0015,0.0,63.48424394621773,63.48429791603726,2.391641613330884,21.408755828930676,21.404057655360333,21.379886207382764,inf,inf,inf,inf,inf,inf
NRHO 9:2,1.0,326.25694444444446,srp_am0.01,base,1.0,0.0,0.0,0.0,0.003,0.0,63.48424394621773,63.484459825220654,2.391639657742338,21.40758900177885,21.402878197380925,21.379886207382764,inf,inf,inf,inf,inf,inf
NRHO 9:2,1.0,326.25694444444446,srp_am0.02,base,1.0,0.0,0.0,0.0,0.006,0.0,63.48424394621773,63.48510745782712,2.3916455633153224,21.40998187238089,21.405100115286853,21.379886207382764,inf,inf,inf,inf,inf,inf
NRHO 9:2,1.0,326.25694444444446,srp_am0.05,base,1.0,0.0,0.0,0.0,0.015,0.0,63.48424394621773,63.48964070119192,2.3916693407084177,21.42955150868016,21.42570016374928,21.379886207382764,inf,inf,inf,inf,inf,inf
NRHO 9:2,1.0,326.25694444444446,nosrp_am0.01,base,1.0,0.0,0.0,0.0,0.0,0.01,63.48424394621773,63.48424394621773,2.1172967971063223,27.899730150999428,27.925787021070033,21.379886207382764,inf,inf,inf,inf,inf,inf
NRHO 9:2,1.0,326.25694444444446,nosrp_am0.05,base,1.0,0.0,0.0,0.0,0.0,0.05,63.48424394621773,63.48424394621773,2.117307993604447,21.443092772782148,21.432114412911435,21.379886207382764,inf,inf,inf,inf,inf,inf
NRHO 9:2,1.0,326.25694444444446,nominal,base,1.0,0.1,0.0,0.001,0.003,0.0,63.48424394621773,64.8714103265257,2.441057445051623,21.400639126066086,21.396198548414887,21.379886207382764,inf,inf,inf,inf,inf,inf
NRHO 9:2,1.0,326.25694444444446,conservative,base,1.0,0.5,0.1,0.01,0.015,0.0,63.48424394621773,92.09563679749854,3.429190727247979,21.254001565066496,21.252298759969527,21.379886207382764,inf,inf,inf,inf,inf,inf
NRHO 9:2,1.0,326.25694444444446,nominal_0.3,base_0.3,0.3,0.1,0.0,0.001,0.003,0.0,19.045276496117598,23.254556675321464,0.8677035517001546,inf,inf,inf,inf,inf,inf,inf,inf,inf
NRHO 9:2,1.0,326.25694444444446,conservative_0.3,base_0.3,0.3,0.5,0.1,0.01,0.015,0.0,19.045276496117598,69.38386125954783,2.556154802690407,28.120977687109587,28.056262876572145,inf,inf,inf,inf,inf,inf,inf
NRHO 9:2,3.0,326.25694444444446,base,base,1.0,0.0,0.0,0.0,0.0,0.0,5.178211878649027,5.178211878649027,0.9120498015863054,inf,inf,inf,inf,inf,inf,inf,inf,inf
NRHO 9:2,3.0,326.25694444444446,base_0.3,base_0.3,0.3,0.0,0.0,0.0,0.0,0.0,1.5534635645451347,1.5534635645451347,0.2736048412089691,inf,inf,inf,inf,inf,inf,inf,inf,inf
NRHO 9:2,3.0,326.25694444444446,bias0.05,base,1.0,0.05,0.0,0.0,0.0,0.0,5.178211878649027,5.202513722005589,0.9148380596945843,inf,inf,inf,inf,inf,inf,inf,inf,inf
NRHO 9:2,3.0,326.25694444444446,bias0.1,base,1.0,0.1,0.0,0.0,0.0,0.0,5.178211878649027,5.2747510599148715,0.9194633678647802,inf,inf,inf,inf,inf,inf,inf,inf,inf
NRHO 9:2,3.0,326.25694444444446,bias0.2,base,1.0,0.2,0.0,0.0,0.0,0.0,5.178211878649027,5.554357378575786,0.9693170714078029,inf,inf,inf,inf,inf,inf,inf,inf,inf
NRHO 9:2,3.0,326.25694444444446,bias0.5,base,1.0,0.5,0.0,0.0,0.0,0.0,5.178211878649027,7.215089145943023,1.2340717436156932,inf,inf,inf,inf,inf,inf,inf,inf,inf
NRHO 9:2,3.0,326.25694444444446,common0.1,base,1.0,0.0,0.1,0.0,0.0,0.0,5.178211878649027,5.181360608408989,0.9417029939881038,inf,inf,inf,inf,inf,inf,inf,inf,inf
NRHO 9:2,3.0,326.25694444444446,common0.5,base,1.0,0.0,0.5,0.0,0.0,0.0,5.178211878649027,5.259395750162231,1.6080054904296621,inf,inf,inf,inf,inf,inf,inf,inf,inf
NRHO 9:2,3.0,326.25694444444446,clock10ms,base,1.0,0.0,0.0,0.01,0.0,0.0,5.178211878649027,5.1782287145201105,0.9120651314459163,inf,inf,inf,inf,inf,inf,inf,inf,inf
NRHO 9:2,3.0,326.25694444444446,srp_am0.005,base,1.0,0.0,0.0,0.0,0.0015,0.0,5.178211878649027,5.189250176895867,1.0681768303726045,inf,inf,inf,inf,inf,inf,inf,inf,inf
NRHO 9:2,3.0,326.25694444444446,srp_am0.01,base,1.0,0.0,0.0,0.0,0.003,0.0,5.178211878649027,5.222229400554843,1.0679216947697807,inf,inf,inf,inf,inf,inf,inf,inf,inf
NRHO 9:2,3.0,326.25694444444446,srp_am0.02,base,1.0,0.0,0.0,0.0,0.006,0.0,5.178211878649027,5.352173694996979,1.0648529672994127,inf,inf,inf,inf,inf,inf,inf,inf,inf
NRHO 9:2,3.0,326.25694444444446,srp_am0.05,base,1.0,0.0,0.0,0.0,0.015,0.0,5.178211878649027,6.187431640909208,1.0615567170087998,inf,inf,inf,inf,inf,inf,inf,inf,inf
NRHO 9:2,3.0,326.25694444444446,nosrp_am0.01,base,1.0,0.0,0.0,0.0,0.0,0.01,5.178211878649027,5.178211878649027,0.9401818882960988,inf,inf,inf,inf,inf,inf,inf,inf,inf
NRHO 9:2,3.0,326.25694444444446,nosrp_am0.05,base,1.0,0.0,0.0,0.0,0.0,0.05,5.178211878649027,5.178211878649027,0.9402020837697911,inf,inf,inf,inf,inf,inf,inf,inf,inf
NRHO 9:2,3.0,326.25694444444446,nominal,base,1.0,0.1,0.0,0.001,0.003,0.0,5.178211878649027,5.317979560088485,1.0838567506378565,inf,inf,inf,inf,inf,inf,inf,inf,inf
NRHO 9:2,3.0,326.25694444444446,conservative,base,1.0,0.5,0.1,0.01,0.015,0.0,5.178211878649027,7.973627193738067,1.513462287351901,inf,inf,inf,inf,inf,inf,inf,inf,inf
NRHO 9:2,3.0,326.25694444444446,nominal_0.3,base_0.3,0.3,0.1,0.0,0.001,0.003,0.0,1.5534635645451347,1.9701860917971867,0.3788947575024231,inf,inf,inf,inf,inf,inf,inf,inf,inf
NRHO 9:2,3.0,326.25694444444446,conservative_0.3,base_0.3,0.3,0.5,0.1,0.01,0.015,0.0,1.5534635645451347,6.262329777992914,1.0701642324974467,inf,inf,inf,inf,inf,inf,inf,inf,inf
NRHO 9:2,7.0,326.25694444444446,base,base,1.0,0.0,0.0,0.0,0.0,0.0,0.9546839658376368,0.954683965837637,0.4984616283025444,inf,inf,inf,inf,inf,inf,inf,inf,inf
NRHO 9:2,7.0,326.25694444444446,base_0.3,base_0.3,0.3,0.0,0.0,0.0,0.0,0.0,0.28640518975446655,0.28640518975446655,0.1495299295872584,inf,inf,inf,inf,inf,inf,inf,inf,inf
NRHO 9:2,7.0,326.25694444444446,bias0.05,base,1.0,0.05,0.0,0.0,0.0,0.0,0.9546839658376368,0.9628925915332771,0.5040731370324155,inf,inf,inf,inf,inf,inf,inf,inf,inf
NRHO 9:2,7.0,326.25694444444446,bias0.1,base,1.0,0.1,0.0,0.0,0.0,0.0,0.9546839658376368,0.9875293569908468,0.5382438154351188,inf,inf,inf,inf,inf,inf,inf,inf,inf
NRHO 9:2,7.0,326.25694444444446,bias0.2,base,1.0,0.2,0.0,0.0,0.0,0.0,0.9546839658376368,1.08533152395209,0.6391425814126995,inf,inf,inf,inf,inf,inf,inf,inf,inf
NRHO 9:2,7.0,326.25694444444446,bias0.5,base,1.0,0.5,0.0,0.0,0.0,0.0,0.9546839658376368,1.6702123854615747,1.3170248402576974,inf,inf,inf,inf,inf,inf,inf,inf,inf
NRHO 9:2,7.0,326.25694444444446,common0.1,base,1.0,0.0,0.1,0.0,0.0,0.0,0.9546839658376368,1.0396621596398306,0.6266649017892355,inf,inf,inf,inf,inf,inf,inf,inf,inf
NRHO 9:2,7.0,326.25694444444446,common0.5,base,1.0,0.0,0.5,0.0,0.0,0.0,0.9546839658376368,2.634575675379836,2.433624963944099,inf,inf,inf,inf,inf,inf,inf,inf,inf
NRHO 9:2,7.0,326.25694444444446,clock10ms,base,1.0,0.0,0.0,0.01,0.0,0.0,0.9546839658376368,0.9546865919123393,0.49848030063671306,inf,inf,inf,inf,inf,inf,inf,inf,inf
NRHO 9:2,7.0,326.25694444444446,srp_am0.005,base,1.0,0.0,0.0,0.0,0.0015,0.0,0.9546839658376368,1.3815598909344446,0.6179876628313296,inf,inf,inf,inf,inf,inf,inf,inf,inf
NRHO 9:2,7.0,326.25694444444446,srp_am0.01,base,1.0,0.0,0.0,0.0,0.003,0.0,0.9546839658376368,2.2468759378812555,0.7956610837494951,inf,inf,inf,inf,inf,inf,inf,inf,inf
NRHO 9:2,7.0,326.25694444444446,srp_am0.02,base,1.0,0.0,0.0,0.0,0.006,0.0,0.9546839658376368,4.208560063164647,1.369038872910838,inf,inf,inf,inf,inf,inf,inf,inf,inf
NRHO 9:2,7.0,326.25694444444446,srp_am0.05,base,1.0,0.0,0.0,0.0,0.015,0.0,0.9546839658376368,10.316752806090895,3.4476115336969637,inf,inf,inf,inf,inf,inf,inf,inf,inf
NRHO 9:2,7.0,326.25694444444446,nosrp_am0.01,base,1.0,0.0,0.0,0.0,0.0,0.01,0.9546839658376368,0.954683965837637,0.4866033702367953,inf,inf,inf,inf,inf,inf,inf,inf,inf
NRHO 9:2,7.0,326.25694444444446,nosrp_am0.05,base,1.0,0.0,0.0,0.0,0.0,0.05,0.9546839658376368,0.954683965837637,0.48665180690303245,inf,inf,inf,inf,inf,inf,inf,inf,inf
NRHO 9:2,7.0,326.25694444444446,nominal,base,1.0,0.1,0.0,0.001,0.003,0.0,0.9546839658376368,2.2626994653082293,0.8349343129529334,inf,inf,inf,inf,inf,inf,inf,inf,inf
NRHO 9:2,7.0,326.25694444444446,conservative,base,1.0,0.5,0.1,0.01,0.015,0.0,0.9546839658376368,10.412539378787034,3.500292781530753,inf,inf,inf,inf,inf,inf,inf,inf,inf
NRHO 9:2,7.0,326.25694444444446,nominal_0.3,base_0.3,0.3,0.1,0.0,0.001,0.003,0.0,0.28640518975446655,2.090373133497992,0.6972937403954962,inf,inf,inf,inf,inf,inf,inf,inf,inf
NRHO 9:2,7.0,326.25694444444446,conservative_0.3,base_0.3,0.3,0.5,0.1,0.01,0.015,0.0,0.28640518975446655,10.377198166972489,3.5164924344597988,inf,inf,inf,inf,inf,inf,inf,inf,inf
L1 halo (Az~30k km),1.0,1.0069444444444444,base,base,1.0,0.0,0.0,0.0,0.0,0.0,37.65016333034149,37.65016333034149,1.4160021181537008,9.932952090671948,9.946547004353999,9.88593540374178,10.86011249186736,10.863157678977043,10.862449211511773,11.892088528657842,11.888011542673958,12.057974023027166
L1 halo (Az~30k km),1.0,1.0069444444444444,base_0.3,base_0.3,0.3,0.0,0.0,0.0,0.0,0.0,11.295049914509729,11.295049914509729,0.4249038262819105,10.95700968112872,10.939885652251602,10.902829618440126,12.17252395161313,12.156491407154423,12.136291523286246,13.499848497854288,13.52432909006359,13.891404557100588
L1 halo (Az~30k km),1.0,1.0069444444444444,bias0.05,base,1.0,0.05,0.0,0.0,0.0,0.0,37.65016333034149,37.91665706566718,1.4264325664724369,9.92472843226575,9.937542260190192,9.88593540374178,10.852987960055824,10.85558587612846,10.862449211511773,11.892304428682527,11.887763956238526,12.057974023027166
L1 halo (Az~30k km),1.0,1.0069444444444444,bias0.1,base,1.0,0.1,0.0,0.0,0.0,0.0,37.65016333034149,38.70513067161345,1.4572661557499684,9.900722230019975,9.91121580600166,9.88593540374178,10.83228361565145,10.83363135878313,10.862449211511773,11.885800722831801,11.880105885804149,12.057974023027166
L1 halo (Az~30k km),1.0,1.0069444444444444,bias0.2,base,1.0,0.2,0.0,0.0,0.0,0.0,37.65016333034149,41.7102412512425,1.5744372088444505,9.802673415991649,9.804257446382957,9.88593540374178,10.757761606977033,10.75511720235111,10.862449211511773,11.811876430245066,11.800635979751867,12.057974023027166
L1 halo (Az~30k km),1.0,1.0069444444444444,bias0.5,base,1.0,0.5,0.0,0.0,0.0,0.0,37.65016333034149,58.577682337375485,2.33129029090027,7.96112677785484,7.275968153180328,9.88593540374178,10.379242564237513,10.35762727371949,10.862449211511773,11.493187464384919,11.454552456314163,12.057974023027166
L1 halo (Az~30k km),1.0,1.0069444444444444,common0.1,base,1.0,0.0,0.1,0.0,0.0,0.0,37.65016333034149,37.650195115588104,1.4234218189725745,9.933022320459957,9.9468700382688,9.88593540374178,10.858163228033696,10.86124027334424,10.862449211511773,11.89186142255971,11.88760570565951,12.057974023027166
L1 halo (Az~30k km),1.0,1.0069444444444444,common0.5,base,1.0,0.0,0.5,0.0,0.0,0.0,37.65016333034149,37.65095827749758,1.9792028434288058,9.933060813675834,9.948816003261797,9.88593540374178,10.861941742197008,10.865988655913322,10.862449211511773,11.891521883497191,11.88742709745033,12.057974023027166
L1 halo (Az~30k km),1.0,1.0069444444444444,clock10ms,base,1.0,0.0,0.0,0.01,0.0,0.0,37.65016333034149,37.650809014209635,1.4160592386038624,9.932932692886077,9.946525244073996,9.88593540374178,10.860088376549728,10.863132212671232,10.862449211511773,11.892078135758226,11.887999617998018,12.057974023027166
L1 halo (Az~30k km),1.0,1.0069444444444444,srp_am0.005,base,1.0,0.0,0.0,0.0,0.0015,0.0,37.65016333034149,37.65019261407055,1.5056131779315312,9.83921851350118,9.836734536625977,9.88593540374178,10.85511329762313,10.846147092329314,10.862449211511773,11.91816458724355,11.924144485666076,12.057974023027166
L1 halo (Az~30k km),1.0,1.0069444444444444,srp_am0.01,base,1.0,0.0,0.0,0.0,0.003,0.0,37.65016333034149,37.6502804651211,1.5056194212554355,9.844022975681556,9.841519651316014,9.88593540374178,10.854173800091209,10.845352438026714,10.862449211511773,11.917518392540806,11.922642607935225,12.057974023027166
L1 halo (Az~30k km),1.0,1.0069444444444444,srp_am0.02,base,1.0,0.0,0.0,0.0,0.006,0.0,37.65016333034149,37.65063186727406,1.5056225584762204,9.85247010732587,9.849951096748633,9.88593540374178,10.851118140427399,10.842766485184336,10.862449211511773,11.91616124806097,11.919756843989521,12.057974023027166
L1 halo (Az~30k km),1.0,1.0069444444444444,srp_am0.05,base,1.0,0.0,0.0,0.0,0.015,0.0,37.65016333034149,37.65309159054547,1.5056445811118928,9.866784771637011,9.864371106324443,9.88593540374178,10.833856697225212,10.829155889010472,10.862449211511773,11.908845068315014,11.912094831507858,12.057974023027166
L1 halo (Az~30k km),1.0,1.0069444444444444,nosrp_am0.01,base,1.0,0.0,0.0,0.0,0.0,0.01,37.65016333034149,37.65016333034149,1.272732134037219,9.657184200708517,9.62439299406865,9.88593540374178,10.721502102316425,10.683467329305659,10.862449211511773,11.843963204256818,11.861978064958745,12.057974023027166
L1 halo (Az~30k km),1.0,1.0069444444444444,nosrp_am0.05,base,1.0,0.0,0.0,0.0,0.0,0.05,37.65016333034149,37.65016333034149,1.272739522519862,9.60776584121779,9.51018920752883,9.88593540374178,10.689316076915894,10.583662988972353,10.862449211511773,11.880161674459513,11.77859270259425,12.057974023027166
L1 halo (Az~30k km),1.0,1.0069444444444444,nominal,base,1.0,0.1,0.0,0.001,0.003,0.0,37.65016333034149,38.70525089471532,1.5546385802921414,9.806991636521923,9.801961051205684,9.88593540374178,10.826086455518316,10.816136293717244,10.862449211511773,11.931377388305142,11.941855615634912,12.057974023027166
L1 halo (Az~30k km),1.0,1.0069444444444444,conservative,base,1.0,0.5,0.1,0.01,0.015,0.0,37.65016333034149,58.57999984708017,2.479086122398036,7.323161832283171,7.32067008965153,9.88593540374178,10.359599703603116,10.338807425625372,10.862449211511773,11.473068980683312,11.453760355419119,12.057974023027166
L1 halo (Az~30k km),1.0,1.0069444444444444,nominal_0.3,base_0.3,0.3,0.1,0.0,0.001,0.003,0.0,11.295049914509729,14.42705320558712,0.5942489290494449,10.718486920897558,10.71798177638868,10.902829618440126,11.85820281024499,11.861850954473564,12.136291523286246,13.160855380421088,13.162408324337715,13.891404557100588
L1 halo (Az~30k km),1.0,1.0069444444444444,conservative_0.3,base_0.3,0.3,0.5,0.1,0.01,0.015,0.0,11.295049914509729,46.27808745292206,2.0150239714983167,9.538321346031742,9.461168286381334,10.902829618440126,10.603020222058872,10.566461399442888,12.136291523286246,11.669515817394204,11.622804216207562,13.891404557100588
L1 halo (Az~30k km),7.0,31.75,base,base,1.0,0.0,0.0,0.0,0.0,0.0,2.121835870529605,2.121835870529556,1.5544705059134702,14.808843297847822,14.810127786806799,14.820910177028107,15.94455334321269,15.937064776920629,15.924299355134892,16.85884460180152,16.88887639974819,16.87712459036243
L1 halo (Az~30k km),7.0,31.75,base_0.3,base_0.3,0.3,0.0,0.0,0.0,0.0,0.0,0.6365507611768918,0.6365507611768702,0.46633937847644324,16.09010767482946,16.0890363640034,15.963580091877521,17.252609617529927,17.261307617316387,17.08531806517421,18.372663834143186,18.372724961527048,18.831924563320968
L1 halo (Az~30k km),7.0,31.75,bias0.05,base,1.0,0.05,0.0,0.0,0.0,0.0,2.121835870529605,2.128682225809267,1.5640868210701153,14.800817138539779,14.801425079117465,14.820910177028107,15.937980760464308,15.930209638379397,15.924299355134892,16.858531204468523,16.88768382596962,16.87712459036243
L1 halo (Az~30k km),7.0,31.75,bias0.1,base,1.0,0.1,0.0,0.0,0.0,0.0,2.121835870529605,2.14909367801574,1.5894855545989548,14.778410339281928,14.77703269551743,14.820910177028107,15.9196879472031,15.911055892310033,15.924299355134892,16.857815511517675,16.88482119071877,16.87712459036243
L1 halo (Az~30k km),7.0,31.75,bias0.2,base,1.0,0.2,0.0,0.0,0.0,0.0,2.121835870529605,2.22891361953666,1.6684923007238406,14.702570035829746,14.693818838958919,14.820910177028107,15.857812886241707,15.845702599866996,15.924299355134892,16.856373737336884,16.87846317081224,16.87712459036243
L1 halo (Az~30k km),7.0,31.75,bias0.5,base,1.0,0.5,0.0,0.0,0.0,0.0,2.121835870529605,2.72386479653078,2.0192412947746763,12.035300016979814,12.031872120900372,14.820910177028107,15.585258450732562,15.551193450653143,15.924299355134892,16.706066400439006,16.66509279590071,16.87712459036243
L1 halo (Az~30k km),7.0,31.75,common0.1,base,1.0,0.0,0.1,0.0,0.0,0.0,2.121835870529605,2.171606007283349,1.6292461747880653,14.736338083626986,14.731721944156492,14.820910177028107,15.885417983451102,15.875336980564688,15.924299355134892,16.85641615522466,16.881399832529638,16.87712459036243
L1 halo (Az~30k km),7.0,31.75,common0.5,base,1.0,0.0,0.5,0.0,0.0,0.0,2.121835870529605,3.1507927104464826,2.0768435863521986,11.230405101131181,11.224558795487999,14.820910177028107,15.260744790394083,15.19259017827292,15.924299355134892,16.341243988746847,16.284978436626037,16.87712459036243
L1 halo (Az~30k km),7.0,31.75,clock10ms,base,1.0,0.0,0.0,0.01,0.0,0.0,2.121835870529605,2.121863639388631,1.554512482559257,14.808807434189367,14.810088148643109,14.820910177028107,15.944522112850173,15.937031820697408,15.924299355134892,16.85884333703157,16.888870782069546,16.87712459036243
L1 halo (Az~30k km),7.0,31.75,srp_am0.005,base,1.0,0.0,0.0,0.0,0.0015,0.0,2.121835870529605,2.300382906936894,1.4876047554478986,14.316209628632668,14.188114555689832,14.820910177028107,15.777435028009638,15.756481363486165,15.924299355134892,16.874098156870286,16.875900276067277,16.87712459036243
L1 halo (Az~30k km),7.0,31.75,srp_am0.01,base,1.0,0.0,0.0,0.0,0.003,0.0,2.121835870529605,2.81300120421482,1.7065358450774895,11.520074289388461,11.48273646592615,14.820910177028107,15.403834770678685,15.339569734727046,15.924299355134892,16.494140864218785,16.433461157840135,16.87712459036243
L1 halo (Az~30k km),7.0,31.75,srp_am0.02,base,1.0,0.0,0.0,0.0,0.006,0.0,2.121835870529605,4.398210816066493,2.1394446717474827,10.279071958692036,10.250059489173625,14.820910177028107,14.453510978730636,14.121759192160695,15.924299355134892,15.800742927682931,15.665444924994794,16.87712459036243
L1 halo (Az~30k km),7.0,31.75,srp_am0.05,base,1.0,0.0,0.0,0.0,0.015,0.0,2.121835870529605,10.072009658510243,4.592077786106929,8.798790645419409,8.814230489409482,14.820910177028107,10.78224061220267,10.793944915583285,15.924299355134892,14.442175121735186,14.050637561065413,16.87712459036243
L1 halo (Az~30k km),7.0,31.75,nosrp_am0.01,base,1.0,0.0,0.0,0.0,0.0,0.01,2.121835870529605,2.121835870529556,1.8689160798684148,12.264955548829082,10.087095684580119,14.820910177028107,15.09295790854505,13.366962478028503,15.924299355134892,16.280513562194532,15.457025669174811,16.87712459036243
L1 halo (Az~30k km),7.0,31.75,nosrp_am0.05,base,1.0,0.0,0.0,0.0,0.0,0.05,2.121835870529605,2.121835870529556,1.8690804278357063,12.100325683413482,8.024437166974483,14.820910177028107,14.169833183550278,9.851568334482797,15.924299355134892,15.34287009736945,12.34103260964872,16.87712459036243
L1 halo (Az~30k km),7.0,31.75,nominal,base,1.0,0.1,0.0,0.001,0.003,0.0,2.121835870529605,2.8331332366652022,1.7095671462146362,11.501184078999735,11.467550859664286,14.820910177028107,15.398764069723647,15.333214418356336,15.924299355134892,16.487756286171784,16.426169637073432,16.87712459036243
L1 halo (Az~30k km),7.0,31.75,conservative,base,1.0,0.5,0.1,0.01,0.015,0.0,2.121835870529605,10.202453128407791,4.707225604070019,8.796175823886179,8.79547779441742,14.820910177028107,10.765866615970495,10.772461755600782,15.924299355134892,14.433591405323076,14.041081264607419,16.87712459036243
L1 halo (Az~30k km),7.0,31.75,nominal_0.3,base_0.3,0.3,0.1,0.0,0.001,0.003,0.0,0.6365507611768918,2.082703840024517,0.9765881534116917,12.034794371018268,12.059921605881566,15.963580091877521,15.5620815635434,15.488565610835336,17.08531806517421,16.67121604116358,16.610228453262287,18.831924563320968
L1 halo (Az~30k km),7.0,31.75,conservative_0.3,base_0.3,0.3,0.5,0.1,0.01,0.015,0.0,0.6365507611768918,10.042233347149942,4.595370939769386,8.815686124158029,8.809993760261214,15.963580091877521,10.798779304846464,10.791397016854487,17.08531806517421,14.432175613708306,14.03812353745479,18.831924563320968
L1 halo (Az~30k km),1.0,60.770833333333336,base,base,1.0,0.0,0.0,0.0,0.0,0.0,27.07063596810205,27.07063596810205,1.1262025150216515,9.781702158640503,9.748202855734602,10.221802686116241,10.96117116619674,10.938117004595595,11.210118697623857,12.136574498452271,12.09298332003137,12.433771764395955
L1 halo (Az~30k km),1.0,60.770833333333336,base_0.3,base_0.3,0.3,0.0,0.0,0.0,0.0,0.0,8.121191048356343,8.121191048356343,0.3378579936951865,11.14626924561145,11.121498446249412,11.243528336916265,12.339179263048658,12.301701122543745,12.431690817981572,13.787572803404096,13.751551734329585,13.7943043934459
L1 halo (Az~30k km),1.0,60.770833333333336,bias0.05,base,1.0,0.05,0.0,0.0,0.0,0.0,27.07063596810205,27.287633178617003,1.1387137141593744,9.75969577953816,9.724855317370626,10.221802686116241,10.951713293594377,10.928407514607287,11.210118697623857,12.124886529760689,12.080924004034985,12.433771764395955
L1 halo (Az~30k km),1.0,60.770833333333336,bias0.1,base,1.0,0.1,0.0,0.0,0.0,0.0,27.07063596810205,27.928512658202877,1.1753845349846412,9.69673132759105,9.658300442346064,10.221802686116241,10.924241887071108,10.900175090744215,11.210118697623857,12.091032477736347,12.04775047121666,12.433771764395955
L1 halo (Az~30k km),1.0,60.770833333333336,bias0.2,base,1.0,0.2,0.0,0.0,0.0,0.0,27.07063596810205,30.357054995880652,1.31124231929251,9.404684744804362,8.566987450165934,10.221802686116241,10.825714125617063,10.798582449597289,11.210118697623857,11.975402394140705,11.933172326198164,12.433771764395955
L1 halo (Az~30k km),1.0,60.770833333333336,bias0.5,base,1.0,0.5,0.0,0.0,0.0,0.0,27.07063596810205,43.73119946226914,2.015944977430712,6.633435207480403,6.556269506000204,10.221802686116241,10.377503208973138,10.325320999144493,11.210118697623857,11.486167479531241,11.436973909390044,12.433771764395955
L1 halo (Az~30k km),1.0,60.770833333333336,common0.1,base,1.0,0.0,0.1,0.0,0.0,0.0,27.07063596810205,27.070652185752422,1.179367298562085,9.790125848210035,9.756061190194105,10.221802686116241,10.965682859135626,10.942431051608649,11.210118697623857,12.14207973727933,12.09835494770603,12.433771764395955
L1 halo (Az~30k km),1.0,60.770833333333336,common0.5,base,1.0,0.0,0.5,0.0,0.0,0.0,27.07063596810205,27.071041725692535,1.9850322242564586,9.819577547671557,9.785107227030421,10.221802686116241,10.981479185334935,10.957387904866376,11.210118697623857,12.161534757539899,12.117552552551986,12.433771764395955
L1 halo (Az~30k km),1.0,60.770833333333336,clock10ms,base,1.0,0.0,0.0,0.01,0.0,0.0,27.07063596810205,27.070666591604365,1.1263115585558408,9.781615793165889,9.748113329772426,10.221802686116241,10.96113396116041,10.938079571573867,11.210118697623857,12.136528599132928,12.092936702564469,12.433771764395955
L1 halo (Az~30k km),1.0,60.770833333333336,srp_am0.005,base,1.0,0.0,0.0,0.0,0.0015,0.0,27.07063596810205,27.07065132893465,1.1073220816404927,10.261878825004436,10.243413810889226,10.221802686116241,11.172170540178056,11.168347294994902,11.210118697623857,12.241848338673204,12.21162156448687,12.433771764395955
L1 halo (Az~30k km),1.0,60.770833333333336,srp_am0.01,base,1.0,0.0,0.0,0.0,0.003,0.0,27.07063596810205,27.070697411380134,1.1073179428306132,10.262759533002345,10.244259396413163,10.221802686116241,11.172684318961098,11.168867688947783,11.210118697623857,12.240828422435225,12.210516420683737,12.433771764395955
L1 halo (Az~30k km),1.0,60.770833333333336,srp_am0.02,base,1.0,0.0,0.0,0.0,0.006,0.0,27.07063596810205,27.070881740377665,1.1073178582544287,10.264404147280182,10.245808668711865,10.221802686116241,11.173893622592537,11.170093970032154,11.210118697623857,12.238826435101531,12.208418668917753,12.433771764395955
L1 halo (Az~30k km),1.0,60.770833333333336,srp_am0.05,base,1.0,0.0,0.0,0.0,0.015,0.0,27.07063596810205,27.072172008219667,1.1073351322888403,10.268622848638838,10.249521826466262,10.221802686116241,11.178760647656118,11.175029069447481,11.210118697623857,12.236748086476902,12.206131313384924,12.433771764395955
L1 halo (Az~30k km),1.0,60.770833333333336,nosrp_am0.01,base,1.0,0.0,0.0,0.0,0.0,0.01,27.07063596810205,27.07063596810205,0.9615802917594325,10.16182324796669,10.162632562179775,10.221802686116241,11.174477644191306,11.176793137592789,11.210118697623857,12.281048550986888,12.263574330825792,12.433771764395955
L1 halo (Az~30k km),1.0,60.770833333333336,nosrp_am0.05,base,1.0,0.0,0.0,0.0,0.0,0.05,27.07063596810205,27.07063596810205,0.9615706109303951,10.101935692446895,10.022475081692601,10.221802686116241,11.159205499007289,11.080680144010852,11.210118697623857,12.230361774804333,12.137245847222415,12.433771764395955
L1 halo (Az~30k km),1.0,60.770833333333336,nominal,base,1.0,0.1,0.0,0.001,0.003,0.0,27.07063596810205,27.92857251081927,1.153530605580946,10.216131253504049,10.194493540644944,10.221802686116241,11.136417800705663,11.128366474725569,11.210118697623857,12.19734728800761,12.1580305531783,12.433771764395955
L1 halo (Az~30k km),1.0,60.770833333333336,conservative,base,1.0,0.5,0.1,0.01,0.015,0.0,27.07063596810205,43.73217976619593,1.9925837084737508,6.940463685614648,6.901948030922454,10.221802686116241,10.64051606521092,10.597926192427309,11.210118697623857,11.610984508845268,11.559318581003938,12.433771764395955
L1 halo (Az~30k km),1.0,60.770833333333336,nominal_0.3,base_0.3,0.3,0.1,0.0,0.001,0.003,0.0,8.121191048356343,10.636752827134982,0.46312899546802044,10.967812033974798,10.95356840757279,11.243528336916265,12.113007036622912,12.090558983936642,12.431690817981572,13.410777133474438,13.400273197752187,13.7943043934459
L1 halo (Az~30k km),1.0,60.770833333333336,conservative_0.3,base_0.3,0.3,0.5,0.1,0.01,0.015,0.0,8.121191048356343,35.2939040235001,1.703568998945853,7.964525695955023,7.8386257246640785,11.243528336916265,10.827910717534976,10.799783874043698,12.431690817981572,11.992658192233463,11.940565863539954,13.7943043934459
L1 halo (Az~30k km),3.0,60.770833333333336,base,base,1.0,0.0,0.0,0.0,0.0,0.0,3.899100140062142,3.899100140062142,0.6906069848269325,11.98345710264809,11.956579374076055,11.835189338835596,13.392986082809365,13.34925562489434,13.173443792376299,15.06243536684159,15.066495188998198,14.526534627653934
L1 halo (Az~30k km),3.0,60.770833333333336,base_0.3,base_0.3,0.3,0.0,0.0,0.0,0.0,0.0,1.1697300425960666,1.1697300425960666,0.20717942455457444,13.467778662691565,13.434036081742775,13.2522789139624,15.130514155381075,15.089840531306397,14.831805431901532,16.979617631065864,17.010231410306623,16.752596294466088
L1 halo (Az~30k km),3.0,60.770833333333336,bias0.05,base,1.0,0.05,0.0,0.0,0.0,0.0,3.899100140062142,3.9111366128982894,0.6967796409537448,11.980046927349,11.95317851575875,11.835189338835596,13.388624671709778,13.345020326951643,13.173443792376299,15.056264436839434,15.064221595097692,14.526534627653934
L1 halo (Az~30k km),3.0,60.770833333333336,bias0.1,base,1.0,0.1,0.0,0.0,0.0,0.0,3.899100140062142,3.9470272988840365,0.7169434812302067,11.969968618817134,11.943127269594973,11.835189338835596,13.375734738824855,13.332497726286599,13.173443792376299,15.037736438373704,15.059439318069527,14.526534627653934
L1 halo (Az~30k km),3.0,60.770833333333336,bias0.2,base,1.0,0.2,0.0,0.0,0.0,0.0,3.899100140062142,4.087459503813943,0.7967769471837957,11.931721175244054,11.904971542090122,11.835189338835596,13.326810969109596,13.284887955514975,13.173443792376299,14.962819265759633,15.03160398394006,14.526534627653934
L1 halo (Az~30k km),3.0,60.770833333333336,bias0.5,base,1.0,0.5,0.0,0.0,0.0,0.0,3.899100140062142,4.960841297272324,1.2611960684590204,11.72471953594334,11.698072067600679,11.835189338835596,13.069481909142953,13.03284045133118,13.173443792376299,14.509476195789892,14.546726505120441,14.526534627653934
L1 halo (Az~30k km),3.0,60.770833333333336,common0.1,base,1.0,0.0,0.1,0.0,0.0,0.0,3.899100140062142,3.9044296446522346,0.7568272557540237,11.980401861738954,11.953513171273952,11.835189338835596,13.389093123735032,13.345440994761127,13.173443792376299,15.057721948778253,15.064407860456127,14.526534627653934
L1 halo (Az~30k km),3.0,60.770833333333336,common0.5,base,1.0,0.0,0.5,0.0,0.0,0.0,3.899100140062142,4.034147262246703,1.6664533304474223,11.917442154113091,11.890763543447479,11.835189338835596,13.308886977595922,13.267760649126508,13.173443792376299,14.93328756949445,15.022098216818057,14.526534627653934
L1 halo (Az~30k km),3.0,60.770833333333336,clock10ms,base,1.0,0.0,0.0,0.01,0.0,0.0,3.899100140062142,3.899142863516564,0.6906616314169389,11.983445319553626,11.95656760485759,11.835189338835596,13.392971015371153,13.34924096601498,13.173443792376299,15.062415624159417,15.066486821659252,14.526534627653934
L1 halo (Az~30k km),3.0,60.770833333333336,srp_am0.005,base,1.0,0.0,0.0,0.0,0.0015,0.0,3.899100140062142,3.9005780567947643,0.7084604539775604,11.703116645412429,11.714333443032707,11.835189338835596,12.979373521725995,12.995354652035937,13.173443792376299,14.685181980244423,14.792264321459648,14.526534627653934
L1 halo (Az~30k km),3.0,60.770833333333336,srp_am0.01,base,1.0,0.0,0.0,0.0,0.003,0.0,3.899100140062142,3.9050085057562476,0.7087513740465088,11.692031919323128,11.703747663122217,11.835189338835596,12.965969359036572,12.982378322953759,13.173443792376299,14.631321387135314,14.739588024566453,14.526534627653934
L1 halo (Az~30k km),3.0,60.770833333333336,srp_am0.02,base,1.0,0.0,0.0,0.0,0.006,0.0,3.899100140062142,3.9226810711988698,0.709966354334479,11.674056503411617,11.68758065650215,11.835189338835596,12.945409184689051,12.960771589314644,13.173443792376299,14.654760176536128,14.75342501796037,14.526534627653934
L1 halo (Az~30k km),3.0,60.770833333333336,srp_am0.05,base,1.0,0.0,0.0,0.0,0.015,0.0,3.899100140062142,4.0442599620492565,0.7164983606331313,11.628551355775649,11.614245608205621,11.835189338835596,12.888727124551679,12.911239261738478,13.173443792376299,14.446425272352355,14.507309506403503,14.526534627653934
L1 halo (Az~30k km),3.0,60.770833333333336,nosrp_am0.01,base,1.0,0.0,0.0,0.0,0.0,0.01,3.899100140062142,3.899100140062142,0.6910849022763026,11.849904009726254,11.730946248136178,11.835189338835596,13.178781034934389,13.075012814841191,13.173443792376299,14.881597448448819,14.716131780526862,14.526534627653934
L1 halo (Az~30k km),3.0,60.770833333333336,nosrp_am0.05,base,1.0,0.0,0.0,0.0,0.0,0.05,3.899100140062142,3.899100140062142,0.6910986389330498,11.806554859571731,11.182319436119844,11.835189338835596,13.174448208799014,12.391612303804424,13.173443792376299,14.899888366796658,13.926280262441546,14.526534627653934
L1 halo (Az~30k km),3.0,60.770833333333336,nominal,base,1.0,0.1,0.0,0.001,0.003,0.0,3.899100140062142,3.9528636990775707,0.7291634732162758,11.680779137410864,11.692488999735934,11.835189338835596,12.952123429473243,12.968350378552417,13.173443792376299,14.589261267607363,14.684257652667101,14.526534627653934
L1 halo (Az~30k km),3.0,60.770833333333336,conservative,base,1.0,0.5,0.1,0.01,0.015,0.0,3.899100140062142,5.079657772936577,1.1962460911328217,11.423452218613322,11.412351578523044,11.835189338835596,12.657874693439345,12.660822907701943,13.173443792376299,14.060535376549165,14.048485064869396,14.526534627653934
L1 halo (Az~30k km),3.0,60.770833333333336,nominal_0.3,base_0.3,0.3,0.1,0.0,0.001,0.003,0.0,1.1697300425960666,1.3380952516572442,0.2788419269325438,12.89226283421974,12.89204086279157,13.2522789139624,14.399439443398983,14.415691126310364,14.831805431901532,16.22969355356619,16.18115920209698,16.752596294466088
L1 halo (Az~30k km),3.0,60.770833333333336,conservative_0.3,base_0.3,0.3,0.5,0.1,0.01,0.015,0.0,1.1697300425960666,3.4603033294382666,0.9995661265229121,11.763253453551663,11.743666337742665,13.2522789139624,13.100192174969415,13.09611905335307,14.831805431901532,14.656896753159666,14.656403075949958,16.752596294466088
L1 halo (Az~30k km),7.0,60.770833333333336,base,base,1.0,0.0,0.0,0.0,0.0,0.0,1.585446783014277,1.5854467830143155,0.5432667525906218,13.016308571551487,12.985437158193221,12.806720646508541,14.62425427680416,14.579169991663456,14.32532001293146,16.291673887804638,16.397826988961736,16.029945152889276
L1 halo (Az~30k km),7.0,60.770833333333336,base_0.3,base_0.3,0.3,0.0,0.0,0.0,0.0,0.0,0.4756340350836187,0.4756340350836217,0.16295415462375684,14.681057930639819,14.64629562594799,14.420430091045562,16.413583681001892,16.407220496170776,16.106951250346523,18.807306976801346,18.801109585752208,18.675846779560086
L1 halo (Az~30k km),7.0,60.770833333333336,bias0.05,base,1.0,0.05,0.0,0.0,0.0,0.0,1.585446783014277,1.5937899603741734,0.5500630466722326,13.010511666892643,12.97958658491528,12.806720646508541,14.618308192910519,14.572593204959011,14.32532001293146,16.273663044710823,16.376017777121447,16.029945152889276
L1 halo (Az~30k km),7.0,60.770833333333336,bias0.1,base,1.0,0.1,0.0,0.0,0.0,0.0,1.585446783014277,1.6185839748053876,0.5699245369939259,12.992442476891938,12.961428402162882,12.806720646508541,14.596467763433864,14.55217282488487,14.32532001293146,16.220990573296454,16.312074540517596,16.029945152889276
L1 halo (Az~30k km),7.0,60.770833333333336,bias0.2,base,1.0,0.2,0.0,0.0,0.0,0.0,1.585446783014277,1.7144508063198662,0.6423551025307297,12.920080863784344,12.889085772615989,12.806720646508541,14.508926299943218,14.470657886178325,14.32532001293146,16.069087850603054,16.102285465121696,16.029945152889276
L1 halo (Az~30k km),7.0,60.770833333333336,bias0.5,base,1.0,0.5,0.0,0.0,0.0,0.0,1.585446783014277,2.2796300619193626,1.0387751354345192,12.547475748753714,12.51892659456366,12.806720646508541,14.071697295592784,14.042035006295759,14.32532001293146,15.825044353294068,15.812408259018834,16.029945152889276
L1 halo (Az~30k km),7.0,60.770833333333336,common0.1,base,1.0,0.0,0.1,0.0,0.0,0.0,1.585446783014277,1.6320379579524427,0.6056436236013191,12.984872773353466,12.953366860043054,12.806720646508541,14.58874433580101,14.543089891845005,14.32532001293146,16.18585253128881,16.272396390464046,16.029945152889276
L1 halo (Az~30k km),7.0,60.770833333333336,common0.5,base,1.0,0.0,0.5,0.0,0.0,0.0,1.585446783014277,2.5293359546767498,1.491060612244508,12.408030732335481,12.379318381708076,12.806720646508541,13.908637540281566,13.875032496465037,14.32532001293146,15.512938854466842,15.523600219756934,16.029945152889276
L1 halo (Az~30k km),7.0,60.770833333333336,clock10ms,base,1.0,0.0,0.0,0.01,0.0,0.0,1.585446783014277,1.585467225656276,0.5432756956090121,13.016297778883152,12.985425864576893,12.806720646508541,14.624243027683683,14.57915729606294,14.32532001293146,16.29163371324519,16.397779396486,16.029945152889276
L1 halo (Az~30k km),7.0,60.770833333333336,srp_am0.005,base,1.0,0.0,0.0,0.0,0.0015,0.0,1.585446783014277,1.6111565352508845,0.6445729583506506,12.63374104140944,12.647518358607787,12.806720646508541,14.094074671968354,14.110875485718417,14.32532001293146,15.98745963912691,16.018026278015444,16.029945152889276
L1 halo (Az~30k km),7.0,60.770833333333336,srp_am0.01,base,1.0,0.0,0.0,0.0,0.003,0.0,1.585446783014277,1.6863144045740557,0.6440092350280135,12.56956300243371,12.586244879833176,12.806720646508541,14.020891753559567,14.039400436308917,14.32532001293146,15.93966405734157,15.956068268008996,16.029945152889276
L1 halo (Az~30k km),7.0,60.770833333333336,srp_am0.02,base,1.0,0.0,0.0,0.0,0.006,0.0,1.585446783014277,1.9615274845267336,0.6684763347720328,12.264173928840467,12.28249870033964,12.806720646508541,13.66182720002845,13.680070905796763,14.32532001293146,15.274081965383997,15.285654728102218,16.029945152889276
L1 halo (Az~30k km),7.0,60.770833333333336,srp_am0.05,base,1.0,0.0,0.0,0.0,0.015,0.0,1.585446783014277,3.3179094647151586,0.8558257957509446,11.561700234160789,11.543987601037669,12.806720646508541,12.815866085394294,12.83202468287168,14.32532001293146,14.36500731649577,14.371173336912056,16.029945152889276
L1 halo (Az~30k km),7.0,60.770833333333336,nosrp_am0.01,base,1.0,0.0,0.0,0.0,0.0,0.01,1.585446783014277,1.5854467830143155,0.606871500341964,12.78319854564837,12.280690535753694,12.806720646508541,14.370956053366157,13.759604115668505,14.32532001293146,16.314424729889673,15.543687851602447,16.029945152889276
L1 halo (Az~30k km),7.0,60.770833333333336,nosrp_am0.05,base,1.0,0.0,0.0,0.0,0.0,0.05,1.585446783014277,1.5854467830143155,0.6069025610878889,12.71573215071324,11.139819985640022,12.806720646508541,14.399456892697215,12.340420502312982,14.32532001293146,16.66477243206553,13.875256346915778,16.029945152889276
L1 halo (Az~30k km),7.0,60.770833333333336,nominal,base,1.0,0.1,0.0,0.001,0.003,0.0,1.585446783014277,1.7172935723323612,0.6754062054602625,12.544434505467189,12.560786556907338,12.806720646508541,13.992395818456522,14.009957983018978,14.32532001293146,15.908858574409772,15.888942882894664,16.029945152889276
L1 halo (Az~30k km),7.0,60.770833333333336,conservative,base,1.0,0.5,0.1,0.01,0.015,0.0,1.585446783014277,3.697094174617392,1.3581565042103554,11.471246470365063,11.48482856131323,12.806720646508541,12.702301298117654,12.718227254308857,14.32532001293146,14.10597575254868,14.106555517227068,16.029945152889276
L1 halo (Az~30k km),7.0,60.770833333333336,nominal_0.3,base_0.3,0.3,0.1,0.0,0.001,0.003,0.0,0.4756340350836187,0.8158501460273804,0.2977507327188779,13.208927857560015,13.225399668221284,14.420430091045562,14.7642185214355,14.773322968472664,16.106951250346523,16.700784685917704,16.633657846279235,18.675846779560086
L1 halo (Az~30k km),7.0,60.770833333333336,conservative_0.3,base_0.3,0.3,0.5,0.1,0.01,0.015,0.0,0.4756340350836187,3.3780110276845283,1.2036808131924277,11.538045479435839,11.525617722899451,14.420430091045562,12.786503747618834,12.800419266596057,16.106951250346523,14.286236941905356,14.277671939073741,18.675846779560086
L1 halo (Az~30k km),1.0,88.78472222222223,base,base,1.0,0.0,0.0,0.0,0.0,0.0,33.21675440218139,33.21675440218139,0.8553579385129886,8.575271318436714,8.616627935089694,8.417592839259617,10.030697824744934,10.080935120892827,9.889126701426687,11.59956168186614,11.854189085202346,11.467277424230247
L1 halo (Az~30k km),1.0,88.78472222222223,base_0.3,base_0.3,0.3,0.0,0.0,0.0,0.0,0.0,9.965028333689206,9.965028333689204,0.25659967825278696,10.13086645932908,10.177692534959364,9.96449758383725,11.75343352409763,11.80530061992829,11.624334606906135,14.09275785935975,14.021320562367082,13.497834006810637
L1 halo (Az~30k km),1.0,88.78472222222223,bias0.05,base,1.0,0.05,0.0,0.0,0.0,0.0,33.21675440218139,33.534221412497445,0.8645760867143265,8.561213867584963,8.602220178780806,8.417592839259617,10.014542625233759,10.064096521582124,9.889126701426687,11.619128337056948,11.811128145981927,11.467277424230247
L1 halo (Az~30k km),1.0,88.78472222222223,bias0.1,base,1.0,0.1,0.0,0.0,0.0,0.0,33.21675440218139,34.46909019253808,0.8913301526376236,8.520750746337068,8.56116573784321,8.417592839259617,9.968214777875437,10.01589559806974,9.889126701426687,11.642383442562021,11.601733756065764,11.467277424230247
L1 halo (Az~30k km),1.0,88.78472222222223,bias0.2,base,1.0,0.2,0.0,0.0,0.0,0.0,33.21675440218139,37.97920902619516,1.0470337371846101,8.381781608926433,8.419734184463683,8.417592839259617,9.802606380921008,9.847189349217524,9.889126701426687,11.420760590605225,11.431006181466406,11.467277424230247
L1 halo (Az~30k km),1.0,88.78472222222223,bias0.5,base,1.0,0.5,0.0,0.0,0.0,0.0,33.21675440218139,56.76812895427446,1.729317204536756,7.882114946007601,7.914306059617325,8.417592839259617,9.24522080546953,9.23625519824042,9.889126701426687,10.830113169327,10.875255194724678,11.467277424230247
L1 halo (Az~30k km),1.0,88.78472222222223,common0.1,base,1.0,0.0,0.1,0.0,0.0,0.0,33.21675440218139,33.21684739313197,0.8851110258415096,8.596083858411761,8.62846504364584,8.417592839259617,10.055775592643258,10.10674148481266,9.889126701426687,11.592882331983281,11.847879772230044,11.467277424230247
L1 halo (Az~30k km),1.0,88.78472222222223,common0.5,base,1.0,0.0,0.5,0.0,0.0,0.0,33.21675440218139,33.21908042908345,1.6364672732015018,8.588656139352347,8.62369510858464,8.417592839259617,10.084808153113382,10.094430136597484,9.889126701426687,11.501415116984662,11.688251793478578,11.467277424230247
L1 halo (Az~30k km),1.0,88.78472222222223,clock10ms,base,1.0,0.0,0.0,0.01,0.0,0.0,33.21675440218139,33.21676857259568,0.855385549917516,8.575243601658697,8.616600131425676,8.417592839259617,10.030666112214995,10.0809027166114,9.889126701426687,11.599613512012809,11.854174004403122,11.467277424230247
L1 halo (Az~30k km),1.0,88.78472222222223,srp_am0.005,base,1.0,0.0,0.0,0.0,0.0015,0.0,33.21675440218139,33.21683941821171,1.0247476101571162,8.33913604896125,8.328270146375802,8.417592839259617,9.82622130337224,9.79001958730714,9.889126701426687,11.447610896775466,11.513739822783164,11.467277424230247
L1 halo (Az~30k km),1.0,88.78472222222223,srp_am0.01,base,1.0,0.0,0.0,0.0,0.003,0.0,33.21675440218139,33.2170944649972,1.0247475667082162,8.338087092527868,8.327371525367486,8.417592839259617,9.824929433010379,9.788905669234577,9.889126701426687,11.4459236138608,11.510013539358745,11.467277424230247
L1 halo (Az~30k km),1.0,88.78472222222223,srp_am0.02,base,1.0,0.0,0.0,0.0,0.006,0.0,33.21675440218139,33.21811463255724,1.0247522631494013,8.335647433883448,8.32503866533271,8.417592839259617,9.82193537055481,9.786274903411963,9.889126701426687,11.439854986017718,11.499241957750353,11.467277424230247
L1 halo (Az~30k km),1.0,88.78472222222223,srp_am0.05,base,1.0,0.0,0.0,0.0,0.015,0.0,33.21675440218139,33.22525492843089,1.0248304918799969,8.325605656857666,8.314076074635425,8.417592839259617,9.809683950479693,9.775119925571675,9.889126701426687,11.424651885050292,11.459139715420207,11.467277424230247
L1 halo (Az~30k km),1.0,88.78472222222223,nosrp_am0.01,base,1.0,0.0,0.0,0.0,0.0,0.01,33.21675440218139,33.21675440218139,0.849249119668404,8.25914740053947,8.325234537492031,8.417592839259617,9.661146354102204,9.73578317144938,9.889126701426687,11.33465332064171,11.45011419827287,11.467277424230247
L1 halo (Az~30k km),1.0,88.78472222222223,nosrp_am0.05,base,1.0,0.0,0.0,0.0,0.0,0.05,33.21675440218139,33.21675440218139,0.8492546815789013,8.254868387386143,8.308832659745915,8.417592839259617,9.668516636649887,9.740669283630968,9.889126701426687,11.280306972926878,11.450272190217703,11.467277424230247
L1 halo (Az~30k km),1.0,88.78472222222223,nominal,base,1.0,0.1,0.0,0.001,0.003,0.0,33.21675440218139,34.46941803551374,1.0954632657246175,8.293372680041216,8.29220773911377,8.417592839259617,9.771221034100824,9.736765760680326,9.889126701426687,11.406211013409694,11.46737138920073,11.467277424230247
L1 halo (Az~30k km),1.0,88.78472222222223,conservative,base,1.0,0.5,0.1,0.01,0.015,0.0,33.21675440218139,56.77316694695792,2.0803385952384144,7.801160706448295,7.797498285724566,8.417592839259617,9.117539410362612,9.134843481122385,9.889126701426687,10.724520615371357,10.720639079872159,11.467277424230247
L1 halo (Az~30k km),1.0,88.78472222222223,nominal_0.3,base_0.3,0.3,0.1,0.0,0.001,0.003,0.0,9.965028333689206,13.568101423080623,0.4827687243570815,9.474778709393249,9.469966969041062,9.96449758383725,11.123209540795756,11.113256187046655,11.624334606906135,12.98794950965657,12.939897436936363,13.497834006810637
L1 halo (Az~30k km),1.0,88.78472222222223,conservative_0.3,base_0.3,0.3,0.5,0.1,0.01,0.015,0.0,9.965028333689206,47.1084955693379,1.7607370020202409,7.989556135766213,7.973331516479484,9.96449758383725,9.393988723917762,9.38836644111028,11.624334606906135,10.91398512918101,10.905439927518458,13.497834006810637
L1 halo (Az~30k km),3.0,88.78472222222223,base,base,1.0,0.0,0.0,0.0,0.0,0.0,2.8542521516985038,2.8542521516985033,0.5273700257413864,11.69539981574693,11.696917089339738,11.632163168629164,13.526436286201752,13.536254081142204,13.473600850145166,17.557401219406476,17.45660940524353,16.883916494538873
L1 halo (Az~30k km),3.0,88.78472222222223,base_0.3,base_0.3,0.3,0.0,0.0,0.0,0.0,0.0,0.856275647898492,0.8562756478984916,0.1581743650913223,13.658660413172619,13.660769541041798,13.571809014502199,18.145676019177074,18.14980938480807,17.999654709509713,19.264365079211196,19.268627249005018,19.151818580215036
L1 halo (Az~30k km),3.0,88.78472222222223,bias0.05,base,1.0,0.05,0.0,0.0,0.0,0.0,2.8542521516985038,2.8693047916952454,0.5385712946426991,11.692326573065504,11.693776042089006,11.632163168629164,13.522260797656436,13.531892561457378,13.473600850145166,17.54259133353497,17.440374172665106,16.883916494538873
L1 halo (Az~30k km),3.0,88.78472222222223,bias0.1,base,1.0,0.1,0.0,0.0,0.0,0.0,2.8542521516985038,2.914009068032115,0.5710451567380541,11.682393386908783,11.683646481126337,11.632163168629164,13.508727290320214,13.517801014793132,13.473600850145166,17.499649971038956,17.393565498571036,16.883916494538873
L1 halo (Az~30k km),3.0,88.78472222222223,bias0.2,base,1.0,0.2,0.0,0.0,0.0,0.0,2.8542521516985038,3.0865142728924813,0.6978179549416803,11.636768572287385,11.637372168542518,11.632163168629164,13.446070706247685,13.45301878581074,13.473600850145166,17.34834935775649,17.230437187129912,16.883916494538873
L1 halo (Az~30k km),3.0,88.78472222222223,bias0.5,base,1.0,0.5,0.0,0.0,0.0,0.0,2.8542521516985038,4.0980487325247505,1.284171242874287,11.307553803064751,11.306253882161307,11.632163168629164,13.038710194207185,13.036832180642469,13.473600850145166,16.65404589910982,16.40294325696887,16.883916494538873
L1 halo (Az~30k km),3.0,88.78472222222223,common0.1,base,1.0,0.0,0.1,0.0,0.0,0.0,2.8542521516985038,2.8597208974646895,0.5832269052243593,11.69916447093505,11.701179840590992,11.632163168629164,13.531708865169612,13.542219288433119,13.473600850145166,17.556989612351618,17.450722437591992,16.883916494538873
L1 halo (Az~30k km),3.0,88.78472222222223,common0.5,base,1.0,0.0,0.5,0.0,0.0,0.0,2.8542521516985038,2.9954632649623916,1.4995753056103807,11.727068017047321,11.735849187142522,11.632163168629164,13.571142043509553,13.590667299257925,13.473600850145166,17.271325279959605,17.162826810808454,16.883916494538873
L1 halo (Az~30k km),3.0,88.78472222222223,clock10ms,base,1.0,0.0,0.0,0.01,0.0,0.0,2.8542521516985038,2.854269999196318,0.5273700257413864,11.695402644377033,11.696920356338067,11.632163168629164,13.526440299541838,13.536258691797821,13.473600850145166,17.557370476129822,17.456582499552596,16.883916494538873
L1 halo (Az~30k km),3.0,88.78472222222223,srp_am0.005,base,1.0,0.0,0.0,0.0,0.0015,0.0,2.8542521516985038,2.8637884957235626,0.5535007678280546,11.561726677414983,11.553447078198285,11.632163168629164,13.340473489332174,13.334113489810234,13.473600850145166,16.862928828666426,16.7958425706143,16.883916494538873
L1 halo (Az~30k km),3.0,88.78472222222223,srp_am0.01,base,1.0,0.0,0.0,0.0,0.003,0.0,2.8542521516985038,2.892212582049725,0.5520647882344265,11.527422895001955,11.520028913438816,11.632163168629164,13.292614080969393,13.298666063825399,13.473600850145166,16.848061094041487,16.73314838258677,16.883916494538873
L1 halo (Az~30k km),3.0,88.78472222222223,srp_am0.02,base,1.0,0.0,0.0,0.0,0.006,0.0,2.8542521516985038,3.0032683235059072,0.5465304465738746,11.339230249647528,11.341212943677458,11.632163168629164,13.120541068924611,13.11509746358439,13.473600850145166,16.242696367354572,16.096118263827613,16.883916494538873
L1 halo (Az~30k km),3.0,88.78472222222223,srp_am0.05,base,1.0,0.0,0.0,0.0,0.015,0.0,2.8542521516985038,3.689247600157676,0.5407462663138114,10.521026922653268,10.516045818805186,11.632163168629164,12.17047661963622,12.163241406654375,13.473600850145166,14.767921356942761,14.63672457883913,16.883916494538873
L1 halo (Az~30k km),3.0,88.78472222222223,nosrp_am0.01,base,1.0,0.0,0.0,0.0,0.0,0.01,2.8542521516985038,2.8542521516985033,0.5206880852452497,11.79016517432078,11.223976336476202,11.632163168629164,13.68098767698235,13.039491975555114,13.473600850145166,16.502016425068714,15.60242140488978,16.883916494538873
L1 halo (Az~30k km),3.0,88.78472222222223,nosrp_am0.05,base,1.0,0.0,0.0,0.0,0.0,0.05,2.8542521516985038,2.8542521516985033,0.5206791011938339,11.89408438217673,9.871417409555283,11.632163168629164,13.96666860656072,11.590789727445253,13.473600850145166,16.284050491413943,13.55799513235864,16.883916494538873
L1 halo (Az~30k km),3.0,88.78472222222223,nominal,base,1.0,0.1,0.0,0.001,0.003,0.0,2.8542521516985038,2.9511831129406216,0.6024331567512251,11.52183807400104,11.514292968819854,11.632163168629164,13.285729868787985,13.292247325962146,13.473600850145166,16.793660619058045,16.6743201775065,16.883916494538873
L1 halo (Az~30k km),3.0,88.78472222222223,conservative,base,1.0,0.5,0.1,0.01,0.015,0.0,2.8542521516985038,4.71722122777397,1.3867315535730518,10.437167520206874,10.435028108920337,11.632163168629164,12.075048317165873,12.065656194613716,13.473600850145166,14.64474522150748,14.434545616214677,16.883916494538873
L1 halo (Az~30k km),3.0,88.78472222222223,nominal_0.3,base_0.3,0.3,0.1,0.0,0.001,0.003,0.0,0.856275647898492,1.1384503621563362,0.2963760164657375,12.678437798706453,12.674071857151832,13.571809014502199,15.388771463482398,15.389023223243612,17.999654709509713,18.513267341082773,18.356394361464083,19.151818580215036
L1 halo (Az~30k km),3.0,88.78472222222223,conservative_0.3,base_0.3,0.3,0.5,0.1,0.01,0.015,0.0,0.856275647898492,3.8525303698965963,1.290450455520124,10.575512332328984,10.572790760366745,13.571809014502199,12.224736671266617,12.220760481850725,17.999654709509713,14.762889814613281,14.628415944340679,19.151818580215036
L1 halo (Az~30k km),7.0,88.78472222222223,base,base,1.0,0.0,0.0,0.0,0.0,0.0,0.5146022218241343,0.5146022218241213,0.36206134617217706,14.236353901682195,14.226124411335245,14.047435042291253,18.434580472398444,18.436668143800716,18.429218494017398,19.368012820478537,19.387119622669317,19.345246820497746
L1 halo (Az~30k km),7.0,88.78472222222223,base_0.3,base_0.3,0.3,0.0,0.0,0.0,0.0,0.0,0.15438066654860277,0.15438066654860472,0.10859316555267239,18.744290111950523,18.74474397677543,18.69188008871556,19.77181722975979,19.774357805265602,19.67200908893831,20.895925615683865,20.88226202489858,21.233777809822293
L1 halo (Az~30k km),7.0,88.78472222222223,bias0.05,base,1.0,0.05,0.0,0.0,0.0,0.0,0.5146022218241343,0.5216662938571978,0.374349225853399,14.17326842392388,14.163575887007006,14.047435042291253,18.431632633702822,18.42799972965051,18.429218494017398,19.359504501223945,19.375521446204786,19.345246820497746
L1 halo (Az~30k km),7.0,88.78472222222223,bias0.1,base,1.0,0.1,0.0,0.0,0.0,0.0,0.5146022218241343,0.5426261501143503,0.40784592584805474,14.007935069630575,13.998985938161958,14.047435042291253,18.396928153848776,18.377354946436284,18.429218494017398,19.338263271586214,19.345761359207298,19.345246820497746
L1 halo (Az~30k km),7.0,88.78472222222223,bias0.2,base,1.0,0.2,0.0,0.0,0.0,0.0,0.5146022218241343,0.6223505408392312,0.5177659256958647,13.614709236448075,13.607557344245716,14.047435042291253,18.152552504364348,18.097618394460643,18.429218494017398,19.26613558746445,19.2445764844434,19.345246820497746
L1 halo (Az~30k km),7.0,88.78472222222223,bias0.5,base,1.0,0.5,0.0,0.0,0.0,0.0,0.5146022218241343,1.0389481842884436,1.0441886910158007,12.642974596543906,12.63317271183593,14.047435042291253,15.443668524199733,15.391238067642885,18.429218494017398,18.60083877091116,18.434867135088787,19.345246820497746
L1 halo (Az~30k km),7.0,88.78472222222223,common0.1,base,1.0,0.0,0.1,0.0,0.0,0.0,0.5146022218241343,0.5564670696726122,0.4519855900620825,13.809569107342252,13.804373001129733,14.047435042291253,18.350177764835514,18.309648754840495,18.429218494017398,19.313064665866563,19.30867126008058,19.345246820497746
L1 halo (Az~30k km),7.0,88.78472222222223,common0.5,base,1.0,0.0,0.5,0.0,0.0,0.0,0.5146022218241343,1.2903856588005236,1.4743941567179035,12.18541587073725,12.175922076752764,14.047435042291253,14.279023746234724,14.260597303949455,18.429218494017398,18.1056073038549,17.844924209328,19.345246820497746
L1 halo (Az~30k km),7.0,88.78472222222223,clock10ms,base,1.0,0.0,0.0,0.01,0.0,0.0,0.5146022218241343,0.5146273607718849,0.3620874379432533,14.23611782148936,14.225893153324737,14.047435042291253,18.434579125399853,18.436643313918538,18.429218494017398,19.36797965062402,19.387074823296626,19.345246820497746
L1 halo (Az~30k km),7.0,88.78472222222223,srp_am0.005,base,1.0,0.0,0.0,0.0,0.0015,0.0,0.5146022218241343,0.716121928378592,0.4215584101997899,12.981025107061367,12.989990293457694,14.047435042291253,16.704749596986396,16.516207635919965,18.429218494017398,18.68499354244808,18.595727837969743,19.345246820497746
L1 halo (Az~30k km),7.0,88.78472222222223,srp_am0.01,base,1.0,0.0,0.0,0.0,0.003,0.0,0.5146022218241343,1.1467967939137969,0.41639715266703675,12.141742790285539,12.161296356615043,14.047435042291253,14.200874952232386,14.206780282669564,18.429218494017398,17.928533222667184,17.742133329358932,19.345246820497746
L1 halo (Az~30k km),7.0,88.78472222222223,srp_am0.02,base,1.0,0.0,0.0,0.0,0.006,0.0,0.5146022218241343,2.1373621032539787,0.4853152473430646,11.183541568966332,11.199794644898741,14.047435042291253,12.967885014059831,12.937382096760494,18.429218494017398,16.117083209455025,15.817583128642946,19.345246820497746
L1 halo (Az~30k km),7.0,88.78472222222223,srp_am0.05,base,1.0,0.0,0.0,0.0,0.015,0.0,0.5146022218241343,5.231971025259003,0.7967179081367821,9.91485535079471,9.90279637286981,14.047435042291253,11.541368208245059,11.517157713845963,18.429218494017398,13.648196198015315,13.510623269049734,19.345246820497746
L1 halo (Az~30k km),7.0,88.78472222222223,nosrp_am0.01,base,1.0,0.0,0.0,0.0,0.0,0.01,0.5146022218241343,0.5146022218241213,0.4032387893268598,14.323980940977323,11.638610044776648,14.047435042291253,16.891911598823928,13.519742729173876,18.429218494017398,18.342633669210823,16.320138107966123,19.345246820497746
L1 halo (Az~30k km),7.0,88.78472222222223,nosrp_am0.05,base,1.0,0.0,0.0,0.0,0.0,0.05,0.5146022218241343,0.5146022218241213,0.4032384380083618,14.798778685266457,9.52899411101949,14.047435042291253,17.044653463623497,11.212307218286286,18.429218494017398,inf,13.141684767849398,19.345246820497746
L1 halo (Az~30k km),7.0,88.78472222222223,nominal,base,1.0,0.1,0.0,0.001,0.003,0.0,0.5146022218241343,1.1551069805512613,0.46661402948485714,12.134044140575845,12.141093052532163,14.047435042291253,14.187418744641944,14.19358616567694,18.429218494017398,17.88153846241839,17.69229695838293,19.345246820497746
L1 halo (Az~30k km),7.0,88.78472222222223,conservative,base,1.0,0.5,0.1,0.01,0.015,0.0,0.5146022218241343,5.274068768553971,1.251219824193517,9.945399999625584,9.926122933844674,14.047435042291253,11.549204352464711,11.522773030802494,18.429218494017398,13.605563340569244,13.489770614129426,19.345246820497746
L1 halo (Az~30k km),7.0,88.78472222222223,nominal_0.3,base_0.3,0.3,0.1,0.0,0.001,0.003,0.0,0.15438066654860277,1.0597642288371794,0.25944309276078575,12.277109068218886,12.254803935647365,18.69188008871556,14.445816148915625,14.402741542782875,19.67200908893831,17.881526888876934,17.68835759169573,21.233777809822293
L1 halo (Az~30k km),7.0,88.78472222222223,conservative_0.3,base_0.3,0.3,0.5,0.1,0.01,0.015,0.0,0.15438066654860277,5.2545768017175085,1.1865051098944086,9.9392884638219,9.919720331095398,18.69188008871556,11.545367957915532,11.519222205561931,19.67200908893831,13.5978874733812,13.499173535119793,21.233777809822293
L1 halo (Az~30k km),1.0,120.79861111111111,base,base,1.0,0.0,0.0,0.0,0.0,0.0,33.972864678133575,33.972864678133575,1.5974392083545679,7.850138032446467,7.747992833565538,7.587425623271068,11.041370619843144,11.021766799849779,11.117333450448108,12.01529216392794,12.02902350462035,12.025314886751662
L1 halo (Az~30k km),1.0,120.79861111111111,base_0.3,base_0.3,0.3,0.0,0.0,0.0,0.0,0.0,10.191859894309651,10.191859894309651,0.4791735232249524,11.15074407268741,11.149081765116227,11.158978048790013,12.282548167637708,12.250926598009427,12.255904383895135,13.583338324352786,13.565180998019146,13.77490230289691
L1 halo (Az~30k km),1.0,120.79861111111111,bias0.05,base,1.0,0.05,0.0,0.0,0.0,0.0,33.972864678133575,34.11481904998996,1.6044013824259054,7.823332948092234,7.724308241785805,7.587425623271068,11.037170881918284,11.017259010469253,11.117333450448108,12.013568062321223,12.02310083426286,12.025314886751662
L1 halo (Az~30k km),1.0,120.79861111111111,bias0.1,base,1.0,0.1,0.0,0.0,0.0,0.0,33.972864678133575,34.537181982536275,1.6251147391209706,7.753249973374644,7.655315440720604,7.587425623271068,11.02478811702657,11.003959385714616,11.117333450448108,12.008911588218428,12.005620351314523,12.025314886751662
L1 halo (Az~30k km),1.0,120.79861111111111,bias0.2,base,1.0,0.2,0.0,0.0,0.0,0.0,33.972864678133575,36.1773623013306,1.705487075400527,7.51440053055098,7.429877764632485,7.587425623271068,10.978225773813541,10.951279478199837,11.117333450448108,11.978043175023524,11.979334619819525,12.025314886751662
L1 halo (Az~30k km),1.0,120.79861111111111,bias0.5,base,1.0,0.5,0.0,0.0,0.0,0.0,33.972864678133575,46.051087563182776,2.1870211777129853,6.679071975698218,6.6266973327814345,7.587425623271068,10.674079785838094,10.620727348028632,11.117333450448108,11.696249084641364,11.624008863125486,12.025314886751662
L1 halo (Az~30k km),1.0,120.79861111111111,common0.1,base,1.0,0.0,0.1,0.0,0.0,0.0,33.972864678133575,33.972897900567204,1.6185153726425807,7.870063286056952,7.762908645551175,7.587425623271068,11.04287804582141,11.023317090705868,11.117333450448108,12.01478488854123,12.030527674966772,12.025314886751662
L1 halo (Az~30k km),1.0,120.79861111111111,common0.5,base,1.0,0.0,0.5,0.0,0.0,0.0,33.972864678133575,33.97369564205062,2.205136971455713,8.187511844219518,8.057881257628123,7.587425623271068,11.071354391061128,11.051317803339128,11.117333450448108,12.013404523871822,12.056046271538042,12.025314886751662
L1 halo (Az~30k km),1.0,120.79861111111111,clock10ms,base,1.0,0.0,0.0,0.01,0.0,0.0,33.972864678133575,33.97308093430533,1.597462641681242,7.849949876681225,7.747853260766423,7.587425623271068,11.04134959973366,11.021743878982672,11.117333450448108,12.015284059764708,12.028993649709365,12.025314886751662
L1 halo (Az~30k km),1.0,120.79861111111111,srp_am0.005,base,1.0,0.0,0.0,0.0,0.0015,0.0,33.972864678133575,33.972869611370996,1.6994333587025692,7.662691965035805,7.383744524171181,7.587425623271068,11.092352888205992,11.109754681347695,11.117333450448108,12.018031999717264,12.029663123861322,12.025314886751662
L1 halo (Az~30k km),1.0,120.79861111111111,srp_am0.01,base,1.0,0.0,0.0,0.0,0.003,0.0,33.972864678133575,33.97288441107897,1.6994361623232248,7.655337481859809,7.378973819347409,7.587425623271068,11.090758770014652,11.108252062194463,11.117333450448108,12.017656160572892,12.029351463892057,12.025314886751662
L1 halo (Az~30k km),1.0,120.79861111111111,srp_am0.02,base,1.0,0.0,0.0,0.0,0.006,0.0,33.972864678133575,33.97294360984639,1.699433405343191,7.640539764064281,7.369301303436879,7.587425623271068,11.091383807343725,11.108755777183424,11.117333450448108,12.016765303651038,12.02858444121888,12.025314886751662
L1 halo (Az~30k km),1.0,120.79861111111111,srp_am0.05,base,1.0,0.0,0.0,0.0,0.015,0.0,33.972864678133575,33.9733579983301,1.6994445498372523,7.5905558555743715,7.333358122440636,7.587425623271068,11.097608746588659,11.110980108195742,11.117333450448108,12.01299876292345,12.025139990885197,12.025314886751662
L1 halo (Az~30k km),1.0,120.79861111111111,nosrp_am0.01,base,1.0,0.0,0.0,0.0,0.0,0.01,33.972864678133575,33.972864678133575,1.537413829320169,8.013510174014778,8.142373934199764,7.587425623271068,11.07962455912025,11.056894124838495,11.117333450448108,12.033996465579529,12.059570783588944,12.025314886751662
L1 halo (Az~30k km),1.0,120.79861111111111,nosrp_am0.05,base,1.0,0.0,0.0,0.0,0.0,0.05,33.972864678133575,33.972864678133575,1.537416902173432,7.971042108403997,7.813466368357843,7.587425623271068,11.039042743472558,10.96410219980575,11.117333450448108,12.053469757213724,12.05076307244704,12.025314886751662
L1 halo (Az~30k km),1.0,120.79861111111111,nominal,base,1.0,0.1,0.0,0.001,0.003,0.0,33.972864678133575,34.53720352030128,1.7313801079939661,7.558356597370951,7.311820998426734,7.587425623271068,11.072977707399675,11.08986466797984,11.117333450448108,12.013602147749527,12.023940180540308,12.025314886751662
L1 halo (Az~30k km),1.0,120.79861111111111,conservative,base,1.0,0.5,0.1,0.01,0.015,0.0,33.972864678133575,46.05163591137931,2.3804800718026335,6.495470779227904,6.371163753379512,7.587425623271068,10.78870915412498,10.77841525106041,11.117333450448108,11.460079141086466,11.442459906308109,12.025314886751662
L1 halo (Az~30k km),1.0,120.79861111111111,nominal_0.3,base_0.3,0.3,0.1,0.0,0.001,0.003,0.0,10.191859894309651,11.938893541055537,0.6072058072939219,11.10181334264541,11.081066057122847,11.158978048790013,12.125880000595407,12.084977883350945,12.255904383895135,13.048448088719079,13.027504484210866,13.77490230289691
L1 halo (Az~30k km),1.0,120.79861111111111,conservative_0.3,base_0.3,0.3,0.5,0.1,0.01,0.015,0.0,10.191859894309651,32.718260097465794,1.7301209743751824,7.7972608471402065,7.487381983268966,11.158978048790013,11.126249848737816,11.105940429565425,12.255904383895135,12.021239784336062,11.97355612880896,13.77490230289691
L1 halo (Az~30k km),3.0,120.79861111111111,base,base,1.0,0.0,0.0,0.0,0.0,0.0,5.718516143322152,5.718516143322152,1.1222236695583536,11.629952276343438,11.636070569257555,11.538827836104367,12.830842923696565,12.843421002175305,12.744610586597265,14.200792473432147,14.214505874864026,14.769778733397331
L1 halo (Az~30k km),3.0,120.79861111111111,base_0.3,base_0.3,0.3,0.0,0.0,0.0,0.0,0.0,1.7155548442426554,1.7155548442426554,0.33665175841263445,12.89173861777511,12.898275509983767,12.817074425165526,14.397793541871325,14.404796894459468,14.303746610314608,16.085515560107602,16.22611283630557,16.03981429254708
L1 halo (Az~30k km),3.0,120.79861111111111,bias0.05,base,1.0,0.05,0.0,0.0,0.0,0.0,5.718516143322152,5.72643028093162,1.1282177438825594,11.628738948819556,11.63463392241768,11.538827836104367,12.829342857350596,12.841873492877564,12.744610586597265,14.197667027379033,14.211565485931876,14.769778733397331
L1 halo (Az~30k km),3.0,120.79861111111111,bias0.1,base,1.0,0.1,0.0,0.0,0.0,0.0,5.718516143322152,5.750107764634249,1.1459621907061188,11.6251290521605,11.630379010011772,11.538827836104367,12.824876853164756,12.837273960557013,12.744610586597265,14.188391301969403,14.202834898412938,14.769778733397331
L1 halo (Az~30k km),3.0,120.79861111111111,bias0.2,base,1.0,0.2,0.0,0.0,0.0,0.0,5.718516143322152,5.843864465982047,1.2137702036862374,11.611078553956357,11.613977739489261,11.538827836104367,12.807455582264327,12.819425237070021,12.744610586597265,14.152278067254962,14.168829650676155,14.769778733397331
L1 halo (Az~30k km),3.0,120.79861111111111,bias0.5,base,1.0,0.5,0.0,0.0,0.0,0.0,5.718516143322152,6.462377676384941,1.4745425979357834,11.521226437821069,11.513283936541459,11.538827836104367,12.699848432501366,12.711526074821268,12.744610586597265,13.884758581019891,13.902632813648557,14.769778733397331
L1 halo (Az~30k km),3.0,120.79861111111111,common0.1,base,1.0,0.0,0.1,0.0,0.0,0.0,5.718516143322152,5.723864994040932,1.1617351296279272,11.62897029774668,11.632750894947955,11.538827836104367,12.829493435305839,12.842173242150414,12.744610586597265,14.19494814720959,14.209057488384715,14.769778733397331
L1 halo (Az~30k km),3.0,120.79861111111111,common0.5,base,1.0,0.0,0.5,0.0,0.0,0.0,5.718516143322152,5.852473725701667,1.837334203789662,11.592787521680858,11.584468557330325,11.538827836104367,12.802937532312871,12.815518961900429,12.744610586597265,14.107803419320337,14.128623717331502,14.769778733397331
L1 halo (Az~30k km),3.0,120.79861111111111,clock10ms,base,1.0,0.0,0.0,0.01,0.0,0.0,5.718516143322152,5.718553283547338,1.1222407071917173,11.629946239901448,11.636063555884023,11.538827836104367,12.83083534130531,12.843413191826379,12.744610586597265,14.200776850880311,14.21449109388991,14.769778733397331
L1 halo (Az~30k km),3.0,120.79861111111111,srp_am0.005,base,1.0,0.0,0.0,0.0,0.0015,0.0,5.718516143322152,5.718903126038727,1.0870285421091688,11.579954682881105,11.52969399519833,11.538827836104367,12.757848057998102,12.706176611935149,12.744610586597265,13.863426577439563,13.83831105767694,14.769778733397331
L1 halo (Az~30k km),3.0,120.79861111111111,srp_am0.01,base,1.0,0.0,0.0,0.0,0.003,0.0,5.718516143322152,5.720063924667155,1.087123093127174,11.582201985676262,11.53115981624251,11.538827836104367,12.760394521703137,12.707853966216302,12.744610586597265,13.86567883463996,13.839940529769576,14.769778733397331
L1 halo (Az~30k km),3.0,120.79861111111111,srp_am0.02,base,1.0,0.0,0.0,0.0,0.006,0.0,5.718516143322152,5.724704878542136,1.087544272347564,11.570736191583894,11.518897805834506,11.538827836104367,12.746178479831325,12.692720795540755,12.744610586597265,13.85177456555351,13.824755456729706,14.769778733397331
L1 halo (Az~30k km),3.0,120.79861111111111,srp_am0.05,base,1.0,0.0,0.0,0.0,0.015,0.0,5.718516143322152,5.757091775317322,1.0903591273835351,11.508919982510104,11.460873112162258,11.538827836104367,12.67332716379937,12.617488914792983,12.744610586597265,13.778518437782289,13.747771998139296,14.769778733397331
L1 halo (Az~30k km),3.0,120.79861111111111,nosrp_am0.01,base,1.0,0.0,0.0,0.0,0.0,0.01,5.718516143322152,5.718516143322152,1.1056144516117503,11.680918079120117,11.626033524078528,11.538827836104367,12.907002186668109,12.879247226484935,12.744610586597265,14.324236952621083,14.415466331471267,14.769778733397331
L1 halo (Az~30k km),3.0,120.79861111111111,nosrp_am0.05,base,1.0,0.0,0.0,0.0,0.0,0.05,5.718516143322152,5.718516143322152,1.1056186843365077,11.636023419394737,11.229861865316604,11.538827836104367,12.887944159503558,12.38780649896209,12.744610586597265,14.419132260129821,13.847387653413103,14.769778733397331
L1 halo (Az~30k km),3.0,120.79861111111111,nominal,base,1.0,0.1,0.0,0.001,0.003,0.0,5.718516143322152,5.751647299113201,1.1001981561243288,11.578064190154413,11.527050976570049,11.538827836104367,12.7552526382536,12.702696119836668,12.744610586597265,13.860798708440925,13.83476590160961,14.769778733397331
L1 halo (Az~30k km),3.0,120.79861111111111,conservative,base,1.0,0.5,0.1,0.01,0.015,0.0,5.718516143322152,6.501265826308444,1.4587395557950038,11.435431861852468,11.389995361475071,11.538827836104367,12.571167848522872,12.514978632389536,12.744610586597265,13.677495385621654,13.643445918462403,14.769778733397331
L1 halo (Az~30k km),3.0,120.79861111111111,nominal_0.3,base_0.3,0.3,0.1,0.0,0.001,0.003,0.0,1.7155548442426554,1.8229635642279263,0.36750147119598575,12.722455188377264,12.656346549238423,12.817074425165526,14.151780319483775,14.085425001429785,14.303746610314608,16.153014060017657,15.953280739074536,16.03981429254708
L1 halo (Az~30k km),3.0,120.79861111111111,conservative_0.3,base_0.3,0.3,0.5,0.1,0.01,0.015,0.0,1.7155548442426554,3.537771376772423,0.9816090437517926,11.87537823680099,11.820104355273953,12.817074425165526,13.13548640225818,13.068334759426671,14.303746610314608,14.769883357983042,14.605662795402075,16.03981429254708
L1 halo (Az~30k km),7.0,120.79861111111111,base,base,1.0,0.0,0.0,0.0,0.0,0.0,2.7582863660346133,2.758286366034604,0.9141865620438498,12.317483008693229,12.32240038428576,12.239897628482137,13.714745914451056,13.716231125359496,13.616542456405611,15.502274628301688,15.569115768105293,15.444427358180493
L1 halo (Az~30k km),7.0,120.79861111111111,base_0.3,base_0.3,0.3,0.0,0.0,0.0,0.0,0.0,0.8274859108224041,0.8274859108224069,0.2742700409172057,13.798274706417374,13.793682915432582,13.70149354171477,15.395903047408307,15.40575943408039,15.309502136149295,17.334185849580756,17.4013170943286,17.225148689267066
L1 halo (Az~30k km),7.0,120.79861111111111,bias0.05,base,1.0,0.05,0.0,0.0,0.0,0.0,2.7582863660346133,2.7686775078210544,0.9193698123809829,12.312974583353848,12.317896215142815,12.239897628482137,13.708959038193164,13.710613735220917,13.616542456405611,15.508667786747262,15.565315664891187,15.444427358180493
L1 halo (Az~30k km),7.0,120.79861111111111,bias0.1,base,1.0,0.1,0.0,0.0,0.0,0.0,2.7582863660346133,2.7996227718710425,0.9347371162437133,12.299850547449875,12.304795602699913,12.239897628482137,13.692087599102548,13.694190844444217,13.616542456405611,15.523994295938863,15.52137330825733,15.444427358180493
L1 halo (Az~30k km),7.0,120.79861111111111,bias0.2,base,1.0,0.2,0.0,0.0,0.0,0.0,2.7582863660346133,2.9201678717662984,0.9938737815963645,12.2515133363435,12.256586379738698,12.239897628482137,13.629538218694412,13.633296668357206,13.616542456405611,15.394679952240201,15.472313093142352,15.444427358180493
L1 halo (Az~30k km),7.0,120.79861111111111,bias0.5,base,1.0,0.5,0.0,0.0,0.0,0.0,2.7582863660346133,3.655143115501912,1.337076195811958,12.011078073575089,12.016572225445364,12.239897628482137,13.314994004273542,13.321454666395248,13.616542456405611,14.879913879456895,14.888485083426806,15.444427358180493
L1 halo (Az~30k km),7.0,120.79861111111111,common0.1,base,1.0,0.0,0.1,0.0,0.0,0.0,2.7582863660346133,2.7963145240829066,0.9522953267386529,12.300144737133472,12.305269787653238,12.239897628482137,13.692009497110757,13.693839047884124,13.616542456405611,15.522278714786173,15.529402983134021,15.444427358180493
L1 halo (Az~30k km),7.0,120.79861111111111,common0.5,base,1.0,0.0,0.5,0.0,0.0,0.0,2.7582863660346133,3.6011101641742114,1.6404517473171312,12.027659734894792,12.034360999875782,12.239897628482137,13.335220842955087,13.344404384827943,13.616542456405611,14.85955594831355,14.873555402267378,15.444427358180493
L1 halo (Az~30k km),7.0,120.79861111111111,clock10ms,base,1.0,0.0,0.0,0.01,0.0,0.0,2.7582863660346133,2.758312492709724,0.9142228299064489,12.317471805622196,12.32238930064295,12.239897628482137,13.714729447127237,13.716216376135902,13.616542456405611,15.502289547480064,15.56914046056127,15.444427358180493
L1 halo (Az~30k km),7.0,120.79861111111111,srp_am0.005,base,1.0,0.0,0.0,0.0,0.0015,0.0,2.7582863660346133,2.7635964329179883,0.974116004935169,12.260182817337371,12.200985610563881,12.239897628482137,13.60356395356401,13.542827660100325,13.616542456405611,15.434708472722619,15.218455206561012,15.444427358180493
L1 halo (Az~30k km),7.0,120.79861111111111,srp_am0.01,base,1.0,0.0,0.0,0.0,0.003,0.0,2.7582863660346133,2.7794866799960998,0.9685546178177236,12.237237480487943,12.177046856379727,12.239897628482137,13.576158743451732,13.51412330794931,13.616542456405611,15.289026929371582,15.145923474523,15.444427358180493
L1 halo (Az~30k km),7.0,120.79861111111111,srp_am0.02,base,1.0,0.0,0.0,0.0,0.006,0.0,2.7582863660346133,2.8424494366167576,0.9500050010661476,12.148639401603464,12.087685938147418,12.239897628482137,13.46796268141049,13.404571186425496,13.616542456405611,15.345265629808075,15.016712536283368,15.444427358180493
L1 halo (Az~30k km),7.0,120.79861111111111,srp_am0.05,base,1.0,0.0,0.0,0.0,0.015,0.0,2.7582863660346133,3.2575192287455623,1.092603198005653,11.806969427574067,11.750890905417434,12.239897628482137,13.049898298924225,12.984099004204113,13.616542456405611,14.511131860027632,14.426129279635767,15.444427358180493
L1 halo (Az~30k km),7.0,120.79861111111111,nosrp_am0.01,base,1.0,0.0,0.0,0.0,0.0,0.01,2.7582863660346133,2.758286366034604,0.9378661319990851,12.399291161286072,12.05529824768352,12.239897628482137,13.867501880496011,13.430258646354657,13.616542456405611,15.553793270335778,15.148668010255415,15.444427358180493
L1 halo (Az~30k km),7.0,120.79861111111111,nosrp_am0.05,base,1.0,0.0,0.0,0.0,0.0,0.05,2.7582863660346133,2.758286366034604,0.937881140862481,12.331938765305539,11.301794203549532,12.239897628482137,13.824757787229066,12.483470052624535,13.616542456405611,15.814386374263343,13.993028373659008,15.444427358180493
L1 halo (Az~30k km),7.0,120.79861111111111,nominal,base,1.0,0.1,0.0,0.001,0.003,0.0,2.7582863660346133,2.820499718033178,0.9919104418130067,12.219379630458342,12.1594558043095,12.239897628482137,13.55483027077769,13.492943035244759,13.616542456405611,15.292234667853227,15.134489894873465,15.444427358180493
L1 halo (Az~30k km),7.0,120.79861111111111,conservative,base,1.0,0.5,0.1,0.01,0.015,0.0,2.7582863660346133,4.065030477711171,1.4450141286128226,11.683717654943809,11.669865203068678,12.239897628482137,12.940404409645193,12.880485684524878,13.616542456405611,14.29675009261461,14.208219375954462,15.444427358180493
L1 halo (Az~30k km),7.0,120.79861111111111,nominal_0.3,base_0.3,0.3,0.1,0.0,0.001,0.003,0.0,0.8274859108224041,1.016135640407136,0.3549722928523503,13.315562414512959,13.238360969815345,13.70149354171477,14.827319019208781,14.748087180537125,15.309502136149295,16.78126946873957,16.542934938458856,17.225148689267066
L1 halo (Az~30k km),7.0,120.79861111111111,conservative_0.3,base_0.3,0.3,0.5,0.1,0.01,0.015,0.0,0.8274859108224041,3.1022373350361323,1.2040322824867267,11.838630917087018,11.797909823142588,13.70149354171477,13.105809725587056,13.036211384931356,15.309502136149295,14.597306288445699,14.484109981214594,17.225148689267066
L1 halo (Az~30k km),1.0,149.19444444444446,base,base,1.0,0.0,0.0,0.0,0.0,0.0,29.369390724553572,29.369390724553572,2.206510945047679,8.083146855910039,8.072097120411573,8.078270638192075,9.47526007078619,9.467210486137347,9.512907288540054,11.067692001373802,11.037717074766169,11.079868991499886
L1 halo (Az~30k km),1.0,149.19444444444446,base_0.3,base_0.3,0.3,0.0,0.0,0.0,0.0,0.0,8.810818193361872,8.810818193361872,0.6619408692521802,9.566320896643413,9.552059879677588,9.588268881734345,11.165544673659905,11.165538169286087,11.230510081706834,13.237234198219818,13.264070031854663,13.019078751943937
L1 halo (Az~30k km),1.0,149.19444444444446,bias0.05,base,1.0,0.05,0.0,0.0,0.0,0.0,29.369390724553572,29.610886607204744,2.2123835049253042,8.079954647920625,8.068887984653797,8.078270638192075,9.471385125410174,9.46325286302436,9.512907288540054,11.02517775211276,11.010796499823691,11.079868991499886
L1 halo (Az~30k km),1.0,149.19444444444446,bias0.1,base,1.0,0.1,0.0,0.0,0.0,0.0,29.369390724553572,30.323859518603886,2.2299131923949562,8.070443641485726,8.059326386543171,8.078270638192075,9.45984234817516,9.451504124293159,9.512907288540054,11.110788008636526,11.061430906610545,11.079868991499886
L1 halo (Az~30k km),1.0,149.19444444444446,bias0.2,base,1.0,0.2,0.0,0.0,0.0,0.0,29.369390724553572,33.022417960211456,2.2986320916208376,8.033500990496373,8.022192115176622,8.078270638192075,9.415067248469356,9.405937333575599,9.512907288540054,10.989526783701098,10.972303559869317,11.079868991499886
L1 halo (Az~30k km),1.0,149.19444444444446,bias0.5,base,1.0,0.5,0.0,0.0,0.0,0.0,29.369390724553572,47.826395799365805,2.7242882363749814,7.742756509995151,7.753344625764959,8.078270638192075,9.132377171829063,9.14002631550921,9.512907288540054,10.763233607742348,10.745076658605099,11.079868991499886
L1 halo (Az~30k km),1.0,149.19444444444446,common0.1,base,1.0,0.0,0.1,0.0,0.0,0.0,29.369390724553572,29.369509347002083,2.220253239981793,8.083805833848354,8.072736460402183,8.078270638192075,9.47608141365697,9.468053265022096,9.512907288540054,11.075009161546314,11.042411259723696,11.079868991499886
L1 halo (Az~30k km),1.0,149.19444444444446,common0.5,base,1.0,0.0,0.5,0.0,0.0,0.0,29.369390724553572,29.372358239719272,2.529409879103763,8.064238554338896,8.076250502762123,8.078270638192075,9.500356122541962,9.49163062040581,9.512907288540054,11.15592413510447,11.105449508514313,11.079868991499886
L1 halo (Az~30k km),1.0,149.19444444444446,clock10ms,base,1.0,0.0,0.0,0.01,0.0,0.0,29.369390724553572,29.369433133401074,2.2065280278916077,8.083132039011325,8.072082168543037,8.078270638192075,9.475242223874604,9.467192227171212,9.512907288540054,11.067516334483743,11.037604786971631,11.079868991499886
L1 halo (Az~30k km),1.0,149.19444444444446,srp_am0.005,base,1.0,0.0,0.0,0.0,0.0015,0.0,29.369390724553572,29.36944240692133,2.425857545294286,8.224301719325254,8.25126158315649,8.078270638192075,9.698200063838957,9.684795002485066,9.512907288540054,11.317806293379416,11.42895064928733,11.079868991499886
L1 halo (Az~30k km),1.0,149.19444444444446,srp_am0.01,base,1.0,0.0,0.0,0.0,0.003,0.0,29.369390724553572,29.369597453480047,2.4258594542823095,8.22394455995322,8.250521310741778,8.078270638192075,9.698319690836872,9.684097241026079,9.512907288540054,11.32130310960181,11.432657113404527,11.079868991499886
L1 halo (Az~30k km),1.0,149.19444444444446,srp_am0.02,base,1.0,0.0,0.0,0.0,0.006,0.0,29.369390724553572,29.370217631547156,2.425874878733378,8.223364383224846,8.248463990153057,8.078270638192075,9.698173692770677,9.682336054152449,9.512907288540054,11.329533492098744,11.429260021865312,11.079868991499886
L1 halo (Az~30k km),1.0,149.19444444444446,srp_am0.05,base,1.0,0.0,0.0,0.0,0.015,0.0,29.369390724553572,29.374558512164512,2.4259482579746097,8.222454774967142,8.226347461436843,8.078270638192075,9.689552994500625,9.674124463034376,9.512907288540054,11.358286324902275,11.372239712732211,11.079868991499886
L1 halo (Az~30k km),1.0,149.19444444444446,nosrp_am0.01,base,1.0,0.0,0.0,0.0,0.0,0.01,29.369390724553572,29.369390724553572,2.5084452511018833,8.083665082768489,8.089773844389342,8.078270638192075,9.544866890013857,9.533599901194501,9.512907288540054,11.157521981202581,11.173983723876418,11.079868991499886
L1 halo (Az~30k km),1.0,149.19444444444446,nosrp_am0.05,base,1.0,0.0,0.0,0.0,0.0,0.05,29.369390724553572,29.369390724553572,2.5084509533131105,8.079400105634306,7.96810883613073,8.078270638192075,9.545520143298203,9.407966354190995,9.512907288540054,11.165969096387387,11.1146401728764,11.079868991499886
L1 halo (Az~30k km),1.0,149.19444444444446,nominal,base,1.0,0.1,0.0,0.001,0.003,0.0,29.369390724553572,30.32406016388357,2.460924445546318,8.20842313064539,8.236309712834755,8.078270638192075,9.671324664690069,9.667025943486284,9.512907288540054,11.264449049368022,11.384245833465528,11.079868991499886
L1 halo (Az~30k km),1.0,149.19444444444446,conservative,base,1.0,0.5,0.1,0.01,0.015,0.0,29.369390724553572,47.82966619274006,3.0102235896924876,7.9127093384454845,7.91175457647535,8.078270638192075,9.277610128598413,9.301334140177879,9.512907288540054,10.83942365328269,10.891349662329285,11.079868991499886
L1 halo (Az~30k km),1.0,149.19444444444446,nominal_0.3,base_0.3,0.3,0.1,0.0,0.001,0.003,0.0,8.810818193361872,11.60296831507501,0.8108339754101497,9.551693335279026,9.582009291667857,9.588268881734345,11.139618882494585,11.182637958056866,11.230510081706834,13.243616131977873,13.205848664532907,13.019078751943937
L1 halo (Az~30k km),1.0,149.19444444444446,conservative_0.3,base_0.3,0.3,0.5,0.1,0.01,0.015,0.0,8.810818193361872,38.76841629572182,1.8531267710082509,8.268037725555532,8.30727644634689,9.588268881734345,9.697550935585115,9.733802948723836,11.230510081706834,11.327999229788064,11.334655690610163,13.019078751943937
L1 halo (Az~30k km),3.0,149.19444444444446,base,base,1.0,0.0,0.0,0.0,0.0,0.0,4.511612847907288,4.511612847907288,1.0687642582161871,10.987099534000539,10.995378895679062,10.850583887434636,12.78894371847708,12.79126972374015,12.582453627297758,15.96732380206622,15.97221862330043,15.575879566745067
L1 halo (Az~30k km),3.0,149.19444444444446,base_0.3,base_0.3,0.3,0.0,0.0,0.0,0.0,0.0,1.3534838629955872,1.3534838629955872,0.3206379031653321,12.833031896650306,12.842765032212823,12.678985214435773,16.4647617816096,16.50086174052713,15.56464485955129,18.535418527863705,18.54993182428598,18.305592614391934
L1 halo (Az~30k km),3.0,149.19444444444446,bias0.05,base,1.0,0.05,0.0,0.0,0.0,0.0,4.511612847907288,4.563092655734966,1.0777862842079735,10.975628362547354,10.983958966676294,10.850583887434636,12.776145546217053,12.778765474980462,12.582453627297758,15.93365460426727,15.934503107375152,15.575879566745067
L1 halo (Az~30k km),3.0,149.19444444444446,bias0.1,base,1.0,0.1,0.0,0.0,0.0,0.0,4.511612847907288,4.714199190037669,1.1044702899306813,10.941813153478687,10.95048558380414,10.850583887434636,12.738713926756722,12.742203201106413,12.582453627297758,15.839096156725654,15.829878827495424,15.575879566745067
L1 halo (Az~30k km),3.0,149.19444444444446,bias0.2,base,1.0,0.2,0.0,0.0,0.0,0.0,4.511612847907288,5.275901531610296,1.2056817259070045,10.820796934615474,10.82778875842764,10.850583887434636,12.604355271532215,12.610767508336702,12.582453627297758,15.537433761065175,15.505050519632281,15.575879566745067
L1 halo (Az~30k km),3.0,149.19444444444446,bias0.5,base,1.0,0.5,0.0,0.0,0.0,0.0,4.511612847907288,8.195803038570835,1.694437912812854,10.285880695581474,10.287569063071283,10.850583887434636,12.027333533768351,12.043240412095777,12.582453627297758,14.393035560824652,14.285450904762952,15.575879566745067
L1 halo (Az~30k km),3.0,149.19444444444446,common0.1,base,1.0,0.0,0.1,0.0,0.0,0.0,4.511612847907288,4.514952092744667,1.10855613459815,10.987020718129592,10.995072584901893,10.850583887434636,12.788964670370802,12.791027507734576,12.582453627297758,15.963724235010552,15.967746401998875,15.575879566745067
L1 halo (Az~30k km),3.0,149.19444444444446,common0.5,base,1.0,0.0,0.5,0.0,0.0,0.0,4.511612847907288,4.5960182086929615,1.6945722058035964,10.983362126971151,10.991126701383557,10.850583887434636,12.763418763191572,12.765740984143983,12.582453627297758,15.917241638273461,15.922085687488808,15.575879566745067
L1 halo (Az~30k km),3.0,149.19444444444446,clock10ms,base,1.0,0.0,0.0,0.01,0.0,0.0,4.511612847907288,4.5116548514858446,1.0687951948654673,10.987086603341258,10.995365842650642,10.850583887434636,12.78892858274438,12.791254761035606,12.582453627297758,15.967286146090226,15.972175780286685,15.575879566745067
L1 halo (Az~30k km),3.0,149.19444444444446,srp_am0.005,base,1.0,0.0,0.0,0.0,0.0015,0.0,4.511612847907288,4.519025863285026,0.9829262981888275,10.960235603416725,10.977635318575679,10.850583887434636,12.654951462984178,12.680659461071391,12.582453627297758,15.558516258421994,15.537762756929027,15.575879566745067
L1 halo (Az~30k km),3.0,149.19444444444446,srp_am0.01,base,1.0,0.0,0.0,0.0,0.003,0.0,4.511612847907288,4.541194433008801,0.9835044301021432,10.914358929444528,10.932092518169954,10.850583887434636,12.60527343380489,12.62880159808398,12.582453627297758,15.527517407290825,15.494178315667641,15.575879566745067
L1 halo (Az~30k km),3.0,149.19444444444446,srp_am0.02,base,1.0,0.0,0.0,0.0,0.006,0.0,4.511612847907288,4.628836883596092,0.9857468578226308,10.754659478529485,10.76822723914694,10.850583887434636,12.434500222930437,12.45342734114578,12.582453627297758,15.140822478541644,15.082845777715084,15.575879566745067
L1 halo (Az~30k km),3.0,149.19444444444446,srp_am0.05,base,1.0,0.0,0.0,0.0,0.015,0.0,4.511612847907288,5.2020412448346525,0.9935164961571262,10.227384750124182,10.214604056089446,10.850583887434636,11.959446642753102,11.964855495753858,12.582453627297758,14.12547155245656,14.055807008358485,15.575879566745067
L1 halo (Az~30k km),3.0,149.19444444444446,nosrp_am0.01,base,1.0,0.0,0.0,0.0,0.0,0.01,4.511612847907288,4.511612847907288,1.0748371094522378,10.880809055694147,10.534026189762972,10.850583887434636,12.660615216712651,12.305026608938425,12.582453627297758,15.306002027148203,14.533389078444571,15.575879566745067
L1 halo (Az~30k km),3.0,149.19444444444446,nosrp_am0.05,base,1.0,0.0,0.0,0.0,0.0,0.05,4.511612847907288,4.511612847907288,1.0748634766374894,10.924264591412802,9.489670976099067,10.850583887434636,12.886834556988505,11.187029567421138,12.582453627297758,15.193079082884974,13.123026794815893,15.575879566745067
L1 halo (Az~30k km),3.0,149.19444444444446,nominal,base,1.0,0.1,0.0,0.001,0.003,0.0,4.511612847907288,4.742509764189094,1.007810302911918,10.874697941903953,10.891475553066812,10.850583887434636,12.56223712737967,12.584375775828574,12.582453627297758,15.446678661243013,15.403778848970587,15.575879566745067
L1 halo (Az~30k km),3.0,149.19444444444446,conservative,base,1.0,0.5,0.1,0.01,0.015,0.0,4.511612847907288,8.595310747387627,1.5604480174552269,9.923909251947872,9.910943267250575,10.850583887434636,11.576588088242978,11.583443909900664,12.582453627297758,13.673003739428863,13.607160069245142,15.575879566745067
L1 halo (Az~30k km),3.0,149.19444444444446,nominal_0.3,base_0.3,0.3,0.1,0.0,0.001,0.003,0.0,1.3534838629955872,1.9926786918128914,0.37307010123563394,12.087416671327754,12.096090795887006,12.678985214435773,14.179237013964828,14.184575286019099,15.56464485955129,17.63425229849366,17.46265667106828,18.305592614391934
L1 halo (Az~30k km),3.0,149.19444444444446,conservative_0.3,base_0.3,0.3,0.5,0.1,0.01,0.015,0.0,1.3534838629955872,7.442148370225472,1.3051959605344725,10.11869199355682,10.1094187212586,12.678985214435773,11.83932049000738,11.836469465004638,15.56464485955129,13.962289947960253,13.896989904124773,18.305592614391934
L1 halo (Az~30k km),7.0,149.19444444444446,base,base,1.0,0.0,0.0,0.0,0.0,0.0,0.7899034384801107,0.7899034384801222,0.6079268588484105,13.384063117699297,13.373300320485413,13.23614236817598,17.60615464529109,17.67494016920304,17.64395628991173,18.889342368573207,18.904734752858822,18.828234389099737
L1 halo (Az~30k km),7.0,149.19444444444446,base_0.3,base_0.3,0.3,0.0,0.0,0.0,0.0,0.0,0.23697103154742927,0.23697103154742916,0.1823743814877949,18.09744667741523,18.10464555067053,18.172983266541177,19.212073096563525,19.209570503692582,19.231015031650696,20.35852105532187,20.35644148963319,20.531586476840356
L1 halo (Az~30k km),7.0,149.19444444444446,bias0.05,base,1.0,0.05,0.0,0.0,0.0,0.0,0.7899034384801107,0.7972027472451333,0.616767413892807,13.347055002847082,13.347880879584087,13.23614236817598,17.561850418860374,17.615064480905748,17.64395628991173,18.874363817095706,18.889865040432785,18.828234389099737
L1 halo (Az~30k km),7.0,149.19444444444446,bias0.1,base,1.0,0.1,0.0,0.0,0.0,0.0,0.7899034384801107,0.8187961758922241,0.6424792415839587,13.274601613215081,13.285696445882163,13.23614236817598,17.430977004581024,17.446815893560668,17.64395628991173,18.83020169122672,18.839808476369623,18.828234389099737
L1 halo (Az~30k km),7.0,149.19444444444446,bias0.2,base,1.0,0.2,0.0,0.0,0.0,0.0,0.7899034384801107,0.900913462469774,0.7354112165659701,13.084287595696644,13.096997908104706,13.23614236817598,16.99354628331683,16.946255451885467,17.64395628991173,18.675540575362607,18.6633438963962,18.828234389099737
L1 halo (Az~30k km),7.0,149.19444444444446,bias0.5,base,1.0,0.5,0.0,0.0,0.0,0.0,0.7899034384801107,1.3513629507692473,1.2354400436492474,12.357781535381765,12.37394910312786,13.23614236817598,14.596202704166672,14.586708934508936,17.64395628991173,18.024385023635702,17.892825035946153,18.828234389099737
L1 halo (Az~30k km),7.0,149.19444444444446,common0.1,base,1.0,0.0,0.1,0.0,0.0,0.0,0.7899034384801107,0.8462384953926275,0.6829917155383551,13.195572566290176,13.207837333308637,13.23614236817598,17.253463505910535,17.228907036437242,17.64395628991173,18.756271217365086,18.755852152931823,18.828234389099737
L1 halo (Az~30k km),7.0,149.19444444444446,common0.5,base,1.0,0.0,0.5,0.0,0.0,0.0,0.7899034384801107,1.7635345233914543,1.7649638824618228,11.853870254332007,11.870640928318426,13.23614236817598,13.822487872652443,13.841704700959346,17.64395628991173,17.35120582392436,17.098302047325998,18.828234389099737
L1 halo (Az~30k km),7.0,149.19444444444446,clock10ms,base,1.0,0.0,0.0,0.01,0.0,0.0,0.7899034384801107,0.789921816167906,0.6079733349578155,13.383932901918762,13.373168598852262,13.23614236817598,17.606082406301837,17.674825984363515,17.64395628991173,18.88930624330143,18.904707123068814,18.828234389099737
L1 halo (Az~30k km),7.0,149.19444444444446,srp_am0.005,base,1.0,0.0,0.0,0.0,0.0015,0.0,0.7899034384801107,0.9600685804036454,0.6014106429746356,12.752093417503666,12.744313473909257,13.23614236817598,15.73705601906516,15.688483071255574,17.64395628991173,18.43824360653189,18.36034927919665,18.828234389099737
L1 halo (Az~30k km),7.0,149.19444444444446,srp_am0.01,base,1.0,0.0,0.0,0.0,0.003,0.0,0.7899034384801107,1.3762695332120618,0.6360011241483636,12.034169299012879,12.031150516182564,13.23614236817598,14.102805490115491,14.0884256553125,17.64395628991173,17.658845728368696,17.40125932570079,18.828234389099737
L1 halo (Az~30k km),7.0,149.19444444444446,srp_am0.02,base,1.0,0.0,0.0,0.0,0.006,0.0,0.7899034384801107,2.429398758461105,0.7192274866467478,11.123392432195528,11.121965274220262,13.23614236817598,12.904455017926814,12.897235908243701,17.64395628991173,15.867712110323113,15.608923908581476,18.828234389099737
L1 halo (Az~30k km),7.0,149.19444444444446,srp_am0.05,base,1.0,0.0,0.0,0.0,0.015,0.0,0.7899034384801107,5.838299572467745,1.2019732447607303,9.841854451561877,9.839559726158905,13.23614236817598,11.498930123020239,11.49186179566844,17.64395628991173,13.589276174628251,13.491969684158866,18.828234389099737
L1 halo (Az~30k km),7.0,149.19444444444446,nosrp_am0.01,base,1.0,0.0,0.0,0.0,0.0,0.01,0.7899034384801107,0.7899034384801222,0.6575881331921541,13.429014446372584,11.274892973322263,13.23614236817598,15.892908288607806,13.121469223211804,17.64395628991173,17.741295690831514,15.760039251809213,18.828234389099737
L1 halo (Az~30k km),7.0,149.19444444444446,nosrp_am0.05,base,1.0,0.0,0.0,0.0,0.0,0.05,0.7899034384801107,0.7899034384801222,0.6576239079632608,13.862595041545745,9.28609717313321,13.23614236817598,16.259549500176938,10.961291463376925,17.64395628991173,29.86517392791403,12.883444985911915,18.828234389099737
L1 halo (Az~30k km),7.0,149.19444444444446,nominal,base,1.0,0.1,0.0,0.001,0.003,0.0,0.7899034384801107,1.3897171767371554,0.6721774959764436,12.020927052729041,12.017502540776698,13.23614236817598,14.075218004956874,14.061270408837695,17.64395628991173,17.66304319982316,17.399503826717453,18.828234389099737
L1 halo (Az~30k km),7.0,149.19444444444446,conservative,base,1.0,0.5,0.1,0.01,0.015,0.0,0.7899034384801107,5.911883331078978,1.6100590245409623,9.833249972052108,9.830190197116282,13.23614236817598,11.463537923918615,11.45750464256593,17.64395628991173,13.574173595601438,13.455516212511702,18.828234389099737
L1 halo (Az~30k km),7.0,149.19444444444446,nominal_0.3,base_0.3,0.3,0.1,0.0,0.001,0.003,0.0,0.23697103154742927,1.1926617419977332,0.34438606321614684,12.19713694883645,12.196075930265398,18.172983266541177,14.358951498402797,14.358853787622353,19.231015031650696,17.823427965685777,17.590819831376763,20.531586476840356
L1 halo (Az~30k km),7.0,149.19444444444446,conservative_0.3,base_0.3,0.3,0.5,0.1,0.01,0.015,0.0,0.23697103154742927,5.870709483373893,1.4973028901811367,9.849937614321904,9.84739419469705,18.172983266541177,11.473026693535392,11.466309667737292,19.231015031650696,13.58740147586131,13.46401514758876,20.531586476840356
L1 halo (Az~30k km),1.0,179.90972222222223,base,base,1.0,0.0,0.0,0.0,0.0,0.0,34.47835530378241,34.47835530378241,1.1370036292389247,6.9977462910889034,7.04921072827492,6.812468263414193,11.168272216833973,11.178524444100733,11.299636073079274,12.386599041763976,12.38391385998511,12.34600330131654
L1 halo (Az~30k km),1.0,179.90972222222223,base_0.3,base_0.3,0.3,0.0,0.0,0.0,0.0,0.0,10.34350698197445,10.34350698197445,0.34113065652275176,11.636684529161164,11.649507061058435,11.72868055689142,12.657487800360574,12.667509757794205,12.692918595875375,13.787498221737716,13.798496638159165,13.977340106030665
L1 halo (Az~30k km),1.0,179.90972222222223,bias0.05,base,1.0,0.05,0.0,0.0,0.0,0.0,34.47835530378241,34.73973410938029,1.1462542654993846,6.982385261987437,7.03383265186901,6.812468263414193,11.153565313524034,11.161025583165431,11.299636073079274,12.376874021600683,12.372855213583852,12.34600330131654
L1 halo (Az~30k km),1.0,179.90972222222223,bias0.1,base,1.0,0.1,0.0,0.0,0.0,0.0,34.47835530378241,35.51232956973776,1.173596439134442,6.9379119355743795,6.989312970831632,6.812468263414193,11.110996466384318,11.110622496763758,11.299636073079274,12.348642217554486,12.340715310787033,12.34600330131654
L1 halo (Az~30k km),1.0,179.90972222222223,bias0.2,base,1.0,0.2,0.0,0.0,0.0,0.0,34.47835530378241,38.44777319787156,1.2771470706510732,6.7808734781966695,6.831775763217828,6.812468263414193,10.95501963985254,10.893687623370543,11.299636073079274,12.246094494901845,12.223776581315215,12.34600330131654
L1 halo (Az~30k km),1.0,179.90972222222223,bias0.5,base,1.0,0.5,0.0,0.0,0.0,0.0,34.47835530378241,54.75373448329352,1.8462344265222022,6.178657707569818,6.22601469982989,6.812468263414193,8.856568359874371,8.89146942138694,11.299636073079274,11.771740992164563,11.671683369168521,12.34600330131654
L1 halo (Az~30k km),1.0,179.90972222222223,common0.1,base,1.0,0.0,0.1,0.0,0.0,0.0,34.47835530378241,34.478397830819574,1.1566155930587187,6.998282768612399,7.049595845982328,6.812468263414193,11.17166011352152,11.182032533999395,11.299636073079274,12.38893001783896,12.386644577955657,12.34600330131654
L1 halo (Az~30k km),1.0,179.90972222222223,common0.5,base,1.0,0.0,0.5,0.0,0.0,0.0,34.47835530378241,34.47941897906922,1.8903757007460522,7.010526488728438,7.052401218041144,6.812468263414193,11.2333911900112,11.244579736859663,11.299636073079274,12.395510428030095,12.392845927020835,12.34600330131654
L1 halo (Az~30k km),1.0,179.90972222222223,clock10ms,base,1.0,0.0,0.0,0.01,0.0,0.0,34.47835530378241,34.47879994293658,1.1370861340153011,6.997662109828053,7.049124890319322,6.812468263414193,11.16818785102088,11.178427325488098,11.299636073079274,12.386554996701449,12.383863970747724,12.34600330131654
L1 halo (Az~30k km),1.0,179.90972222222223,srp_am0.005,base,1.0,0.0,0.0,0.0,0.0015,0.0,34.47835530378241,34.47835530694222,1.1975591447263472,6.734035460726355,6.739093886606306,6.812468263414193,11.136326039208932,11.114702651776316,11.299636073079274,12.31182759799699,12.304629744815115,12.34600330131654
L1 halo (Az~30k km),1.0,179.90972222222223,srp_am0.01,base,1.0,0.0,0.0,0.0,0.003,0.0,34.47835530378241,34.47835531642166,1.1975709410703976,6.731840443774983,6.736886502068781,6.812468263414193,11.135279200366679,11.113642073776754,11.299636073079274,12.309976560476484,12.30284777420883,12.34600330131654
L1 halo (Az~30k km),1.0,179.90972222222223,srp_am0.02,base,1.0,0.0,0.0,0.0,0.006,0.0,34.47835530378241,34.478355354339435,1.1975630891432913,6.727003291392893,6.732032834557723,6.812468263414193,11.132618367330709,11.11093076155275,11.299636073079274,12.306056836696136,12.299064925255774,12.34600330131654
L1 halo (Az~30k km),1.0,179.90972222222223,srp_am0.05,base,1.0,0.0,0.0,0.0,0.015,0.0,34.47835530378241,34.47835561976386,1.1976023482622697,6.710088099599006,6.715136151458947,6.812468263414193,11.121010896134555,11.098982639884557,11.299636073079274,12.293261565408942,12.286619868049392,12.34600330131654
L1 halo (Az~30k km),1.0,179.90972222222223,nosrp_am0.01,base,1.0,0.0,0.0,0.0,0.0,0.01,34.47835530378241,34.47835530378241,1.0996326845995443,6.893292690768855,6.952791986469764,6.812468263414193,11.548295581851486,11.543695493965226,11.299636073079274,12.418792858070713,12.420713677571356,12.34600330131654
L1 halo (Az~30k km),1.0,179.90972222222223,nosrp_am0.05,base,1.0,0.0,0.0,0.0,0.0,0.05,34.47835530378241,34.47835530378241,1.0996283889747538,6.895419817181172,6.9505738718806285,6.812468263414193,11.484812256537866,11.406622098874129,11.299636073079274,12.431292067675399,12.446778458585023,12.34600330131654
L1 halo (Az~30k km),1.0,179.90972222222223,nominal,base,1.0,0.1,0.0,0.001,0.003,0.0,34.47835530378241,35.51233389896364,1.2325896832471996,6.677337505764583,6.682622993644537,6.812468263414193,11.079064685076755,11.047716556083538,11.299636073079274,12.25997256942764,12.250811174776194,12.34600330131654
L1 halo (Az~30k km),1.0,179.90972222222223,conservative,base,1.0,0.5,0.1,0.01,0.015,0.0,34.47835530378241,54.75404147073814,1.9228870890662044,5.938675478999515,5.946204788141459,6.812468263414193,8.693402747901251,8.681516371085978,11.299636073079274,11.75317186408983,11.63133791237514,12.34600330131654
L1 halo (Az~30k km),1.0,179.90972222222223,nominal_0.3,base_0.3,0.3,0.1,0.0,0.001,0.003,0.0,10.34350698197445,13.392424318340035,0.4627607876392609,11.268994762459238,11.218665689147151,11.72868055689142,12.36937603380167,12.343678687720015,12.692918595875375,13.26111155611213,13.25550938744744,13.977340106030665
L1 halo (Az~30k km),1.0,179.90972222222223,conservative_0.3,base_0.3,0.3,0.5,0.1,0.01,0.015,0.0,10.34350698197445,43.77484045190205,1.5465427366290667,6.279590225521052,6.288905276958107,11.72868055689142,10.146925931117549,9.814536626492309,12.692918595875375,12.019894900343433,11.88520652296556,13.977340106030665
L1 halo (Az~30k km),3.0,179.90972222222223,base,base,1.0,0.0,0.0,0.0,0.0,0.0,5.871401565914965,5.871401565914965,0.6867960863020575,12.050766706669114,12.06851611662681,12.10174414657465,13.119059525761744,13.118897642443715,13.13820253548889,14.3035693331388,14.284379680954705,14.763663166134183
L1 halo (Az~30k km),3.0,179.90972222222223,base_0.3,base_0.3,0.3,0.0,0.0,0.0,0.0,0.0,1.7614204705898184,1.7614204705898184,0.20604577434416455,13.202015658529746,13.227726510479107,13.194515075375929,14.57158435665388,14.576596793504661,14.53040961161343,16.126936431763834,16.211295397377416,16.083897438627076
L1 halo (Az~30k km),3.0,179.90972222222223,bias0.05,base,1.0,0.05,0.0,0.0,0.0,0.0,5.871401565914965,5.896588686817625,0.6910637364025031,12.04693712526349,12.064522954243525,12.10174414657465,13.114679783070086,13.11457261738039,13.13820253548889,14.29910760884541,14.280186006668186,14.763663166134183
L1 halo (Az~30k km),3.0,179.90972222222223,bias0.1,base,1.0,0.1,0.0,0.0,0.0,0.0,5.871401565914965,5.971513241267965,0.7056228178133089,12.035557187036627,12.05263882391999,12.10174414657465,13.101713399861495,13.101731972792795,13.13820253548889,14.286191889684359,14.268014138947368,14.763663166134183
L1 halo (Az~30k km),3.0,179.90972222222223,bias0.2,base,1.0,0.2,0.0,0.0,0.0,0.0,5.871401565914965,6.262260773451816,0.76671140053576,11.991911160000848,12.006959472832735,12.10174414657465,13.052268891028243,13.052619568288677,13.13820253548889,14.24027972691312,14.224443926687236,14.763663166134183
L1 halo (Az~30k km),3.0,179.90972222222223,bias0.5,base,1.0,0.5,0.0,0.0,0.0,0.0,5.871401565914965,8.0072898732819,1.0591906216426805,11.755192804915529,11.756766996525,12.10174414657465,12.784062213248692,12.789785998142648,13.13820253548889,13.866748929769257,13.871418456832892,14.763663166134183
L1 halo (Az~30k km),3.0,179.90972222222223,common0.1,base,1.0,0.0,0.1,0.0,0.0,0.0,5.871401565914965,5.88490012484746,0.7314858416805586,12.049313710167102,12.067021324953657,12.10174414657465,13.1169369708636,13.117365756324057,13.13820253548889,14.301459483413394,14.282413921787148,14.763663166134183
L1 halo (Az~30k km),3.0,179.90972222222223,common0.5,base,1.0,0.0,0.5,0.0,0.0,0.0,5.871401565914965,6.203686332444391,1.5164617167746293,11.986124753569397,12.001213976448444,12.10174414657465,13.047666627849415,13.050926742069459,13.13820253548889,14.239882451570658,14.223850286091235,14.763663166134183
L1 halo (Az~30k km),3.0,179.90972222222223,clock10ms,base,1.0,0.0,0.0,0.01,0.0,0.0,5.871401565914965,5.8715517792444,0.6868370752821047,12.050744454497334,12.06849295552518,12.10174414657465,13.119033453483544,13.118872204476165,13.13820253548889,14.303542496427774,14.284354483588238,14.763663166134183
L1 halo (Az~30k km),3.0,179.90972222222223,srp_am0.005,base,1.0,0.0,0.0,0.0,0.0015,0.0,5.871401565914965,5.871454538964932,0.824948769204082,11.982313601148752,11.980129289677919,12.10174414657465,13.0228613595249,13.015781689481793,13.13820253548889,14.208479405252753,14.191637547689679,14.763663166134183
L1 halo (Az~30k km),3.0,179.90972222222223,srp_am0.01,base,1.0,0.0,0.0,0.0,0.003,0.0,5.871401565914965,5.87161345577956,0.8251139063444365,11.985244220874408,11.983167945402599,12.10174414657465,13.028787103000928,13.021909661616142,13.13820253548889,14.211804364830288,14.194876578488401,14.763663166134183
L1 halo (Az~30k km),3.0,179.90972222222223,srp_am0.02,base,1.0,0.0,0.0,0.0,0.006,0.0,5.871401565914965,5.872249088011841,0.825762571572904,11.988939581191634,11.987203154753717,12.10174414657465,13.036090412439574,13.029857915247517,13.13820253548889,14.202987247668654,14.19553654316025,14.763663166134183
L1 halo (Az~30k km),3.0,179.90972222222223,srp_am0.05,base,1.0,0.0,0.0,0.0,0.015,0.0,5.871401565914965,5.876696945253137,0.8302544621883065,11.968891841740266,11.967594437784292,12.10174414657465,13.033429899473258,13.029093629008731,13.13820253548889,14.207986198580771,14.190675533330658,14.763663166134183
L1 halo (Az~30k km),3.0,179.90972222222223,nosrp_am0.01,base,1.0,0.0,0.0,0.0,0.0,0.01,5.871401565914965,5.871401565914965,0.7711883296275817,12.171226531803642,12.167402341337327,12.10174414657465,13.23498037470001,13.21710847507685,13.13820253548889,14.279735157360877,14.300495155696488,14.763663166134183
L1 halo (Az~30k km),3.0,179.90972222222223,nosrp_am0.05,base,1.0,0.0,0.0,0.0,0.0,0.05,5.871401565914965,5.871401565914965,0.7711943325987428,12.08552524737136,11.830317297751535,12.10174414657465,13.163628910324435,12.883183316734751,13.13820253548889,14.500698600092262,14.192871171927882,14.763663166134183
L1 halo (Az~30k km),3.0,179.90972222222223,nominal,base,1.0,0.1,0.0,0.001,0.003,0.0,5.871401565914965,5.971723082610603,0.8524281866325434,11.972222828969969,11.969586507970247,12.10174414657465,13.010643893530712,13.003467603761232,13.13820253548889,14.19881782014989,14.18181450542191,14.763663166134183
L1 halo (Az~30k km),3.0,179.90972222222223,conservative,base,1.0,0.5,0.1,0.01,0.015,0.0,5.871401565914965,8.021224670692657,1.3891022607900956,11.73324875879148,11.72187381041129,12.10174414657465,12.7041849433022,12.6906296903028,13.13820253548889,13.762290665954248,13.75390494224549,14.763663166134183
L1 halo (Az~30k km),3.0,179.90972222222223,nominal_0.3,base_0.3,0.3,0.1,0.0,0.001,0.003,0.0,1.7614204705898184,2.071422769642094,0.3273320038517236,12.987846205432183,12.987695149498586,13.194515075375929,14.265860383525505,14.265188441583135,14.53040961161343,15.936309829283763,15.937474749878753,16.083897438627076
L1 halo (Az~30k km),3.0,179.90972222222223,conservative_0.3,base_0.3,0.3,0.5,0.1,0.01,0.015,0.0,1.7614204705898184,5.742220557836176,1.1407606671286836,11.997297093659553,11.98212511634231,13.194515075375929,13.061383016291288,13.052536263966543,14.53040961161343,14.240859429241178,14.229292048986267,16.083897438627076
L1 halo (Az~30k km),7.0,179.90972222222223,base,base,1.0,0.0,0.0,0.0,0.0,0.0,2.5659481817007674,2.565948181700768,0.5509944085635469,12.805176402458,12.82375565178572,12.81887743085125,14.064110990468624,14.082918137068274,14.054464960622772,15.513896814377926,15.514673535855357,16.169801063765746
L1 halo (Az~30k km),7.0,179.90972222222223,base_0.3,base_0.3,0.3,0.0,0.0,0.0,0.0,0.0,0.7697844545188788,0.7697844545188789,0.16524993501575835,14.149520148826854,14.166912552049261,14.132019166520093,15.679374580284266,15.663121992616984,15.64424050107269,17.555079608900538,17.61743445400839,17.613289789594152
L1 halo (Az~30k km),7.0,179.90972222222223,bias0.05,base,1.0,0.05,0.0,0.0,0.0,0.0,2.5659481817007674,2.5923028995425,0.5570289816686257,12.795084016992703,12.81345206031044,12.81887743085125,14.051265310849887,14.070351931186545,14.054464960622772,15.492579490926992,15.493762231989486,16.169801063765746
L1 halo (Az~30k km),7.0,179.90972222222223,bias0.1,base,1.0,0.1,0.0,0.0,0.0,0.0,2.5659481817007674,2.6698068382698357,0.5747524042819361,12.766125591544748,12.783571774519894,12.81887743085125,14.014040992171633,14.03422581710525,14.054464960622772,15.425744623027594,15.433609952564675,16.169801063765746
L1 halo (Az~30k km),7.0,179.90972222222223,bias0.2,base,1.0,0.2,0.0,0.0,0.0,0.0,2.5659481817007674,2.9595983017244416,0.6407313797848041,12.66677923426121,12.677876051027736,12.81887743085125,13.885760649953705,13.90975725071664,14.054464960622772,15.264206727654148,15.270492867958875,16.169801063765746
L1 halo (Az~30k km),7.0,179.90972222222223,bias0.5,base,1.0,0.5,0.0,0.0,0.0,0.0,2.5659481817007674,4.49209806148571,0.9813190941388689,12.288531414770533,12.297734445809553,12.81887743085125,13.393351078816766,13.402991204111897,14.054464960622772,14.625468443794345,14.655785236132406,16.169801063765746
L1 halo (Az~30k km),7.0,179.90972222222223,common0.1,base,1.0,0.0,0.1,0.0,0.0,0.0,2.5659481817007674,2.754721264436025,0.6259058825363416,12.735743493315251,12.754008132749554,12.81887743085125,13.977235951867616,13.998818788681493,14.054464960622772,15.363704231807386,15.373754356103207,16.169801063765746
L1 halo (Az~30k km),7.0,179.90972222222223,common0.5,base,1.0,0.0,0.5,0.0,0.0,0.0,2.5659481817007674,5.6365071952517605,1.5159701176283227,12.074258054539985,12.079458201161678,12.81887743085125,13.149384347584492,13.148617935242514,14.054464960622772,14.34017047386561,14.327743507363184,16.169801063765746
L1 halo (Az~30k km),7.0,179.90972222222223,clock10ms,base,1.0,0.0,0.0,0.01,0.0,0.0,2.5659481817007674,2.565993016214477,0.5510630691418646,12.805159947340242,12.823740184099073,12.81887743085125,14.06409170488015,14.082899186700342,14.054464960622772,15.513864908446722,15.514642289957376,16.169801063765746
L1 halo (Az~30k km),7.0,179.90972222222223,srp_am0.005,base,1.0,0.0,0.0,0.0,0.0015,0.0,2.5659481817007674,3.0722824434512286,0.6977697720790049,12.544509161027772,12.54303426019623,12.81887743085125,13.742188049526987,13.739374391308447,14.054464960622772,15.079388710960716,15.082539454606323,16.169801063765746
L1 halo (Az~30k km),7.0,179.90972222222223,srp_am0.01,base,1.0,0.0,0.0,0.0,0.003,0.0,2.5659481817007674,4.246339753643796,0.860258309336184,12.21031496583614,12.202037907592185,12.81887743085125,13.313561189225858,13.306778518557456,14.054464960622772,14.46751075617636,14.458996504859464,16.169801063765746
L1 halo (Az~30k km),7.0,179.90972222222223,srp_am0.02,base,1.0,0.0,0.0,0.0,0.006,0.0,2.5659481817007674,7.2424985711999375,1.3075989528914784,11.765818948381687,11.748408900501971,12.81887743085125,12.687787437090401,12.667160704592051,14.054464960622772,13.749862168217605,13.732673095335455,16.169801063765746
L1 halo (Az~30k km),7.0,179.90972222222223,srp_am0.05,base,1.0,0.0,0.0,0.0,0.015,0.0,2.5659481817007674,17.13142042958596,2.908799359321221,7.83168091143943,7.843499589662933,12.81887743085125,11.798826185631345,11.737410574300897,14.054464960622772,12.880822603920796,12.788579021427743,16.169801063765746
L1 halo (Az~30k km),7.0,179.90972222222223,nosrp_am0.01,base,1.0,0.0,0.0,0.0,0.0,0.01,2.5659481817007674,2.565948181700768,0.5565536509033382,12.665060057651337,11.738112007211011,12.81887743085125,13.938128882790632,12.78525998017624,14.054464960622772,15.58262400862079,14.072407685193143,16.169801063765746
L1 halo (Az~30k km),7.0,179.90972222222223,nosrp_am0.05,base,1.0,0.0,0.0,0.0,0.0,0.05,2.5659481817007674,2.565948181700768,0.5566642971366018,12.133120781872583,7.08948786151779,12.81887743085125,13.28259361786954,11.046513945878791,14.054464960622772,14.5004162350601,12.31105941936937,16.169801063765746
L1 halo (Az~30k km),7.0,179.90972222222223,nominal,base,1.0,0.1,0.0,0.001,0.003,0.0,2.5659481817007674,4.309666888434507,0.875497114632854,12.1971892705717,12.188600432219184,12.81887743085125,13.296935708744996,13.289908615991143,14.054464960622772,14.446648780574005,14.438244329103812,16.169801063765746
L1 halo (Az~30k km),7.0,179.90972222222223,conservative,base,1.0,0.5,0.1,0.01,0.015,0.0,2.5659481817007674,17.548836400249716,3.047146417165855,7.780334676581473,7.792430166798195,12.81887743085125,11.781288103298829,11.718275701238392,14.054464960622772,12.830641857380686,12.734521666033979,16.169801063765746
L1 halo (Az~30k km),7.0,179.90972222222223,nominal_0.3,base_0.3,0.3,0.1,0.0,0.001,0.003,0.0,0.7697844545188788,3.550516411228265,0.6247044324139696,12.346990502702244,12.338402652225941,14.132019166520093,13.48829143863726,13.483277416311898,15.64424050107269,14.825988604612997,14.809205712538729,17.613289789594152
L1 halo (Az~30k km),7.0,179.90972222222223,conservative_0.3,base_0.3,0.3,0.5,0.1,0.01,0.015,0.0,0.7697844545188788,17.37838709607724,2.973480191240885,7.79803073934042,7.809725214755803,14.132019166520093,11.78772517177321,11.72463529896424,15.64424050107269,12.851047247793023,12.758985329409859,17.613289789594152
L1 halo (Az~30k km),1.0,208.60416666666666,base,base,1.0,0.0,0.0,0.0,0.0,0.0,24.140303132064947,24.140303132064947,1.3466664606248733,8.825585388398519,8.873678817974985,8.783321924751561,10.197733404123065,10.256039259402707,10.182670223054494,11.795495259909922,11.957694492929665,11.716243187329072
L1 halo (Az~30k km),1.0,208.60416666666666,base_0.3,base_0.3,0.3,0.0,0.0,0.0,0.0,0.0,7.242091252486476,7.242091252486476,0.40400592591829704,10.28446943181962,10.339797963431705,10.258305297621963,11.911420366747164,11.920634392534778,11.882152384227297,13.847244688840181,13.99564912721474,13.63430773336073
L1 halo (Az~30k km),1.0,208.60416666666666,bias0.05,base,1.0,0.05,0.0,0.0,0.0,0.0,24.140303132064947,24.388571518508336,1.3555510704056952,8.815593783006847,8.86352596236794,8.783321924751561,10.185771355836279,10.243786038446986,10.182670223054494,11.766049998992274,11.938742852681223,11.716243187329072
L1 halo (Az~30k km),1.0,208.60416666666666,bias0.1,base,1.0,0.1,0.0,0.0,0.0,0.0,24.140303132064947,25.11865853078479,1.3818517527393481,8.78675890392158,8.834160551204986,8.783321924751561,10.151301678714287,10.208506936982953,10.182670223054494,11.71247200050345,11.843494121618214,11.716243187329072
L1 halo (Az~30k km),1.0,208.60416666666666,bias0.2,base,1.0,0.2,0.0,0.0,0.0,0.0,24.140303132064947,27.848261724364445,1.4824197828006653,8.68569025146297,8.730313425049163,8.783321924751561,10.031802111429846,10.08592118590953,10.182670223054494,11.502367423298528,11.6150379662501,11.716243187329072
L1 halo (Az~30k km),1.0,208.60416666666666,bias0.5,base,1.0,0.5,0.0,0.0,0.0,0.0,24.140303132064947,42.279798387841275,2.054049291104523,8.290432253699553,8.30336794955545,8.783321924751561,9.54428842213229,9.595267613001887,10.182670223054494,10.878725408252585,10.91526464629401,11.716243187329072
L1 halo (Az~30k km),1.0,208.60416666666666,common0.1,base,1.0,0.0,0.1,0.0,0.0,0.0,24.140303132064947,24.140383844126596,1.3802334204939102,8.829655055674914,8.875795294926723,8.783321924751561,10.202520114012023,10.261173177334474,10.182670223054494,11.797934569456336,11.958719035987485,11.716243187329072
L1 halo (Az~30k km),1.0,208.60416666666666,common0.5,base,1.0,0.0,0.5,0.0,0.0,0.0,24.140303132064947,24.14232301091318,2.028910767311543,8.88414719721995,8.854354005547622,8.783321924751561,10.267490176657338,10.279352995315486,10.182670223054494,11.851677918802569,11.956469438310904,11.716243187329072
L1 halo (Az~30k km),1.0,208.60416666666666,clock10ms,base,1.0,0.0,0.0,0.01,0.0,0.0,24.140303132064947,24.140765385201433,1.3467224536989657,8.825508962297574,8.873598032537895,8.783321924751561,10.197641893063192,10.255945763022385,10.182670223054494,11.795307859907222,11.957506452536636,11.716243187329072
L1 halo (Az~30k km),1.0,208.60416666666666,srp_am0.005,base,1.0,0.0,0.0,0.0,0.0015,0.0,24.140303132064947,24.14050757742491,1.3487997053315384,8.803076942727051,8.78777713542842,8.783321924751561,10.164485819512183,10.151586339819309,10.182670223054494,11.878383243728154,11.940022242214981,11.716243187329072
L1 halo (Az~30k km),1.0,208.60416666666666,srp_am0.01,base,1.0,0.0,0.0,0.0,0.003,0.0,24.140303132064947,24.141120903124254,1.348796302277842,8.803519129284826,8.788281851928865,8.783321924751561,10.165012202501233,10.152178250207303,10.182670223054494,11.881770441847143,11.945248145741322,11.716243187329072
L1 halo (Az~30k km),1.0,208.60416666666666,srp_am0.02,base,1.0,0.0,0.0,0.0,0.006,0.0,24.140303132064947,24.14357405023462,1.3487928992148226,8.804784765308904,8.789730079876344,8.783321924751561,10.166515732417396,10.15387124320778,10.182670223054494,11.888219430518308,11.95660433917477,11.716243187329072
L1 halo (Az~30k km),1.0,208.60416666666666,srp_am0.05,base,1.0,0.0,0.0,0.0,0.015,0.0,24.140303132064947,24.160739111061634,1.3487275789695616,8.810235576697167,8.796080398921927,8.783321924751561,10.172971635941263,10.161257087474034,10.182670223054494,11.858662853002677,11.916469189141562,11.716243187329072
L1 halo (Az~30k km),1.0,208.60416666666666,nosrp_am0.01,base,1.0,0.0,0.0,0.0,0.0,0.01,24.140303132064947,24.140303132064947,1.4556990592508292,8.894725979704244,8.85956884115898,8.783321924751561,10.349214448561408,10.298300689059722,10.182670223054494,12.00631329736492,12.016771001399837,11.716243187329072
L1 halo (Az~30k km),1.0,208.60416666666666,nosrp_am0.05,base,1.0,0.0,0.0,0.0,0.0,0.05,24.140303132064947,24.140303132064947,1.455708793648648,8.887154601618978,8.726572000153825,8.783321924751561,10.349057346235204,10.145893702712325,10.182670223054494,11.890748523609307,11.81048510044767,11.716243187329072
L1 halo (Az~30k km),1.0,208.60416666666666,nominal,base,1.0,0.1,0.0,0.001,0.003,0.0,24.140303132064947,25.119448898978757,1.3807521375096583,8.765195913189677,8.750010653205118,8.783321924751561,10.119336613892862,10.10597904996,10.182670223054494,11.881349204131153,11.950107669804229,11.716243187329072
L1 halo (Az~30k km),1.0,208.60416666666666,conservative,base,1.0,0.5,0.1,0.01,0.015,0.0,24.140303132064947,42.29178030475865,2.1465050460426687,8.279623965860482,8.267566869457527,8.783321924751561,9.52445051698969,9.509400359569259,10.182670223054494,10.87796381791557,10.85429765283285,11.716243187329072
L1 halo (Az~30k km),1.0,208.60416666666666,nominal_0.3,base_0.3,0.3,0.1,0.0,0.001,0.003,0.0,7.242091252486476,10.033971531099468,0.5208480753341647,9.865670718555968,9.8456342713117,10.258305297621963,11.393000329605641,11.370762174970613,11.882152384227297,13.252474409985913,13.196380852068,13.63430773336073
L1 halo (Az~30k km),1.0,208.60416666666666,conservative_0.3,base_0.3,0.3,0.5,0.1,0.01,0.015,0.0,7.242091252486476,35.47241591740472,1.679679370406559,8.465795673006431,8.452625891305152,10.258305297621963,9.75401090364894,9.734502714706005,11.882152384227297,11.29246082547265,11.24640263546536,13.63430773336073
L1 halo (Az~30k km),3.0,208.60416666666666,base,base,1.0,0.0,0.0,0.0,0.0,0.0,2.961861975167155,2.961861975167155,0.8293123081625584,11.494276134640112,11.438691731734261,11.463037344640275,13.230568293304817,13.204789561821869,13.167593724916289,15.84152644236804,15.756008050355303,15.92415020264303
L1 halo (Az~30k km),3.0,208.60416666666666,base_0.3,base_0.3,0.3,0.0,0.0,0.0,0.0,0.0,0.8885585933911533,0.8885585933911533,0.24878467594832177,13.308908101134183,13.249157100069061,13.266727552996478,15.695746790288386,15.66817101753601,15.717584890033619,18.93060309828819,18.88532818296966,18.880437143496344
L1 halo (Az~30k km),3.0,208.60416666666666,bias0.05,base,1.0,0.05,0.0,0.0,0.0,0.0,2.961861975167155,2.9891440410694106,0.8333864253115957,11.483221192351543,11.427888969395655,11.463037344640275,13.219402359973131,13.193417291784744,13.167593724916289,15.82153056306754,15.732212346660466,15.92415020264303
L1 halo (Az~30k km),3.0,208.60416666666666,bias0.1,base,1.0,0.1,0.0,0.0,0.0,0.0,2.961861975167155,3.0695445959497927,0.8454967444804207,11.450994028649575,11.396529205283313,11.463037344640275,13.186984754808048,13.16023166029006,13.167593724916289,15.765360455403908,15.664242572520081,15.92415020264303
L1 halo (Az~30k km),3.0,208.60416666666666,bias0.2,base,1.0,0.2,0.0,0.0,0.0,0.0,2.961861975167155,3.3721246715109157,0.9093043511333404,11.334501573544971,11.284770617046345,11.463037344640275,13.070530259845093,13.039855251768943,13.167593724916289,15.551833782607611,15.432312055714116,15.92415020264303
L1 halo (Az~30k km),3.0,208.60416666666666,bias0.5,base,1.0,0.5,0.0,0.0,0.0,0.0,2.961861975167155,5.002518375838899,1.1941779358477789,10.821890419950945,10.809817206307569,11.463037344640275,12.553498054286996,12.500872367724908,13.167593724916289,14.674753379939085,14.615699319972,15.92415020264303
L1 halo (Az~30k km),3.0,208.60416666666666,common0.1,base,1.0,0.0,0.1,0.0,0.0,0.0,2.961861975167155,2.9646407012332863,0.8756807202666308,11.496424266958012,11.440538755684633,11.463037344640275,13.226181981531985,13.206791043000479,13.167593724916289,15.834936556956597,15.747159270888119,15.92415020264303
L1 halo (Az~30k km),3.0,208.60416666666666,common0.5,base,1.0,0.0,0.5,0.0,0.0,0.0,2.961861975167155,3.033949518262521,1.6469274051918954,11.510810211760365,11.459956243515734,11.463037344640275,13.182264334656294,13.218589902854747,13.167593724916289,15.708892366413794,15.626441243326529,15.92415020264303
L1 halo (Az~30k km),3.0,208.60416666666666,clock10ms,base,1.0,0.0,0.0,0.01,0.0,0.0,2.961861975167155,2.9618673289345785,0.8293295065753896,11.494276245662341,11.438691152389412,11.463037344640275,13.230563069518084,13.204789330381091,13.167593724916289,15.841523574940624,15.756005025239338,15.92415020264303
L1 halo (Az~30k km),3.0,208.60416666666666,srp_am0.005,base,1.0,0.0,0.0,0.0,0.0015,0.0,2.961861975167155,2.973128334605892,0.7899472528845094,11.526713851630918,11.526932599538878,11.463037344640275,13.2633591367267,13.237014285143799,13.167593724916289,15.934004271975102,15.95768867772214,15.92415020264303
L1 halo (Az~30k km),3.0,208.60416666666666,srp_am0.01,base,1.0,0.0,0.0,0.0,0.003,0.0,2.961861975167155,3.006690076238827,0.7885732812802824,11.46395131787707,11.461057567994601,11.463037344640275,13.15124471548042,13.124009985673933,13.167593724916289,15.771036678219327,15.778016765294096,15.92415020264303
L1 halo (Az~30k km),3.0,208.60416666666666,srp_am0.02,base,1.0,0.0,0.0,0.0,0.006,0.0,2.961861975167155,3.137553293380724,0.7837561419374053,11.23562517115626,11.260024233184724,11.463037344640275,12.947022461992644,12.928583850370698,13.167593724916289,15.381450507126212,15.356161686934087,15.92415020264303
L1 halo (Az~30k km),3.0,208.60416666666666,srp_am0.05,base,1.0,0.0,0.0,0.0,0.015,0.0,2.961861975167155,3.9376965178699863,0.7896318349616708,10.572523033934916,10.56710262563546,11.463037344640275,12.186099159694773,12.163160360237049,13.167593724916289,14.320071766440519,14.136305204007984,15.92415020264303
L1 halo (Az~30k km),3.0,208.60416666666666,nosrp_am0.01,base,1.0,0.0,0.0,0.0,0.0,0.01,2.961861975167155,2.961861975167155,0.8690742002199752,11.387320697535985,11.103929856251163,11.463037344640275,13.177537441959565,12.845985083659368,13.167593724916289,15.544771880081463,14.97579533118502,15.92415020264303
L1 halo (Az~30k km),3.0,208.60416666666666,nosrp_am0.05,base,1.0,0.0,0.0,0.0,0.0,0.05,2.961861975167155,2.961861975167155,0.8691013750526339,11.428361167083313,9.888952206696848,11.463037344640275,13.427040588899057,11.532290018574555,13.167593724916289,15.77057536666063,13.427972835355712,15.92415020264303
L1 halo (Az~30k km),3.0,208.60416666666666,nominal,base,1.0,0.1,0.0,0.001,0.003,0.0,2.961861975167155,3.112848246177338,0.8036050403174994,11.426686788467848,11.417772159755323,11.463037344640275,13.105028896628967,13.07697264670066,13.167593724916289,15.71090670531141,15.710359812984601,15.92415020264303
L1 halo (Az~30k km),3.0,208.60416666666666,conservative,base,1.0,0.5,0.1,0.01,0.015,0.0,2.961861975167155,5.63724813405433,1.165955872227621,10.355599451420831,10.346839053241442,11.463037344640275,11.97360638589968,11.947360573698443,13.167593724916289,13.99153777138937,13.863542887530517,15.92415020264303
L1 halo (Az~30k km),3.0,208.60416666666666,nominal_0.3,base_0.3,0.3,0.1,0.0,0.001,0.003,0.0,0.8885585933911533,1.3070721880912075,0.2815340625135933,12.512067938743034,12.523268618740182,13.266727552996478,14.425131868226885,14.404513985251038,15.717584890033619,17.935725580458588,17.72714010941422,18.880437143496344
L1 halo (Az~30k km),3.0,208.60416666666666,conservative_0.3,base_0.3,0.3,0.5,0.1,0.01,0.015,0.0,0.8885585933911533,4.880419007215256,0.9204811392692189,10.487144891206787,10.467146640724176,13.266727552996478,12.104351064666377,12.074636458516073,15.717584890033619,14.152672599557503,13.972329023692375,18.880437143496344
L1 halo (Az~30k km),7.0,208.60416666666666,base,base,1.0,0.0,0.0,0.0,0.0,0.0,0.7117844161972806,0.7117844161972845,0.5881226800337601,13.39409447881337,13.417923314329375,13.396565538037121,15.927945225086138,15.818721191970733,16.02502553091223,18.948514503197206,18.90994539045655,19.004749347251174
L1 halo (Az~30k km),7.0,208.60416666666666,base_0.3,base_0.3,0.3,0.0,0.0,0.0,0.0,0.0,0.21353532486121612,0.2135353248612163,0.17642472998820996,16.18895412169966,16.03944828256892,16.15060402208057,19.464470469184114,19.42461097698929,19.66723653294072,20.518094238164316,20.494211360813797,20.559112907455685
L1 halo (Az~30k km),7.0,208.60416666666666,bias0.05,base,1.0,0.05,0.0,0.0,0.0,0.0,0.7117844161972806,0.7182008037921647,0.5955813475265271,13.376223830610071,13.403919768525197,13.396565538037121,15.894130148130495,15.792035619181608,16.02502553091223,18.93607941821683,18.894952226310625,19.004749347251174
L1 halo (Az~30k km),7.0,208.60416666666666,bias0.1,base,1.0,0.1,0.0,0.0,0.0,0.0,0.7117844161972806,0.7371473946169027,0.6174624792759933,13.324799375610205,13.341160352762836,13.396565538037121,15.786279823462205,15.712970535702938,16.02502553091223,18.89877592766578,18.850283238379625,19.004749347251174
L1 halo (Az~30k km),7.0,208.60416666666666,bias0.2,base,1.0,0.2,0.0,0.0,0.0,0.0,0.7117844161972806,0.8088497186008017,0.6984366486371184,13.148109001017138,13.12779685372596,13.396565538037121,15.327529749885741,15.423007013068329,16.02502553091223,18.75655448390791,18.683520238682576,19.004749347251174
L1 halo (Az~30k km),7.0,208.60416666666666,bias0.5,base,1.0,0.5,0.0,0.0,0.0,0.0,0.7117844161972806,1.1996222589821712,1.111993223707985,12.46213657607513,12.419934631421091,13.396565538037121,14.370104184311991,14.308516312747114,16.02502553091223,17.789005118746456,17.48532014751744,19.004749347251174
L1 halo (Az~30k km),7.0,208.60416666666666,common0.1,base,1.0,0.0,0.1,0.0,0.0,0.0,0.7117844161972806,0.7833958649719726,0.6809685419158,13.197933739682579,13.172546769943454,13.396565538037121,15.449190558025778,15.514966287663432,16.02502553091223,18.805658734928727,18.73827971777157,19.004749347251174
L1 halo (Az~30k km),7.0,208.60416666666666,common0.5,base,1.0,0.0,0.5,0.0,0.0,0.0,0.7117844161972806,1.8099423882155947,1.8063205839090235,11.751288405044427,11.767536316522051,13.396565538037121,13.552922352532653,13.507177484687682,16.02502553091223,16.31026683481183,16.05185839054071,19.004749347251174
L1 halo (Az~30k km),7.0,208.60416666666666,clock10ms,base,1.0,0.0,0.0,0.01,0.0,0.0,0.7117844161972806,0.7118141669982211,0.5881790561099782,13.39401771198214,13.417887049768192,13.396565538037121,15.92782420554357,15.818650847060399,16.02502553091223,18.948491947772165,18.909905924792387,19.004749347251174
L1 halo (Az~30k km),7.0,208.60416666666666,srp_am0.005,base,1.0,0.0,0.0,0.0,0.0015,0.0,0.7117844161972806,0.925486456681225,0.5346370191406188,12.775251337647013,12.809659558795845,13.396565538037121,14.77822129650995,14.821304259779023,16.02502553091223,18.629318478407072,18.409266507022295,19.004749347251174
L1 halo (Az~30k km),7.0,208.60416666666666,srp_am0.01,base,1.0,0.0,0.0,0.0,0.003,0.0,0.7117844161972806,1.4075144431905413,0.5752804185883639,12.019046574530156,12.053944386811452,13.396565538037121,13.840635740536083,13.88744841985768,16.02502553091223,17.249308745454854,16.909998137508595,19.004749347251174
L1 halo (Az~30k km),7.0,208.60416666666666,srp_am0.02,base,1.0,0.0,0.0,0.0,0.006,0.0,0.7117844161972806,2.561264397205931,0.6758828634749079,11.118210898214686,11.15250941823405,13.396565538037121,12.867352156729014,12.891897498594469,16.02502553091223,15.253203587520796,15.052085746804913,19.004749347251174
L1 halo (Az~30k km),7.0,208.60416666666666,srp_am0.05,base,1.0,0.0,0.0,0.0,0.015,0.0,0.7117844161972806,6.219824494429016,1.2505641902158313,9.892800551373114,9.916683626987997,13.396565538037121,11.517490081839753,11.556594743604094,16.02502553091223,13.358095558329035,13.219653652202489,19.004749347251174
L1 halo (Az~30k km),7.0,208.60416666666666,nosrp_am0.01,base,1.0,0.0,0.0,0.0,0.0,0.01,0.7117844161972806,0.7117844161972845,0.5950095192043334,13.455635620095364,11.363659803601912,13.396565538037121,15.68742520542093,13.14217445566568,16.02502553091223,17.861499012097287,15.309196577585077,19.004749347251174
L1 halo (Az~30k km),7.0,208.60416666666666,nosrp_am0.05,base,1.0,0.0,0.0,0.0,0.0,0.05,0.7117844161972806,0.7117844161972845,0.5950255515960502,13.883887496706361,9.466728240015879,13.396565538037121,16.489101266408518,11.041764814097126,16.02502553091223,29.985839708064322,12.905171753580372,19.004749347251174
L1 halo (Az~30k km),7.0,208.60416666666666,nominal,base,1.0,0.1,0.0,0.001,0.003,0.0,0.7117844161972806,1.418313835828103,0.6018716169686383,12.010507272395817,12.04555221441921,13.396565538037121,13.83073360596455,13.877860966301053,16.02502553091223,17.244901427772234,16.902844094622775,19.004749347251174
L1 halo (Az~30k km),7.0,208.60416666666666,conservative,base,1.0,0.5,0.1,0.01,0.015,0.0,0.7117844161972806,6.2817828685134085,1.5110964714742139,9.88485175159415,9.905835333855157,13.396565538037121,11.504305622191586,11.525325865717463,16.02502553091223,13.352801745225248,13.214633966315494,19.004749347251174
L1 halo (Az~30k km),7.0,208.60416666666666,nominal_0.3,base_0.3,0.3,0.1,0.0,0.001,0.003,0.0,0.21353532486121612,1.2639004259648838,0.3159118429151991,12.155985653402194,12.194738102599775,16.15060402208057,13.996868450652538,14.01592733155326,19.66723653294072,17.56385320499258,17.099569081911657,20.559112907455685
L1 halo (Az~30k km),7.0,208.60416666666666,conservative_0.3,base_0.3,0.3,0.5,0.1,0.01,0.015,0.0,0.21353532486121612,6.249806388451199,1.4576364149428813,9.891247362827007,9.911275769934573,16.15060402208057,11.509851505476409,11.528813383030988,19.66723653294072,13.35382030494005,13.214629511859417,20.559112907455685
L1 halo (Az~30k km),1.0,238.94444444444446,base,base,1.0,0.0,0.0,0.0,0.0,0.0,114.68897340812678,114.68897340812678,3.0995956535405456,5.116760812956412,5.151020778849969,5.086233208760153,6.821892621112317,6.78925782252422,6.755145946219244,9.128600986285642,9.205697532455563,9.395947559087373
L1 halo (Az~30k km),1.0,238.94444444444446,base_0.3,base_0.3,0.3,0.0,0.0,0.0,0.0,0.0,34.40670368878755,34.40670368878755,0.9303283323287841,6.892286885057937,6.919590949895618,6.852805700461326,9.073630166302875,9.119881645108595,9.080099339921034,12.583593203749713,12.552426157277354,12.39966862593793
L1 halo (Az~30k km),1.0,238.94444444444446,bias0.05,base,1.0,0.05,0.0,0.0,0.0,0.0,114.68897340812678,115.31498230572284,3.1208960259513696,5.108442989463808,5.142791761554274,5.086233208760153,6.813087799788013,6.780094966988134,6.755145946219244,9.113599761941742,9.18958912818782,9.395947559087373
L1 halo (Az~30k km),1.0,238.94444444444446,bias0.1,base,1.0,0.1,0.0,0.0,0.0,0.0,114.68897340812678,117.17294366220106,3.1838467329097755,5.083767800929548,5.118754155793573,5.086233208760153,6.787288176619158,6.753324664684372,6.755145946219244,9.069614861562185,9.142918033712524,9.395947559087373
L1 halo (Az~30k km),1.0,238.94444444444446,bias0.2,base,1.0,0.2,0.0,0.0,0.0,0.0,114.68897340812678,124.32744360997233,3.4229700591337235,4.992178337309394,5.028249098356557,5.086233208760153,6.691165718148257,6.655769298576745,6.755145946219244,8.925484605008428,8.979161197595575,9.395947559087373
L1 halo (Az~30k km),1.0,238.94444444444446,bias0.5,base,1.0,0.5,0.0,0.0,0.0,0.0,114.68897340812678,165.9880075805903,4.759747107302636,4.568760680699082,4.6046236439147075,5.086233208760153,6.243898459205065,6.204079985454142,6.755145946219244,8.310412933074062,8.319092156291234,9.395947559087373
L1 halo (Az~30k km),1.0,238.94444444444446,common0.1,base,1.0,0.0,0.1,0.0,0.0,0.0,114.68897340812678,114.68936789691139,3.11302001138296,5.115147875372809,5.149200946202617,5.086233208760153,6.8193689893019,6.786720862745123,6.755145946219244,9.126775475555084,9.203985639839308,9.395947559087373
L1 halo (Az~30k km),1.0,238.94444444444446,common0.5,base,1.0,0.0,0.5,0.0,0.0,0.0,114.68897340812678,114.69883566603887,3.3900787211850822,5.098890935659595,5.131540248733357,5.086233208760153,6.79995015119845,6.767125893968866,6.755145946219244,9.114275841132946,9.19266591965091,9.395947559087373
L1 halo (Az~30k km),1.0,238.94444444444446,clock10ms,base,1.0,0.0,0.0,0.01,0.0,0.0,114.68897340812678,114.6908338002853,3.0996857652121483,5.116721609157416,5.1509816003894064,5.086233208760153,6.821853842107028,6.789218294719804,6.755145946219244,9.128532541047143,9.205623346893752,9.395947559087373
L1 halo (Az~30k km),1.0,238.94444444444446,srp_am0.005,base,1.0,0.0,0.0,0.0,0.0015,0.0,114.68897340812678,114.68897594157762,3.4715173880082353,5.0766201630945025,5.056662375803546,5.086233208760153,6.688927014285595,6.672313427311698,6.755145946219244,9.161452758380143,9.170397572353613,9.395947559087373
L1 halo (Az~30k km),1.0,238.94444444444446,srp_am0.01,base,1.0,0.0,0.0,0.0,0.003,0.0,114.68897340812678,114.6889835419299,3.4715187486539794,5.076432494211688,5.056466447316727,5.086233208760153,6.68865389521303,6.672026956227601,6.755145946219244,9.16066159460597,9.17065660189336,9.395947559087373
L1 halo (Az~30k km),1.0,238.94444444444446,srp_am0.02,base,1.0,0.0,0.0,0.0,0.006,0.0,114.68897340812678,114.68901394333392,3.4715187354523636,5.076313529548032,5.05631887320838,5.086233208760153,6.6884520418505256,6.671786126069122,6.755145946219244,9.158912294335837,9.171117653587773,9.395947559087373
L1 halo (Az~30k km),1.0,238.94444444444446,srp_am0.05,base,1.0,0.0,0.0,0.0,0.015,0.0,114.68897340812678,114.6892267529365,3.471521456742262,5.077923598953262,5.057762229992122,5.086233208760153,6.6904852037013685,6.673623523693114,6.755145946219244,9.152553631847919,9.171878429289022,9.395947559087373
L1 halo (Az~30k km),1.0,238.94444444444446,nosrp_am0.01,base,1.0,0.0,0.0,0.0,0.0,0.01,114.68897340812678,114.68897340812678,3.563036621823839,5.090797004769928,5.084800582795134,5.086233208760153,6.708647297249562,6.706875786653486,6.755145946219244,9.141159136531446,9.146194349780256,9.395947559087373
L1 halo (Az~30k km),1.0,238.94444444444446,nosrp_am0.05,base,1.0,0.0,0.0,0.0,0.0,0.05,114.68897340812678,114.68897340812678,3.56302205241051,5.091184573115821,5.103961423035559,5.086233208760153,6.711137973119274,6.730586366132632,6.755145946219244,9.143019109189611,9.122531172114256,9.395947559087373
L1 halo (Az~30k km),1.0,238.94444444444446,nominal,base,1.0,0.1,0.0,0.001,0.003,0.0,114.68897340812678,117.17297179084292,3.563482181813955,5.046733121502438,5.026696669657119,5.086233208760153,6.656258798836099,6.639036834356625,6.755145946219244,9.090293754038662,9.098641891671791,9.395947559087373
L1 halo (Az~30k km),1.0,238.94444444444446,conservative,base,1.0,0.5,0.1,0.01,0.015,0.0,114.68897340812678,165.98974065335958,5.302357869035273,4.574536636248747,4.553414109895721,5.086233208760153,6.137541910075114,6.113168841028983,6.755145946219244,8.3037012343599,8.289430684481765,9.395947559087373
L1 halo (Az~30k km),1.0,238.94444444444446,nominal_0.3,base_0.3,0.3,0.1,0.0,0.001,0.003,0.0,34.40670368878755,41.94957499993766,1.3132000700179671,6.526447655981343,6.503029620344224,6.852805700461326,8.508866431339701,8.474837061040603,9.080099339921034,12.338961864432871,12.237478380826257,12.39966862593793
L1 halo (Az~30k km),1.0,238.94444444444446,conservative_0.3,base_0.3,0.3,0.5,0.1,0.01,0.015,0.0,34.40670368878755,124.83139881154108,4.126264499255753,4.950939815091402,4.927097039828308,6.852805700461326,6.552564049727142,6.521550765275655,9.080099339921034,8.881830016367429,8.839251508719371,12.39966862593793
L1 halo (Az~30k km),3.0,238.94444444444446,base,base,1.0,0.0,0.0,0.0,0.0,0.0,14.121885432866986,14.121885432866986,0.8256309267870666,8.309074960328397,8.311464943061859,8.228189563099185,12.605616298857209,12.614585091250987,12.687559464105421,13.658067118316515,13.662145509827427,13.683526892907402
L1 halo (Az~30k km),3.0,238.94444444444446,base_0.3,base_0.3,0.3,0.0,0.0,0.0,0.0,0.0,4.236565635596647,4.236565635596647,0.2476701282018456,12.97120199895367,12.98445492305269,13.026410438139681,13.982574916465369,13.981798298880692,14.015003437926058,15.055761964019093,15.04294599932842,15.464660356593916
L1 halo (Az~30k km),3.0,238.94444444444446,bias0.05,base,1.0,0.05,0.0,0.0,0.0,0.0,14.121885432866986,14.206309526580815,0.830106408047274,8.296330190324982,8.299586134339146,8.228189563099185,12.59414773228628,12.600905225501364,12.687559464105421,13.654342119847549,13.65721990032605,13.683526892907402
L1 halo (Az~30k km),3.0,238.94444444444446,bias0.1,base,1.0,0.1,0.0,0.0,0.0,0.0,14.121885432866986,14.456624464756944,0.8409328809591154,8.25902843649248,8.26477915213617,8.228189563099185,12.560605659614717,12.56107738425646,12.687559464105421,13.643086004438114,13.642270992295735,13.683526892907402
L1 halo (Az~30k km),3.0,238.94444444444446,bias0.2,base,1.0,0.2,0.0,0.0,0.0,0.0,14.121885432866986,15.417302267860281,0.9020351043051681,8.13149096042242,8.142956247053219,8.228189563099185,12.413315328368446,12.391352967952141,12.687559464105421,13.583678174371505,13.56837490777625,13.683526892907402
L1 halo (Az~30k km),3.0,238.94444444444446,bias0.5,base,1.0,0.5,0.0,0.0,0.0,0.0,14.121885432866986,20.942573110435198,1.2588695048466827,7.575576748902169,7.600096113761423,8.228189563099185,11.220261347517596,11.110103438835008,12.687559464105421,13.157504267390406,13.087666098032644,13.683526892907402
L1 halo (Az~30k km),3.0,238.94444444444446,common0.1,base,1.0,0.0,0.1,0.0,0.0,0.0,14.121885432866986,14.138357857375313,0.8617037512061244,8.306289500579203,8.311628048051432,8.228189563099185,12.604711890902973,12.613246925477851,12.687559464105421,13.657368901087105,13.661192971992989,13.683526892907402
L1 halo (Az~30k km),3.0,238.94444444444446,common0.5,base,1.0,0.0,0.5,0.0,0.0,0.0,14.121885432866986,14.528968932556715,1.5938329983068469,8.241313912863879,8.25692003174972,8.228189563099185,12.548865227433716,12.546654197440352,12.687559464105421,13.639758762468555,13.637187105946705,13.683526892907402
L1 halo (Az~30k km),3.0,238.94444444444446,clock10ms,base,1.0,0.0,0.0,0.01,0.0,0.0,14.121885432866986,14.122167992109295,0.8257045539408723,8.30903161694665,8.31142362848388,8.228189563099185,12.605577039970537,12.614538220632948,12.687559464105421,13.658054131921123,13.66212849356693,13.683526892907402
L1 halo (Az~30k km),3.0,238.94444444444446,srp_am0.005,base,1.0,0.0,0.0,0.0,0.0015,0.0,14.121885432866986,14.121905096536075,0.8053247202595945,8.158909329134024,8.130767166219101,8.228189563099185,12.634232586126835,12.636169406734801,12.687559464105421,13.629401273706966,13.631825623833645,13.683526892907402
L1 halo (Az~30k km),3.0,238.94444444444446,srp_am0.01,base,1.0,0.0,0.0,0.0,0.003,0.0,14.121885432866986,14.121964087392536,0.8054243104356688,8.174846319248363,8.146052375287635,8.228189563099185,12.645175001903759,12.647808784495663,12.687559464105421,13.627708438048668,13.630436712643878,13.683526892907402
L1 halo (Az~30k km),3.0,238.94444444444446,srp_am0.02,base,1.0,0.0,0.0,0.0,0.006,0.0,14.121885432866986,14.122200048556543,0.8058053053698694,8.216171619201603,8.186206067027788,8.228189563099185,12.67164742016733,12.673489170727356,12.687559464105421,13.621716471265614,13.625196062314094,13.683526892907402
L1 halo (Az~30k km),3.0,238.94444444444446,srp_am0.05,base,1.0,0.0,0.0,0.0,0.015,0.0,14.121885432866986,14.12385167538501,0.808541939080991,8.199344217127491,8.229056952954828,8.228189563099185,12.667609867887853,12.669982493688973,12.687559464105421,13.60005962126229,13.604863828651785,13.683526892907402
L1 halo (Az~30k km),3.0,238.94444444444446,nosrp_am0.01,base,1.0,0.0,0.0,0.0,0.0,0.01,14.121885432866986,14.121885432866986,0.9504863629333977,8.267684964910343,8.22789610283582,8.228189563099185,12.587744536040583,12.569695332462826,12.687559464105421,13.622572401311064,13.621336309571872,13.683526892907402
L1 halo (Az~30k km),3.0,238.94444444444446,nosrp_am0.05,base,1.0,0.0,0.0,0.0,0.0,0.05,14.121885432866986,14.121885432866986,0.9504913324580698,8.27266007741395,8.05317435461005,8.228189563099185,12.6261078101224,12.437131360924473,12.687559464105421,13.563024288999328,13.537890844743053,13.683526892907402
L1 halo (Az~30k km),3.0,238.94444444444446,nominal,base,1.0,0.1,0.0,0.001,0.003,0.0,14.121885432866986,14.456704051714901,0.8306746527104059,8.128257262452294,8.099382398696317,8.228189563099185,12.59536919127681,12.588829407709868,12.687559464105421,13.608793200474864,13.605816668921575,13.683526892907402
L1 halo (Az~30k km),3.0,238.94444444444446,conservative,base,1.0,0.5,0.1,0.01,0.015,0.0,14.121885432866986,20.955187103680167,1.2992245853985716,7.5126374602436385,7.519399058897883,8.228189563099185,11.631487249687613,11.443519084411532,12.687559464105421,13.142439165426287,13.072045792037141,13.683526892907402
L1 halo (Az~30k km),3.0,238.94444444444446,nominal_0.3,base_0.3,0.3,0.1,0.0,0.001,0.003,0.0,4.236565635596647,5.245689238352763,0.31478538843969456,12.79044726363726,12.780056732485194,13.026410438139681,13.778908732855001,13.773736343469503,14.015003437926058,14.69507293653181,14.68020926165131,15.464660356593916
L1 halo (Az~30k km),3.0,238.94444444444446,conservative_0.3,base_0.3,0.3,0.5,0.1,0.01,0.015,0.0,4.236565635596647,16.0513029322088,1.0192708510184219,7.972605443616147,8.007164703754029,13.026410438139681,12.39679770745624,12.244242481706621,14.015003437926058,13.474182455029341,13.341997688163573,15.464660356593916
L1 halo (Az~30k km),7.0,238.94444444444446,base,base,1.0,0.0,0.0,0.0,0.0,0.0,1.5633796561127808,1.5633796561127802,0.4648222110407344,13.922228990099859,13.943367939019156,13.931182032865264,15.168131886635777,15.18465519285781,15.153353877257965,16.587325658388867,16.560249931304295,17.107269640538995
L1 halo (Az~30k km),7.0,238.94444444444446,base_0.3,base_0.3,0.3,0.0,0.0,0.0,0.0,0.0,0.4690138968383965,0.46901389683839645,0.13947284463655735,15.253073349474011,15.243054013321315,15.219938416416866,16.75115203099699,16.753377243144953,16.714135739027686,18.557129895566003,18.594125407669974,18.54754834553655
L1 halo (Az~30k km),7.0,238.94444444444446,bias0.05,base,1.0,0.05,0.0,0.0,0.0,0.0,1.5633796561127808,1.627257656626702,0.47271487412376473,13.880997336885113,13.900501586054217,13.931182032865264,15.113403786782598,15.12929726603095,15.153353877257965,16.515265909926274,16.48542144362678,17.107269640538995
L1 halo (Az~30k km),7.0,238.94444444444446,bias0.1,base,1.0,0.1,0.0,0.0,0.0,0.0,1.5633796561127808,1.8054826043240146,0.49549025627581866,13.776185233972669,13.79354940028731,13.931182032865264,14.974278580374477,14.989242137281334,15.153353877257965,16.325584509270193,16.295843631085386,17.107269640538995
L1 halo (Az~30k km),7.0,238.94444444444446,bias0.2,base,1.0,0.2,0.0,0.0,0.0,0.0,1.5633796561127808,2.3894150345207197,0.5780447637016338,13.526702032544215,13.526245927096218,13.931182032865264,14.613446708633125,14.630513244543932,15.153353877257965,15.784956078107795,15.768906280031725,17.107269640538995
L1 halo (Az~30k km),7.0,238.94444444444446,bias0.5,base,1.0,0.5,0.0,0.0,0.0,0.0,1.5633796561127808,4.782060705205142,1.0009059644875962,12.87327749727812,12.851427462396257,13.931182032865264,13.882226720288859,13.873307399857246,15.153353877257965,15.050243697505492,15.037926900256977,17.107269640538995
L1 halo (Az~30k km),7.0,238.94444444444446,common0.1,base,1.0,0.0,0.1,0.0,0.0,0.0,1.5633796561127808,2.2778730338992697,0.5486502006324451,13.565284263108826,13.563463380542256,13.931182032865264,14.669057584098931,14.685088041660748,15.153353877257965,15.83206834413789,15.817645179013551,17.107269640538995
L1 halo (Az~30k km),7.0,238.94444444444446,common0.5,base,1.0,0.0,0.5,0.0,0.0,0.0,1.5633796561127808,8.435655145445876,1.5828419259311612,9.764202588581973,9.788856548964636,13.931182032865264,13.273624913274066,13.227676075066505,15.153353877257965,14.38843012609214,14.349867693207567,17.107269640538995
L1 halo (Az~30k km),7.0,238.94444444444446,clock10ms,base,1.0,0.0,0.0,0.01,0.0,0.0,1.5633796561127808,1.5635610566560514,0.4649439407489673,13.922117814843457,13.943241529608656,13.931182032865264,15.167984237836368,15.184502045987298,15.153353877257965,16.587132602091312,16.56005320899409,17.107269640538995
L1 halo (Az~30k km),7.0,238.94444444444446,srp_am0.005,base,1.0,0.0,0.0,0.0,0.0015,0.0,1.5633796561127808,3.0012845771113255,0.4620153408721236,13.305903733739845,13.299243340776615,13.931182032865264,14.275188475967413,14.267855346758509,15.153353877257965,15.221281425442333,15.209454665428275,17.107269640538995
L1 halo (Az~30k km),7.0,238.94444444444446,srp_am0.01,base,1.0,0.0,0.0,0.0,0.003,0.0,1.5633796561127808,5.365682926573497,0.495764897737438,12.703332369895291,12.655377102203145,13.931182032865264,13.70809933620799,13.68580363500577,15.153353877257965,14.606716206210555,14.584350197813913,17.107269640538995
L1 halo (Az~30k km),7.0,238.94444444444446,srp_am0.02,base,1.0,0.0,0.0,0.0,0.006,0.0,1.5633796561127808,10.390027067701794,0.526636683508439,8.685388797922434,8.642732580021354,13.931182032865264,12.953759879033546,12.865543247288612,15.153353877257965,13.819690456756563,13.773506142471645,17.107269640538995
L1 halo (Az~30k km),7.0,238.94444444444446,srp_am0.05,base,1.0,0.0,0.0,0.0,0.015,0.0,1.5633796561127808,25.731421276825902,0.988631026426766,6.993753181144221,6.966434818633914,13.931182032865264,9.387797964215508,9.391112110942917,15.153353877257965,12.878518937050057,12.693297657755664,17.107269640538995
L1 halo (Az~30k km),7.0,238.94444444444446,nosrp_am0.01,base,1.0,0.0,0.0,0.0,0.0,0.01,1.5633796561127808,1.5633796561127802,0.4687671335641162,13.448994530582858,9.603645284153233,13.931182032865264,14.640881383756005,13.07559012610684,15.153353877257965,16.017486764983428,14.201051047026146,17.107269640538995
L1 halo (Az~30k km),7.0,238.94444444444446,nosrp_am0.05,base,1.0,0.0,0.0,0.0,0.0,0.05,1.5633796561127808,1.5633796561127802,0.46883766381594405,12.661319395929507,6.645349234803663,13.931182032865264,13.651489704105877,8.673190673418882,15.153353877257965,14.569142537107394,11.825655974262144,17.107269640538995
L1 halo (Az~30k km),7.0,238.94444444444446,nominal,base,1.0,0.1,0.0,0.001,0.003,0.0,1.5633796561127808,5.440740212411178,0.5141484798916491,12.691749994630321,12.628227560891682,13.931182032865264,13.694143075701904,13.670989821275771,15.153353877257965,14.606924241414909,14.58376855470686,17.107269640538995
L1 halo (Az~30k km),7.0,238.94444444444446,conservative,base,1.0,0.5,0.1,0.01,0.015,0.0,1.5633796561127808,26.17388096875403,1.2327825863737327,6.977165040475942,6.949897756009571,13.931182032865264,9.345737946961538,9.337672888977504,15.153353877257965,12.863612430064642,12.67606535662071,17.107269640538995
L1 halo (Az~30k km),7.0,238.94444444444446,nominal_0.3,base_0.3,0.3,0.1,0.0,0.001,0.003,0.0,0.4690138968383965,5.235824661424023,0.24647703989602662,12.708403789438302,12.661652937964035,15.219938416416866,13.718835547599358,13.692671217032654,16.714135739027686,14.606279549834278,14.583485792912548,18.54754834553655
L1 halo (Az~30k km),7.0,238.94444444444446,conservative_0.3,base_0.3,0.3,0.5,0.1,0.01,0.015,0.0,0.4690138968383965,26.13211446047348,1.1901224750907116,6.976578750933199,6.949337698837358,15.219938416416866,9.35007298035485,9.34109251274578,16.714135739027686,12.865207533611104,12.678113172385956,18.54754834553655
L1 halo (Az~30k km),1.0,267.2361111111111,base,base,1.0,0.0,0.0,0.0,0.0,0.0,48.166937756116894,48.166937756116894,1.482523051253484,9.246357079771382,9.242788815111515,9.199023109342443,10.33743182147234,10.320314987699057,10.272941727590023,11.379937433996199,11.39945613110088,11.456163670156847
L1 halo (Az~30k km),1.0,267.2361111111111,base_0.3,base_0.3,0.3,0.0,0.0,0.0,0.0,0.0,14.45008368250586,14.45008368250586,0.4448854808642455,10.392528501196436,10.389274662006127,10.32879784903828,11.75317901815934,11.758808237670166,11.695327459231992,13.345809685537212,13.496165013221082,13.121164052912318
L1 halo (Az~30k km),1.0,267.2361111111111,bias0.05,base,1.0,0.05,0.0,0.0,0.0,0.0,48.166937756116894,48.642277717391345,1.4981686451783878,9.23749202811602,9.23387289988859,9.199023109342443,10.325128935939103,10.306724460180654,10.272941727590023,11.362555512200327,11.380078313708811,11.456163670156847
L1 halo (Az~30k km),1.0,267.2361111111111,bias0.1,base,1.0,0.1,0.0,0.0,0.0,0.0,48.166937756116894,50.0412138643594,1.5375365950895201,9.212607284843163,9.207946881888805,9.199023109342443,10.286555158466715,10.267638066802633,10.272941727590023,11.320986531228947,11.334409463690802,11.456163670156847
L1 halo (Az~30k km),1.0,267.2361111111111,bias0.2,base,1.0,0.2,0.0,0.0,0.0,0.0,48.166937756116894,55.2840946696119,1.6820357713039904,9.123608128060605,9.113908513828022,9.199023109342443,10.152094470009024,10.13205006225246,10.272941727590023,11.213711142684746,11.223554396826081,11.456163670156847
L1 halo (Az~30k km),1.0,267.2361111111111,bias0.5,base,1.0,0.5,0.0,0.0,0.0,0.0,48.166937756116894,83.19731902516392,2.4672449243013923,8.70752959471033,8.669203833716747,9.199023109342443,9.706613262889892,9.694162892650834,10.272941727590023,10.810842770870286,10.788657642736686,11.456163670156847
L1 halo (Az~30k km),1.0,267.2361111111111,common0.1,base,1.0,0.0,0.1,0.0,0.0,0.0,48.166937756116894,48.167045913051645,1.4941566485885645,9.247432031670137,9.247763277416674,9.199023109342443,10.335171110274064,10.3257486972907,10.272941727590023,11.382505328926802,11.40143056297661,11.456163670156847
L1 halo (Az~30k km),1.0,267.2361111111111,common0.5,base,1.0,0.0,0.5,0.0,0.0,0.0,48.166937756116894,48.16964229792623,1.8668340815309785,9.25584787562311,9.255480765554744,9.199023109342443,10.324771445088366,10.317534671473886,10.272941727590023,11.519229645343524,11.551131101422328,11.456163670156847
L1 halo (Az~30k km),1.0,267.2361111111111,clock10ms,base,1.0,0.0,0.0,0.01,0.0,0.0,48.166937756116894,48.16783702692528,1.4825862315930685,9.246325794390696,9.242736744206812,9.199023109342443,10.337371883117394,10.320277447805594,10.272941727590023,11.379871881152036,11.399378892940895,11.456163670156847
L1 halo (Az~30k km),1.0,267.2361111111111,srp_am0.005,base,1.0,0.0,0.0,0.0,0.0015,0.0,48.166937756116894,48.167042486110624,1.571372982364331,9.21634295215657,9.237514104630288,9.199023109342443,10.326133215212575,10.346750222980447,10.272941727590023,11.42922351190916,11.426759721124728,11.456163670156847
L1 halo (Az~30k km),1.0,267.2361111111111,srp_am0.01,base,1.0,0.0,0.0,0.0,0.003,0.0,48.166937756116894,48.16735667472597,1.5713759883079277,9.215512744886226,9.236458042087813,9.199023109342443,10.323387716191558,10.343865172010961,10.272941727590023,11.428554053676248,11.426045358992798,11.456163670156847
L1 halo (Az~30k km),1.0,267.2361111111111,srp_am0.02,base,1.0,0.0,0.0,0.0,0.006,0.0,48.166937756116894,48.16861340869993,1.571388012024814,9.213470411918996,9.233918561849022,9.199023109342443,10.317219869257281,10.337376306281605,10.272941727590023,11.426573409237136,11.423990229184401,11.456163670156847
L1 halo (Az~30k km),1.0,267.2361111111111,srp_am0.05,base,1.0,0.0,0.0,0.0,0.015,0.0,48.166937756116894,48.177409628881,1.571475241183468,9.20981288617197,9.223668906487305,9.199023109342443,10.294781759793306,10.313734403435832,10.272941727590023,11.41568126756138,11.413587038860365,11.456163670156847
L1 halo (Az~30k km),1.0,267.2361111111111,nosrp_am0.01,base,1.0,0.0,0.0,0.0,0.0,0.01,48.166937756116894,48.166937756116894,1.4410114591043015,9.040012916326036,9.029184295628218,9.199023109342443,10.102418613679715,10.094772063882946,10.272941727590023,11.4258272231856,11.388260974920227,11.456163670156847
L1 halo (Az~30k km),1.0,267.2361111111111,nosrp_am0.05,base,1.0,0.0,0.0,0.0,0.0,0.05,48.166937756116894,48.166937756116894,1.4410213233265563,9.015777059895948,8.936569959469065,9.199023109342443,10.090389519754059,10.002840872293564,10.272941727590023,11.409536817464748,11.296059449641458,11.456163670156847
L1 halo (Az~30k km),1.0,267.2361111111111,nominal,base,1.0,0.1,0.0,0.001,0.003,0.0,48.166937756116894,50.04162574950276,1.630800837753939,9.17558384953963,9.195018880663262,9.199023109342443,10.27407287384707,10.29388916858082,10.272941727590023,11.389101519390865,11.38699213182955,11.456163670156847
L1 halo (Az~30k km),1.0,267.2361111111111,conservative,base,1.0,0.5,0.1,0.01,0.015,0.0,48.166937756116894,83.20396534591849,2.6740828663101732,8.63854366636716,8.625953704598704,9.199023109342443,9.667823080819895,9.668177307167616,10.272941727590023,10.769444194599197,10.7413873895783,11.456163670156847
L1 halo (Az~30k km),1.0,267.2361111111111,nominal_0.3,base_0.3,0.3,0.1,0.0,0.001,0.003,0.0,14.45008368250586,19.82210178394018,0.6393652309336825,10.039466210914219,10.030215390246099,10.32879784903828,11.329670947189394,11.298547768746374,11.695327459231992,12.65778519331387,12.71781887700291,13.121164052912318
L1 halo (Az~30k km),1.0,267.2361111111111,conservative_0.3,base_0.3,0.3,0.5,0.1,0.01,0.015,0.0,14.45008368250586,69.36612089619254,2.2093019357155663,8.80519103076465,8.792085931491124,10.32879784903828,9.835252365848515,9.83717390333551,11.695327459231992,10.891044322879699,10.867790172011803,13.121164052912318
L1 halo (Az~30k km),3.0,267.2361111111111,base,base,1.0,0.0,0.0,0.0,0.0,0.0,3.091251180147554,3.0912511801475544,0.7732271903440747,11.675448603907322,11.695324981640475,11.670166748789505,13.224254074733615,13.249082456010427,13.25629329433266,15.213384300961787,15.268365638197919,15.216630037092735
L1 halo (Az~30k km),3.0,267.2361111111111,base_0.3,base_0.3,0.3,0.0,0.0,0.0,0.0,0.0,0.927375354631142,0.927375354631142,0.23197643158038617,13.344626873682113,13.365374689827322,13.350328009275039,15.057648971704655,15.06236855513366,15.083683954715717,18.28529061214297,18.25436924235259,18.057090937975104
L1 halo (Az~30k km),3.0,267.2361111111111,bias0.05,base,1.0,0.05,0.0,0.0,0.0,0.0,3.091251180147554,3.1110189678388096,0.7790076013537535,11.668240055258975,11.688060385142439,11.670166748789505,13.216088753918633,13.240727812470833,13.25629329433266,15.207560053567923,15.261651622408147,15.216630037092735
L1 halo (Az~30k km),3.0,267.2361111111111,bias0.1,base,1.0,0.1,0.0,0.0,0.0,0.0,3.091251180147554,3.169584943587199,0.7959375999304803,11.647120789279741,11.666783578498434,11.670166748789505,13.192170940495744,13.216268744709227,13.25629329433266,15.189586983429685,15.24050359135227,15.216630037092735
L1 halo (Az~30k km),3.0,267.2361111111111,bias0.2,base,1.0,0.2,0.0,0.0,0.0,0.0,3.091251180147554,3.393783247821076,0.8589676929356006,11.569516280569065,11.588670402232134,11.670166748789505,13.108513966418863,13.126645692195142,13.25629329433266,15.103111448535996,15.143189124996509,15.216630037092735
L1 halo (Az~30k km),3.0,267.2361111111111,bias0.5,base,1.0,0.5,0.0,0.0,0.0,0.0,3.091251180147554,4.671378496801147,1.239200814345221,11.205891973563599,11.223580557619977,11.670166748789505,12.69925149949703,12.714308331933445,13.25629329433266,14.542492794832524,14.555457462998488,15.216630037092735
L1 halo (Az~30k km),3.0,267.2361111111111,common0.1,base,1.0,0.0,0.1,0.0,0.0,0.0,3.091251180147554,3.093844637020213,0.8191602444783525,11.665103610444081,11.684907887408713,11.670166748789505,13.212558142084946,13.237195101491011,13.25629329433266,15.205546405856081,15.259650117496376,15.216630037092735
L1 halo (Az~30k km),3.0,267.2361111111111,common0.5,base,1.0,0.0,0.5,0.0,0.0,0.0,3.091251180147554,3.15861363372381,1.7459819143740676,11.509613380167309,11.528452267089746,11.670166748789505,13.103690384260492,13.085510137391937,13.25629329433266,15.070885776377787,15.098787461295165,15.216630037092735
L1 halo (Az~30k km),3.0,267.2361111111111,clock10ms,base,1.0,0.0,0.0,0.01,0.0,0.0,3.091251180147554,3.0912871352841695,0.7732459875432803,11.675439694967418,11.695315616300942,11.670166748789505,13.224244101060979,13.249071826937167,13.25629329433266,15.213379032565513,15.268358253012805,15.216630037092735
L1 halo (Az~30k km),3.0,267.2361111111111,srp_am0.005,base,1.0,0.0,0.0,0.0,0.0015,0.0,3.091251180147554,3.0999516778965863,0.7183446077372541,11.656677393253533,11.681898230273267,11.670166748789505,13.268910405793143,13.23471180805054,13.25629329433266,15.131391165300396,15.24505260026335,15.216630037092735
L1 halo (Az~30k km),3.0,267.2361111111111,srp_am0.01,base,1.0,0.0,0.0,0.0,0.003,0.0,3.091251180147554,3.125912886055936,0.7194003227430306,11.585744317329349,11.621059834795247,11.670166748789505,13.219376012559561,13.241125730404272,13.25629329433266,15.02386454158361,15.139219610698161,15.216630037092735
L1 halo (Az~30k km),3.0,267.2361111111111,srp_am0.02,base,1.0,0.0,0.0,0.0,0.006,0.0,3.091251180147554,3.227737024674285,0.7226184748349617,11.536433758472512,11.501889721278436,11.670166748789505,13.061528039474915,13.056150218344607,13.25629329433266,14.833605758254285,14.886543247786355,15.216630037092735
L1 halo (Az~30k km),3.0,267.2361111111111,srp_am0.05,base,1.0,0.0,0.0,0.0,0.015,0.0,3.091251180147554,3.867736019630206,0.7406732821245885,11.02798855718673,10.995696156120422,11.670166748789505,12.495924095983476,12.458526797212016,13.25629329433266,14.470764066478415,14.37685160502025,15.216630037092735
L1 halo (Az~30k km),3.0,267.2361111111111,nosrp_am0.01,base,1.0,0.0,0.0,0.0,0.0,0.01,3.091251180147554,3.0912511801475544,0.7021717992523874,11.587368112092596,11.32840034315622,11.670166748789505,13.170816580697835,12.928586603900069,13.25629329433266,14.899838630884354,14.795549565335019,15.216630037092735
L1 halo (Az~30k km),3.0,267.2361111111111,nosrp_am0.05,base,1.0,0.0,0.0,0.0,0.0,0.05,3.091251180147554,3.0912511801475544,0.7021786571285273,11.579845820963065,10.412575691417642,11.670166748789505,13.291616650348903,11.84705622757258,13.25629329433266,15.430267320558565,13.60394224710219,15.216630037092735
L1 halo (Az~30k km),3.0,267.2361111111111,nominal,base,1.0,0.1,0.0,0.001,0.003,0.0,3.091251180147554,3.203406588347704,0.7499007387676961,11.564608534980648,11.60006872995757,11.670166748789505,13.19524120591304,13.202015914837595,13.25629329433266,14.97840103618217,15.086621946295278,15.216630037092735
L1 halo (Az~30k km),3.0,267.2361111111111,conservative,base,1.0,0.5,0.1,0.01,0.015,0.0,3.091251180147554,5.2195201429110725,1.281711838964373,10.845866482656879,10.81459316169051,11.670166748789505,12.28252737759144,12.253844919434444,13.25629329433266,13.965809044354861,13.891333366621174,15.216630037092735
L1 halo (Az~30k km),3.0,267.2361111111111,nominal_0.3,base_0.3,0.3,0.1,0.0,0.001,0.003,0.0,0.927375354631142,1.2516382654800906,0.29901154025122095,12.776176036293384,12.736027219236979,13.350328009275039,14.41074779741595,14.40754703672478,15.083683954715717,16.914319564486863,16.892975215641744,18.057090937975104
L1 halo (Az~30k km),3.0,267.2361111111111,conservative_0.3,base_0.3,0.3,0.5,0.1,0.01,0.015,0.0,0.927375354631142,4.308035558762223,1.0622570990815199,11.006926012921033,10.972672103833244,13.350328009275039,12.471048305398591,12.428322921871796,15.083683954715717,14.248132201193899,14.132337083158024,18.057090937975104
L1 halo (Az~30k km),7.0,267.2361111111111,base,base,1.0,0.0,0.0,0.0,0.0,0.0,0.7387038137594701,0.7387038137594701,0.5486131591957161,13.518636191711252,13.541652879191835,13.526898682363202,15.231567022649564,15.260237731976492,15.279840464097733,18.57287534537004,18.51607857793624,18.399258907975653
L1 halo (Az~30k km),7.0,267.2361111111111,base_0.3,base_0.3,0.3,0.0,0.0,0.0,0.0,0.0,0.22161114413005006,0.22161114413004857,0.1646036115704658,15.368033470602835,15.395951472561048,15.379315276034346,19.49647853809253,19.41867181322738,19.628439883667493,21.123981908367234,21.10321862710393,21.001696980055932
L1 halo (Az~30k km),7.0,267.2361111111111,bias0.05,base,1.0,0.05,0.0,0.0,0.0,0.0,0.7387038137594701,0.7451916047648527,0.5566110863799127,13.500372812542079,13.523124106583335,13.526898682363202,15.211076095511887,15.23917982259364,15.279840464097733,18.546617087694234,18.482564354946764,18.399258907975653
L1 halo (Az~30k km),7.0,267.2361111111111,bias0.1,base,1.0,0.1,0.0,0.0,0.0,0.0,0.7387038137594701,0.7643559514788846,0.5798929948266954,13.447691874010918,13.46978235579356,13.526898682363202,15.151930233921618,15.17853150690316,15.279840464097733,18.460868582664094,18.38172250614216,18.399258907975653
L1 halo (Az~30k km),7.0,267.2361111111111,bias0.2,base,1.0,0.2,0.0,0.0,0.0,0.0,0.7387038137594701,0.8369732522702054,0.6649673988585979,13.271518023359981,13.29233470928752,13.526898682363202,14.970468843071787,14.97649532885353,15.279840464097733,18.103833434276297,18.02750509559793,18.399258907975653
L1 halo (Az~30k km),7.0,267.2361111111111,bias0.5,base,1.0,0.5,0.0,0.0,0.0,0.0,0.7387038137594701,1.2345203220463652,1.091773636996562,12.628780125573357,12.647625535230363,13.526898682363202,14.288639533174024,14.289128369060833,15.279840464097733,16.736329510164843,16.594772531576492,18.399258907975653
L1 halo (Az~30k km),7.0,267.2361111111111,common0.1,base,1.0,0.0,0.1,0.0,0.0,0.0,0.7387038137594701,0.8240864999138262,0.6375663117124407,13.304101631543686,13.324776836743274,13.526898682363202,15.003033114398347,15.013477817172367,15.279840464097733,18.163020069472974,18.078457898803528,18.399258907975653
L1 halo (Az~30k km),7.0,267.2361111111111,common0.5,base,1.0,0.0,0.5,0.0,0.0,0.0,0.7387038137594701,1.9783381048557218,1.6857431277686203,11.948339384122763,11.966350115044744,13.526898682363202,13.541882327165837,13.546443901314994,15.279840464097733,15.541244937306091,15.478772851933906,18.399258907975653
L1 halo (Az~30k km),7.0,267.2361111111111,clock10ms,base,1.0,0.0,0.0,0.01,0.0,0.0,0.7387038137594701,0.7387421058421213,0.5486566365875084,13.518523502506186,13.541536787752579,13.526898682363202,15.231440538867034,15.260105923779753,15.279840464097733,18.572871496867347,18.516022798226853,18.399258907975653
L1 halo (Az~30k km),7.0,267.2361111111111,srp_am0.005,base,1.0,0.0,0.0,0.0,0.0015,0.0,0.7387038137594701,0.95537207466394,0.4872297870501139,13.07420966396918,13.12389321767106,13.526898682363202,14.836994580116214,14.803919371138663,15.279840464097733,17.499295163710258,17.29759003637406,18.399258907975653
L1 halo (Az~30k km),7.0,267.2361111111111,srp_am0.01,base,1.0,0.0,0.0,0.0,0.003,0.0,0.7387038137594701,1.437060910875134,0.5226463134121065,12.409543355304699,12.458223784724641,13.526898682363202,14.115453301661717,14.082337419843189,15.279840464097733,16.209204445892357,16.209656088828005,18.399258907975653
L1 halo (Az~30k km),7.0,267.2361111111111,srp_am0.02,base,1.0,0.0,0.0,0.0,0.006,0.0,0.7387038137594701,2.5950223118978513,0.6485662938851757,11.57217327593565,11.613512370779212,13.526898682363202,13.201250273176255,13.153473736262507,15.279840464097733,14.936034957826543,14.847469824440688,18.399258907975653
L1 halo (Az~30k km),7.0,267.2361111111111,srp_am0.05,base,1.0,0.0,0.0,0.0,0.015,0.0,0.7387038137594701,6.282915705961516,1.2307778991272282,10.4795972250818,10.51358220475748,13.526898682363202,11.918556953388675,11.908671962361687,15.279840464097733,13.699998162400629,13.4140981835031,18.399258907975653
L1 halo (Az~30k km),7.0,267.2361111111111,nosrp_am0.01,base,1.0,0.0,0.0,0.0,0.0,0.01,0.7387038137594701,0.7387038137594701,0.5410961859712894,13.54126911834377,11.738472695884408,13.526898682363202,15.61301824728892,13.405589582345858,15.279840464097733,17.995084310863753,15.317712769016612,18.399258907975653
L1 halo (Az~30k km),7.0,267.2361111111111,nosrp_am0.05,base,1.0,0.0,0.0,0.0,0.0,0.05,0.7387038137594701,0.7387038137594701,0.541139831579349,13.682015530028737,10.055725170490625,13.526898682363202,16.229248498100795,11.400174979268838,15.279840464097733,inf,13.088259418856378,18.399258907975653
L1 halo (Az~30k km),7.0,267.2361111111111,nominal,base,1.0,0.1,0.0,0.001,0.003,0.0,0.7387038137594701,1.4487963535526882,0.5520775363837352,12.398296417821534,12.44441367557312,13.526898682363202,14.1003204138333,14.058836222113731,15.279840464097733,16.186957613643443,16.194012432730666,18.399258907975653
L1 halo (Az~30k km),7.0,267.2361111111111,conservative,base,1.0,0.5,0.1,0.01,0.015,0.0,0.7387038137594701,6.354770513671417,1.4616767495820313,10.462015649806618,10.495514878354872,13.526898682363202,11.897359665907926,11.878385499555016,15.279840464097733,13.646489335739219,13.498089635112896,18.399258907975653
L1 halo (Az~30k km),7.0,267.2361111111111,nominal_0.3,base_0.3,0.3,0.1,0.0,0.001,0.003,0.0,0.22161114413005006,1.2789488402205464,0.30391617373483965,12.529923354858804,12.527635902190111,15.379315276034346,14.19555715576973,14.139570841811473,19.628439883667493,16.37123316081991,16.29012306048537,21.001696980055932
L1 halo (Az~30k km),7.0,267.2361111111111,conservative_0.3,base_0.3,0.3,0.5,0.1,0.01,0.015,0.0,0.22161114413005006,6.319051700355078,1.4054746877522906,10.46722892259322,10.50012479511581,15.379315276034346,11.903667652987775,11.87678075893887,19.628439883667493,13.67735099121363,13.499506113547977,21.001696980055932
L1 halo (Az~30k km),1.0,297.625,base,base,1.0,0.0,0.0,0.0,0.0,0.0,377.0208802104881,377.0208802104881,8.336878303567733,3.9179225566740397,3.92003266797706,3.8329042550030734,5.274464778787927,5.273815020946401,5.175907630706816,6.734288626257873,6.726336266037419,7.36936584261302
L1 halo (Az~30k km),1.0,297.625,base_0.3,base_0.3,0.3,0.0,0.0,0.0,0.0,0.0,113.10658677835819,113.10658677835819,2.5048512261759965,5.352660065225535,5.344083474585724,5.251989645351014,6.903546732285198,6.898988431432039,6.831262574450761,8.788629599822068,8.765963058252838,8.610919887506833
L1 halo (Az~30k km),1.0,297.625,bias0.05,base,1.0,0.05,0.0,0.0,0.0,0.0,377.0208802104881,377.08862045384404,8.336004030492226,3.917861088221578,3.9195850385563014,3.8329042550030734,5.274240323580344,5.273564499526718,5.175907630706816,6.734704161962094,6.726495527254432,7.36936584261302
L1 halo (Az~30k km),1.0,297.625,bias0.1,base,1.0,0.1,0.0,0.0,0.0,0.0,377.0208802104881,377.2917682104829,8.333484789615467,3.917674313060243,3.9182719479970824,3.8329042550030734,5.273574414969747,5.272822409659085,5.175907630706816,6.735949824261698,6.726953755183953,7.36936584261302
L1 halo (Az~30k km),1.0,297.625,bias0.2,base,1.0,0.2,0.0,0.0,0.0,0.0,377.0208802104881,378.10326777059436,8.324794079353717,3.9169002605778434,3.913394897388894,3.8329042550030734,5.271006114455766,5.269974635581467,5.175907630706816,6.740943432168067,6.728538529966413,7.36936584261302
L1 halo (Az~30k km),1.0,297.625,bias0.5,base,1.0,0.5,0.0,0.0,0.0,0.0,377.0208802104881,383.73571698464053,8.436536862012314,3.9110678611516385,3.903833202863239,3.8329042550030734,5.255320195863703,5.2528985925286555,5.175907630706816,6.756363759032007,6.731152393581347,7.36936584261302
L1 halo (Az~30k km),1.0,297.625,common0.1,base,1.0,0.0,0.1,0.0,0.0,0.0,377.0208802104881,377.0210208768013,8.32939617707233,3.9181915263409692,3.919879236927379,3.8329042550030734,5.274566471171487,5.273890450901952,5.175907630706816,6.734493569575507,6.726373627703834,7.36936584261302
L1 halo (Az~30k km),1.0,297.625,common0.5,base,1.0,0.0,0.5,0.0,0.0,0.0,377.0208802104881,377.0243968682551,8.29884455995804,3.92152660227958,3.9186750606878573,3.8329042550030734,5.2758868945403625,5.274942632992507,5.175907630706816,6.737102253903811,6.726411702189289,7.36936584261302
L1 halo (Az~30k km),1.0,297.625,clock10ms,base,1.0,0.0,0.0,0.01,0.0,0.0,377.0208802104881,377.0213797122521,8.336865397736759,3.91792216753977,3.9200295609745943,3.8329042550030734,5.274463069412722,5.273813134306895,5.175907630706816,6.734291572496231,6.726337283646065,7.36936584261302
L1 halo (Az~30k km),1.0,297.625,srp_am0.005,base,1.0,0.0,0.0,0.0,0.0015,0.0,377.0208802104881,377.0208876057308,8.390673103549075,3.8906976338434034,3.871269353025436,3.8329042550030734,5.293313058076958,5.262709779250436,5.175907630706816,6.754340357318432,6.752867250971811,7.36936584261302
L1 halo (Az~30k km),1.0,297.625,srp_am0.01,base,1.0,0.0,0.0,0.0,0.003,0.0,377.0208802104881,377.0209097914585,8.390673672005386,3.89074919029561,3.8713138183922005,3.8329042550030734,5.293469377106369,5.262846289011855,5.175907630706816,6.754583178703859,6.7531386025891855,7.36936584261302
L1 halo (Az~30k km),1.0,297.625,srp_am0.02,base,1.0,0.0,0.0,0.0,0.006,0.0,377.0208802104881,377.0209985343558,8.390676486727696,3.8908475956923567,3.8713982325814684,3.8329042550030734,5.293775977685798,5.263114259521164,5.175907630706816,6.755059860356457,6.7536708527669775,7.36936584261302
L1 halo (Az~30k km),1.0,297.625,srp_am0.05,base,1.0,0.0,0.0,0.0,0.015,0.0,377.0208802104881,377.0216197340519,8.390691128780208,3.8910926021736447,3.8716040388909345,3.8329042550030734,5.294610227435424,5.263843898021785,5.175907630706816,6.756373885476563,6.755135149579045,7.36936584261302
L1 halo (Az~30k km),1.0,297.625,nosrp_am0.01,base,1.0,0.0,0.0,0.0,0.0,0.01,377.0208802104881,377.0208802104881,9.084546934272025,3.840982905988875,3.8685290662345175,3.8329042550030734,5.204596683651581,5.253071554406559,5.175907630706816,6.927583140910931,6.848863153875372,7.36936584261302
L1 halo (Az~30k km),1.0,297.625,nosrp_am0.05,base,1.0,0.0,0.0,0.0,0.0,0.05,377.0208802104881,377.0208802104881,9.084658299893988,3.8406003509728768,3.8662393414191487,3.8329042550030734,5.2043167708952485,5.243730280924682,5.175907630706816,6.928795685498079,6.853204210775386,7.36936584261302
L1 halo (Az~30k km),1.0,297.625,nominal,base,1.0,0.1,0.0,0.001,0.003,0.0,377.0208802104881,377.29180276164897,8.403298999113193,3.8884208092365387,3.868948638714788,3.8329042550030734,5.291174934584719,5.260548744921247,5.175907630706816,6.755106579752186,6.753741754378762,7.36936584261302
L1 halo (Az~30k km),1.0,297.625,conservative,base,1.0,0.5,0.1,0.01,0.015,0.0,377.0208802104881,383.7370725382335,8.50643166639627,3.8484258520252452,3.8283610091855236,3.8329042550030734,5.251034616517907,5.220331217128056,5.175907630706816,6.742946960034245,6.742447576593075,7.36936584261302
L1 halo (Az~30k km),1.0,297.625,nominal_0.3,base_0.3,0.3,0.1,0.0,0.001,0.003,0.0,113.10658677835819,114.00641489494083,2.548325684851075,5.3549207090138164,5.332374055621235,5.251989645351014,6.99761532426191,6.981092779518866,6.831262574450761,8.81354025449084,8.938318838939106,8.610919887506833
L1 halo (Az~30k km),1.0,297.625,conservative_0.3,base_0.3,0.3,0.5,0.1,0.01,0.015,0.0,113.10658677835819,133.80043822288928,3.239610166285997,5.147475718915262,5.12414132961811,5.251989645351014,6.768678559298136,6.738133499242556,6.831262574450761,8.611738782145249,8.634542445593215,8.610919887506833
L1 halo (Az~30k km),3.0,297.625,base,base,1.0,0.0,0.0,0.0,0.0,0.0,377.0217607279213,377.0217607279212,8.336898139386774,3.9179200680853326,3.920030098007398,3.8329017498791385,5.2744618084372075,5.273812067039458,5.175904600538862,6.73429265537748,6.7263336454399525,7.369359767613516
L1 halo (Az~30k km),3.0,297.625,base_0.3,base_0.3,0.3,0.0,0.0,0.0,0.0,0.0,113.10661054735864,113.10661054735868,2.504851262516972,5.352659794756032,5.34408320521406,5.251989367287807,6.903546433024395,6.898988133238741,6.8312622712464215,8.788628867610626,8.765962393260185,8.61091984633598
L1 halo (Az~30k km),3.0,297.625,bias0.05,base,1.0,0.05,0.0,0.0,0.0,0.0,377.0217607279213,377.0895003595295,8.336023862933095,3.9178586003480294,3.919582471059255,3.8329017498791385,5.274237355376477,5.2735615479002895,5.175904600538862,6.734708216794961,6.726492904138756,7.369359767613516
L1 halo (Az~30k km),3.0,297.625,bias0.1,base,1.0,0.1,0.0,0.0,0.0,0.0,377.0217607279213,377.2926462824135,8.333503521729899,3.9176718273110707,3.9182693876763195,3.8329017498791385,5.273571453105992,5.272819464757778,5.175904600538862,6.735953955371796,6.726951124777096,7.369359767613516
L1 halo (Az~30k km),3.0,297.625,bias0.2,base,1.0,0.2,0.0,0.0,0.0,0.0,377.0217607279213,378.1041385297243,8.324812814633223,3.916897783229004,3.9133923627645406,3.8329017498791385,5.271003176693003,5.269971716142684,5.175904600538862,6.740947860561526,6.728535873717075,7.369359767613516
L1 halo (Az~30k km),3.0,297.625,bias0.5,base,1.0,0.5,0.0,0.0,0.0,0.0,377.0217607279213,383.73653752283093,8.436551457051443,3.911065437573127,3.9038307976996434,3.8329017498791385,5.255317398336625,5.252895819325994,5.175904600538862,6.756356918177189,6.731146046355876,7.369359767613516
L1 halo (Az~30k km),3.0,297.625,common0.1,base,1.0,0.0,0.1,0.0,0.0,0.0,377.0217607279213,377.02190139612253,8.329413773277299,3.9181890369731054,3.9198766677680927,3.8329017498791385,5.2745635002693865,5.273887496576949,5.175904600538862,6.734497609157443,6.726371005409808,7.369359767613516
L1 halo (Az~30k km),3.0,297.625,common0.5,base,1.0,0.0,0.5,0.0,0.0,0.0,377.0217607279213,377.02527743289244,8.29886280115138,3.9215241018650286,3.918672498729596,3.8329017498791385,5.275883916283945,5.274939672744426,5.175904600538862,6.7371064043330895,6.726409061060122,7.369359767613516
L1 halo (Az~30k km),3.0,297.625,clock10ms,base,1.0,0.0,0.0,0.01,0.0,0.0,377.0217607279213,377.0222602254403,8.33688467246431,3.9179196789576,3.9200269910204995,3.8329017498791385,5.274460099077713,5.273810180416388,5.175904600538862,6.73429560180097,6.72633466303321,7.369359767613516
L1 halo (Az~30k km),3.0,297.625,srp_am0.005,base,1.0,0.0,0.0,0.0,0.0015,0.0,377.0217607279213,377.0217681234074,8.390691708258736,3.8906951387844755,3.8712668684686866,3.8329017498791385,5.293309948591126,5.26270668019869,5.175904600538862,6.754336228899259,6.752862294733107,7.369359767613516
L1 halo (Az~30k km),3.0,297.625,srp_am0.01,base,1.0,0.0,0.0,0.0,0.003,0.0,377.0217607279213,377.0217903098655,8.390692817610194,3.890746695022563,3.8713113335181806,3.8329017498791385,5.2934662672542325,5.262843189640707,5.175904600538862,6.754579043609999,6.753133638948634,7.369359767613516
L1 halo (Az~30k km),3.0,297.625,srp_am0.02,base,1.0,0.0,0.0,0.0,0.006,0.0,377.0217607279213,377.0218790556848,8.390695069382978,3.890845099926807,3.8713957468557916,3.8329017498791385,5.293772866867461,5.263111159316494,5.175904600538862,6.755055711785376,6.753665874226165,7.369359767613516
L1 halo (Az~30k km),3.0,297.625,srp_am0.05,base,1.0,0.0,0.0,0.0,0.015,0.0,377.0217607279213,377.0225002758345,8.390709727938193,3.8910901036215626,3.8716015485376905,3.8329017498791385,5.29460710988711,5.263840792034755,5.175904600538862,6.756369693632665,6.755130123499279,7.369359767613516
L1 halo (Az~30k km),3.0,297.625,nosrp_am0.01,base,1.0,0.0,0.0,0.0,0.0,0.01,377.0217607279213,377.0217607279212,9.08456979873142,3.8409803753749125,3.8685263731859627,3.8329017498791385,5.204593585017382,5.253068210765431,5.175904600538862,6.927577238512398,6.848855850070904,7.369359767613516
L1 halo (Az~30k km),3.0,297.625,nosrp_am0.05,base,1.0,0.0,0.0,0.0,0.0,0.05,377.0217607279213,377.0217607279212,9.084681684041128,3.840597819742129,3.8662368953559385,3.8329017498791385,5.204313671308769,5.243726932357461,5.175904600538862,6.928789757708202,6.853210105067034,7.369359767613516
L1 halo (Az~30k km),3.0,297.625,nominal,base,1.0,0.1,0.0,0.001,0.003,0.0,377.0217607279213,377.29268083451075,8.403317564883645,3.888418329453451,3.8689461693411094,3.8329017498791385,5.291171841874895,5.260545662514003,5.175904600538862,6.7551024249570455,6.7537367696650366,7.369359767613516
L1 halo (Az~30k km),3.0,297.625,conservative,base,1.0,0.5,0.1,0.01,0.015,0.0,377.0217607279213,383.7378930982993,8.50644611464125,3.848423598031162,3.8283587617279005,3.8329017498791385,5.251031793768829,5.220328401955584,5.175904600538862,6.742943209450728,6.742443064515442,7.369359767613516
L1 halo (Az~30k km),3.0,297.625,nominal_0.3,base_0.3,0.3,0.1,0.0,0.001,0.003,0.0,113.10661054735864,114.00643793364652,2.548329373512892,5.354920453068609,5.332373795210874,5.251989367287807,6.9976150200599685,6.981092487023509,6.8312622712464215,8.813539744552907,8.938318201512415,8.61091984633598
L1 halo (Az~30k km),3.0,297.625,conservative_0.3,base_0.3,0.3,0.5,0.1,0.01,0.015,0.0,113.10661054735864,133.80044675560657,3.239610166285997,5.147475562479461,5.124141174423815,5.251989367287807,6.768678377334169,6.738133316749204,6.8312622712464215,8.611738700478076,8.634542294067105,8.61091984633598
L1 halo (Az~30k km),7.0,297.625,base,base,1.0,0.0,0.0,0.0,0.0,0.0,0.8837878960481462,0.8837878960481347,0.5132966136334732,15.367222624640988,15.36004872400506,15.259939006141153,16.51139780205838,16.509515626357977,16.408679174252775,17.703498894711913,17.70144833013038,17.931809141342573
L1 halo (Az~30k km),7.0,297.625,base_0.3,base_0.3,0.3,0.0,0.0,0.0,0.0,0.0,0.26513636881878283,0.2651363688188024,0.15399356690835453,16.56630156341079,16.56270164001039,16.46522284074964,17.995261948944165,17.986941872523797,17.892965522753965,19.442114097192267,19.441311284258425,19.403635122031126
L1 halo (Az~30k km),7.0,297.625,bias0.05,base,1.0,0.05,0.0,0.0,0.0,0.0,0.8837878960481462,0.9058880438013772,0.5181571800107205,15.337038638202802,15.330959730072234,15.259939006141153,16.47357944528167,16.471193453381968,16.408679174252775,17.619205954416522,17.616388682585704,17.931809141342573
L1 halo (Az~30k km),7.0,297.625,bias0.1,base,1.0,0.1,0.0,0.0,0.0,0.0,0.8837878960481462,0.969544971357146,0.5316695135492205,15.27111891741895,15.266985284023287,15.259939006141153,16.37752937998226,16.3742327265426,16.408679174252775,17.50750937524983,17.50257131879431,17.931809141342573
L1 halo (Az~30k km),7.0,297.625,bias0.2,base,1.0,0.2,0.0,0.0,0.0,0.0,0.8837878960481462,1.1931331118078854,0.5760305752768677,15.084592647670469,15.081402429499398,15.259939006141153,16.12687457852413,16.123119093692193,16.408679174252775,17.270122452904932,17.260346366819583,17.931809141342573
L1 halo (Az~30k km),7.0,297.625,bias0.5,base,1.0,0.5,0.0,0.0,0.0,0.0,0.8837878960481462,2.2031021812834255,0.8760242128647667,14.480370250978304,14.433856514406955,15.259939006141153,15.492055947865,15.472397163301665,16.408679174252775,16.546009294713567,16.509850150752833,17.931809141342573
L1 halo (Az~30k km),7.0,297.625,common0.1,base,1.0,0.0,0.1,0.0,0.0,0.0,0.8837878960481462,1.1228850176032008,0.549662657262137,15.131420699740403,15.128733142866391,15.259939006141153,16.188492615883494,16.185225397311797,16.408679174252775,17.328817929166203,17.31999453497475,17.931809141342573
L1 halo (Az~30k km),7.0,297.625,common0.5,base,1.0,0.0,0.5,0.0,0.0,0.0,0.8837878960481462,3.6253842549995015,1.3106966205141004,11.538601056666657,11.57150854957192,15.259939006141153,14.969168290925602,14.916206218254692,16.408679174252775,16.047126632028764,15.982677938917083,17.931809141342573
L1 halo (Az~30k km),7.0,297.625,clock10ms,base,1.0,0.0,0.0,0.01,0.0,0.0,0.8837878960481462,0.8838420811614628,0.5133332495470608,15.367111912640674,15.359938195340618,15.259939006141153,16.511258791281712,16.509374115223366,16.408679174252775,17.70341340820475,17.701368893840602,17.931809141342573
L1 halo (Az~30k km),7.0,297.625,srp_am0.005,base,1.0,0.0,0.0,0.0,0.0015,0.0,0.8837878960481462,1.2129989283865725,0.5869329263536486,14.798491826201692,14.762590322467014,15.259939006141153,15.86196878854035,15.824380076596354,16.408679174252775,17.093426825483927,17.066828716760277,17.931809141342573
L1 halo (Az~30k km),7.0,297.625,srp_am0.01,base,1.0,0.0,0.0,0.0,0.003,0.0,0.8837878960481462,1.9256056761150278,0.7636659128822386,14.122621084515625,14.046938604811992,15.259939006141153,15.23130406461585,15.17991883610612,16.408679174252775,16.40730006417399,16.372149926019883,17.931809141342573
L1 halo (Az~30k km),7.0,297.625,srp_am0.02,base,1.0,0.0,0.0,0.0,0.006,0.0,0.8837878960481462,3.5769628288925013,1.3513117534426633,10.53538391489123,10.569591665279724,15.259939006141153,14.484684376815926,14.364491267871609,16.408679174252775,15.60114425630072,15.510971787909197,17.931809141342573
L1 halo (Az~30k km),7.0,297.625,srp_am0.05,base,1.0,0.0,0.0,0.0,0.015,0.0,0.8837878960481462,8.7471612115602,3.262047794315508,8.78084009592042,8.798173267945364,15.259939006141153,11.34160708708443,11.253357127008709,16.408679174252775,14.388334200298702,14.186903412132066,17.931809141342573
L1 halo (Az~30k km),7.0,297.625,nosrp_am0.01,base,1.0,0.0,0.0,0.0,0.0,0.01,0.8837878960481462,0.8837878960481347,0.5438981123935983,14.743237513854105,10.819956888373381,15.259939006141153,15.911920250038454,14.500501623647665,16.408679174252775,17.227109654297813,15.628168658994221,17.931809141342573
L1 halo (Az~30k km),7.0,297.625,nosrp_am0.05,base,1.0,0.0,0.0,0.0,0.0,0.05,0.8837878960481462,0.8837878960481347,0.543923993249943,13.908316089930118,8.141516925906833,15.259939006141153,14.983765589287119,10.151685768645809,16.408679174252775,15.882558988770406,13.30889297051941,17.931809141342573
L1 halo (Az~30k km),7.0,297.625,nominal,base,1.0,0.1,0.0,0.001,0.003,0.0,0.8837878960481462,1.9630417212700946,0.7660074946105788,14.104511298831394,14.02795517971861,15.259939006141153,15.21691527425934,15.1646938589205,16.408679174252775,16.392063615725984,16.339598836677435,17.931809141342573
L1 halo (Az~30k km),7.0,297.625,conservative,base,1.0,0.5,0.1,0.01,0.015,0.0,0.8837878960481462,8.966159828475499,3.264202568704294,8.735787395825785,8.754623482165963,15.259939006141153,11.34240882493495,11.248635142749828,16.408679174252775,14.39201188172516,14.184541442299562,17.931809141342573
L1 halo (Az~30k km),7.0,297.625,nominal_0.3,base_0.3,0.3,0.1,0.0,0.001,0.003,0.0,0.26513636881878283,1.7978446135387287,0.6540767311977446,14.182395300530843,14.103510190881007,16.46522284074964,15.27853510451523,15.227290087376492,17.892965522753965,16.482254617304175,16.43486353846157,19.403635122031126
L1 halo (Az~30k km),7.0,297.625,conservative_0.3,base_0.3,0.3,0.5,0.1,0.01,0.015,0.0,0.26513636881878283,8.932506056859856,3.265766540364369,8.742566368558407,8.760810902394434,16.46522284074964,11.363450578603203,11.269064816109077,17.892965522753965,14.40378024096262,14.19431511225378,19.403635122031126
L1 halo (Az~30k km),1.0,336.88194444444446,base,base,1.0,0.0,0.0,0.0,0.0,0.0,411.81443824553287,411.81443824553287,12.231686865991431,2.6182256181764925,2.6093992751976325,2.621299781070633,4.126845694055936,4.112017746965468,4.096475031724393,6.076274619129516,6.148100392986249,5.80345432261247
L1 halo (Az~30k km),1.0,336.88194444444446,base_0.3,base_0.3,0.3,0.0,0.0,0.0,0.0,0.0,123.54485189933565,123.54485189933565,3.6763430533510504,4.240671201429061,4.2214799614640555,4.182683247521685,5.937210604605122,5.942178543025087,5.903692313919706,9.057192190099055,9.028019587193471,9.201796641937623
L1 halo (Az~30k km),1.0,336.88194444444446,bias0.05,base,1.0,0.05,0.0,0.0,0.0,0.0,411.81443824553287,411.855243784816,12.234612888738816,2.619121377626083,2.6093493120868936,2.621299781070633,4.126811353326498,4.111942653055781,4.096475031724393,6.07534179123147,6.149704654726543,5.80345432261247
L1 halo (Az~30k km),1.0,336.88194444444446,bias0.1,base,1.0,0.1,0.0,0.0,0.0,0.0,411.81443824553287,411.9776361645994,12.243248248986726,2.6218295505104328,2.609362882922162,2.621299781070633,4.126769027684259,4.111783586079424,4.096475031724393,6.073064586082289,6.1549068657021,5.80345432261247
L1 halo (Az~30k km),1.0,336.88194444444446,bias0.2,base,1.0,0.2,0.0,0.0,0.0,0.0,411.81443824553287,412.4668426873881,12.275974220811731,2.632784672675597,2.6169146489399866,2.621299781070633,4.127283464735448,4.111944995760621,4.096475031724393,6.0705193212307655,6.172402541276717,5.80345432261247
L1 halo (Az~30k km),1.0,336.88194444444446,bias0.5,base,1.0,0.5,0.0,0.0,0.0,0.0,411.81443824553287,415.87518345977253,12.46303530606861,2.6944066889886695,2.676990826040538,2.621299781070633,4.177490382527244,4.160257437571208,4.096475031724393,6.172377868036014,6.182118720270023,5.80345432261247
L1 halo (Az~30k km),1.0,336.88194444444446,common0.1,base,1.0,0.0,0.1,0.0,0.0,0.0,411.81443824553287,411.8145018498772,12.238227369720999,2.6212715654245997,2.6096363566842116,2.621299781070633,4.127084719985741,4.112145437134264,4.096475031724393,6.074964408160824,6.153890759483411,5.80345432261247
L1 halo (Az~30k km),1.0,336.88194444444446,common0.5,base,1.0,0.0,0.5,0.0,0.0,0.0,411.81443824553287,411.8160283566311,12.356552697974495,2.6820345983995812,2.6647848594255645,2.621299781070633,4.157108692476761,4.1406712753734025,4.096475031724393,6.164114270847466,6.18393429452104,5.80345432261247
L1 halo (Az~30k km),1.0,336.88194444444446,clock10ms,base,1.0,0.0,0.0,0.01,0.0,0.0,411.81443824553287,411.81445258459297,12.231683591795353,2.6182408140222484,2.609398651408432,2.621299781070633,4.126844032056181,4.112015968619869,4.096475031724393,6.076272457933623,6.148131444232083,5.80345432261247
L1 halo (Az~30k km),1.0,336.88194444444446,srp_am0.005,base,1.0,0.0,0.0,0.0,0.0015,0.0,411.81443824553287,411.8144382765065,12.963098432643383,2.616065986314541,2.663629950728815,2.621299781070633,4.0682947305032835,4.084892947681241,4.096475031724393,5.862760140611461,6.088287081541435,5.80345432261247
L1 halo (Az~30k km),1.0,336.88194444444446,srp_am0.01,base,1.0,0.0,0.0,0.0,0.003,0.0,411.81443824553287,411.8144383694275,12.963096989315375,2.6161519959740738,2.663674963450668,2.621299781070633,4.068371628897881,4.08486917759532,4.096475031724393,5.86277542679116,6.08827609199954,5.80345432261247
L1 halo (Az~30k km),1.0,336.88194444444446,srp_am0.02,base,1.0,0.0,0.0,0.0,0.006,0.0,411.81443824553287,411.8144387411114,12.963097714527622,2.616321715225327,2.6637634863287767,2.621299781070633,4.068523879620104,4.084821751528192,4.096475031724393,5.862805504653443,6.088254178147841,5.80345432261247
L1 halo (Az~30k km),1.0,336.88194444444446,srp_am0.05,base,1.0,0.0,0.0,0.0,0.015,0.0,411.81443824553287,411.81444134289933,12.963098071811395,2.6167560711214364,2.6639636244291727,2.621299781070633,4.068968025952533,4.084680450587463,4.096475031724393,5.86289174136994,6.088188998716513,5.80345432261247
L1 halo (Az~30k km),1.0,336.88194444444446,nosrp_am0.01,base,1.0,0.0,0.0,0.0,0.0,0.01,411.81443824553287,411.81443824553287,13.435404766715127,2.710316349392954,2.6957011514732323,2.621299781070633,4.209337523974547,4.2004237140056775,4.096475031724393,6.071158657361249,6.10709994391355,5.80345432261247
L1 halo (Az~30k km),1.0,336.88194444444446,nosrp_am0.05,base,1.0,0.0,0.0,0.0,0.0,0.05,411.81443824553287,411.81443824553287,13.435416027212831,2.710298643139506,2.695671167578894,2.621299781070633,4.209142231890015,4.201082217736176,4.096475031724393,6.071020448648153,6.104776908349583,5.80345432261247
L1 halo (Az~30k km),1.0,336.88194444444446,nominal,base,1.0,0.1,0.0,0.001,0.003,0.0,411.81443824553287,411.9776364317788,12.965173933995773,2.610379816245078,2.657166481883345,2.621299781070633,4.065761845759416,4.082103633499807,4.096475031724393,5.859493052782709,6.078498157198274,5.80345432261247
L1 halo (Az~30k km),1.0,336.88194444444446,conservative,base,1.0,0.5,0.1,0.01,0.015,0.0,411.81443824553287,415.87526369121207,13.01380701221957,2.582048570345367,2.6178114919824944,2.621299781070633,3.9835968605948087,4.035982354058909,4.096475031724393,5.63120942700004,5.975706022467001,5.80345432261247
L1 halo (Az~30k km),1.0,336.88194444444446,nominal_0.3,base_0.3,0.3,0.1,0.0,0.001,0.003,0.0,123.54485189933565,124.0877670439507,3.903148949093177,4.159061848134284,4.185831413103043,4.182683247521685,5.823639451533787,5.88930960308574,5.903692313919706,9.515010448450097,9.22298642866027,9.201796641937623
L1 halo (Az~30k km),1.0,336.88194444444446,conservative_0.3,base_0.3,0.3,0.5,0.1,0.01,0.015,0.0,123.54485189933565,136.47179729358106,4.233243801534644,3.957373821627019,3.9338483238844093,4.182683247521685,5.658326337397799,5.626028646121746,5.903692313919706,8.879157975992882,8.66213541616379,9.201796641937623
L1 halo (Az~30k km),3.0,336.88194444444446,base,base,1.0,0.0,0.0,0.0,0.0,0.0,411.8120484238441,411.81204842384227,12.231551243340695,2.6183342841637,2.6095230395488285,2.621377332334768,4.126929227410005,4.112100877988134,4.0965570025567235,6.076644587803684,6.14832055825102,5.80355586331905
L1 halo (Az~30k km),3.0,336.88194444444446,base_0.3,base_0.3,0.3,0.0,0.0,0.0,0.0,0.0,123.54478733433882,123.54478733433919,3.67634047101004,4.240682349553895,4.2214875053263565,4.182690841158754,5.937219480234445,5.942190407808335,5.903700435920322,9.057221565342907,9.028051178018739,9.201806358044276
L1 halo (Az~30k km),3.0,336.88194444444446,bias0.05,base,1.0,0.05,0.0,0.0,0.0,0.0,411.8120484238441,411.85285446361723,12.234477306155888,2.6192302955693916,2.6094734092846728,2.621377332334768,4.126895021656236,4.112025914519246,4.0965570025567235,6.075715352293389,6.149927473055454,5.80355586331905
L1 halo (Az~30k km),3.0,336.88194444444446,bias0.1,base,1.0,0.1,0.0,0.0,0.0,0.0,411.8120484238441,411.9752483441406,12.243112769731308,2.621939200597799,2.6094879566222877,2.621377332334768,4.126853086277499,4.111867225202138,4.0965570025567235,6.073449023436193,6.155137076350809,5.80355586331905
L1 halo (Az~30k km),3.0,336.88194444444446,bias0.2,base,1.0,0.2,0.0,0.0,0.0,0.0,411.8120484238441,412.46446085888937,12.27584067250491,2.6328968731298867,2.617025717418175,2.621377332334768,4.127368895013647,4.112030059723796,4.0965570025567235,6.070948780641946,6.172458403637805,5.80355586331905
L1 halo (Az~30k km),3.0,336.88194444444446,bias0.5,base,1.0,0.5,0.0,0.0,0.0,0.0,411.8120484238441,415.8728430897644,12.46290805570738,2.694488994122595,2.6770727339460323,2.621377332334768,4.1776229237282685,4.16038921349719,4.0965570025567235,6.17243810875101,6.1821965782771064,5.80355586331905
L1 halo (Az~30k km),3.0,336.88194444444446,common0.1,base,1.0,0.0,0.1,0.0,0.0,0.0,411.8120484238441,411.81211202852626,12.238091437544469,2.621380942922678,2.609761065990882,2.621377332334768,4.127168629478888,4.112228931234599,4.0965570025567235,6.075344973920325,6.154117091630046,5.80355586331905
L1 halo (Az~30k km),3.0,336.88194444444446,common0.5,base,1.0,0.0,0.5,0.0,0.0,0.0,411.8120484238441,411.8136385434291,12.356416248865491,2.6821517642896127,2.6649008868771236,2.621377332334768,4.157238201665991,4.140799998634681,4.0965570025567235,6.1646218958288035,6.1840056489917625,5.80355586331905
L1 halo (Az~30k km),3.0,336.88194444444446,clock10ms,base,1.0,0.0,0.0,0.01,0.0,0.0,411.8120484238441,411.81206276128233,12.231547980503985,2.6183494811100427,2.609522418534689,2.621377332334768,4.126927567005822,4.112099101135985,4.0965570025567235,6.076642432881426,6.148351611010458,5.80355586331905
L1 halo (Az~30k km),3.0,336.88194444444446,srp_am0.005,base,1.0,0.0,0.0,0.0,0.0015,0.0,411.8120484238441,411.812048454956,12.962959958952194,2.6161380637087963,2.6636898619488583,2.621377332334768,4.06838003136224,4.084968674727277,4.0965570025567235,5.862858034465957,6.088428166066713,5.80355586331905
L1 halo (Az~30k km),3.0,336.88194444444446,srp_am0.01,base,1.0,0.0,0.0,0.0,0.003,0.0,411.8120484238441,411.8120485482974,12.962959601664567,2.616223985449871,2.663734803761538,2.621377332334768,4.068456933543902,4.084944888977158,4.0965570025567235,5.8628733085620395,6.088417216955437,5.80355586331905
L1 halo (Az~30k km),3.0,336.88194444444446,srp_am0.02,base,1.0,0.0,0.0,0.0,0.006,0.0,411.8120484238441,411.81204892166255,12.96295960521281,2.616393529765014,2.663823185932337,2.621377332334768,4.068609192605109,4.08489743173045,4.0965570025567235,5.8629033643169475,6.088395372632943,5.80355586331905
L1 halo (Az~30k km),3.0,336.88194444444446,srp_am0.05,base,1.0,0.0,0.0,0.0,0.015,0.0,411.8120484238441,411.812051535219,12.962959233732214,2.6167983177943634,2.664005000296632,2.621377332334768,4.069053363363941,4.084756041617957,4.0965570025567235,5.862989530609113,6.088330394754783,5.80355586331905
L1 halo (Az~30k km),3.0,336.88194444444446,nosrp_am0.01,base,1.0,0.0,0.0,0.0,0.0,0.01,411.8120484238441,411.81204842384227,13.43521556177133,2.710398393931465,2.6957799217679113,2.621377332334768,4.209416557082197,4.200510688646981,4.0965570025567235,6.071295702666165,6.107167768737969,5.80355586331905
L1 halo (Az~30k km),3.0,336.88194444444446,nosrp_am0.05,base,1.0,0.0,0.0,0.0,0.0,0.05,411.8120484238441,411.81204842384227,13.435227170626485,2.710380676830611,2.695748724797719,2.621377332334768,4.209221357848622,4.201167881709303,4.0965570025567235,6.071156429355098,6.104846134595144,5.80355586331905
L1 halo (Az~30k km),3.0,336.88194444444446,nominal,base,1.0,0.1,0.0,0.001,0.003,0.0,411.8120484238441,411.975248611864,12.965035826469872,2.6104226219456046,2.65720844583198,2.621377332334768,4.065848069799898,4.082196457859935,4.0965570025567235,5.859593856569993,6.07856294393313,5.80355586331905
L1 halo (Az~30k km),3.0,336.88194444444446,conservative,base,1.0,0.5,0.1,0.01,0.015,0.0,411.8120484238441,415.8729233337949,13.013714047733949,2.5820877813991108,2.6178939421347374,2.621377332334768,3.9836720921564477,4.036054656733356,4.0965570025567235,5.6314634916215205,5.975804253159926,5.80355586331905
L1 halo (Az~30k km),3.0,336.88194444444446,nominal_0.3,base_0.3,0.3,0.1,0.0,0.001,0.003,0.0,123.54478733433882,124.08770307647127,3.9031453545387076,4.15906613791765,4.185844020968792,4.182690841158754,5.823642738285409,5.8893127771607885,5.903700435920322,9.515021652726062,9.222995812912217,9.201806358044276
L1 halo (Az~30k km),3.0,336.88194444444446,conservative_0.3,base_0.3,0.3,0.5,0.1,0.01,0.015,0.0,123.54478733433882,136.47174600527808,4.233242696787866,3.957379308522484,3.9338509100816528,4.182690841158754,5.658334423521382,5.626034470092647,5.903700435920322,8.879168827087504,8.662146962916019,9.201806358044276
L2 Lyapunov (mid),1.0,28.743055555555557,base,base,1.0,0.0,0.0,0.0,0.0,0.0,30.19979210888296,30.19979210888296,0.7054751098099427,11.336544336387258,11.30406680985249,11.374436713132141,13.023551568393199,13.008444335747077,12.988150155820078,15.040611882133062,15.090773302322056,14.7147966132301
L2 Lyapunov (mid),1.0,28.743055555555557,base_0.3,base_0.3,0.3,0.0,0.0,0.0,0.0,0.0,9.059938893448194,9.059938893448194,0.2116220445404457,13.042226693543254,13.005370001893771,13.082026944905541,14.92497623122128,14.891424506729287,14.89106113834074,17.867124462726522,17.88008801870889,17.583138128274204
L2 Lyapunov (mid),1.0,28.743055555555557,bias0.05,base,1.0,0.05,0.0,0.0,0.0,0.0,30.19979210888296,30.600190774289224,0.7252027103540827,11.306563187183022,11.274307216863061,11.374436713132141,12.992218827179483,12.98095897182062,12.988150155820078,14.980728645617079,15.011570768467918,14.7147966132301
L2 Lyapunov (mid),1.0,28.743055555555557,bias0.1,base,1.0,0.1,0.0,0.0,0.0,0.0,30.19979210888296,31.771126196849593,0.7795418164125288,11.223890327085336,11.19215851936502,11.374436713132141,12.900670656152418,12.903915174996849,12.988150155820078,14.69665039319945,14.696903324534661,14.7147966132301
L2 Lyapunov (mid),1.0,28.743055555555557,bias0.2,base,1.0,0.2,0.0,0.0,0.0,0.0,30.19979210888296,36.07681425029225,0.9595361379819426,10.96805252680755,10.935835351477184,11.374436713132141,12.651059586860375,12.63107441624611,12.988150155820078,14.384672716295924,14.381430363926896,14.7147966132301
L2 Lyapunov (mid),1.0,28.743055555555557,bias0.5,base,1.0,0.5,0.0,0.0,0.0,0.0,30.19979210888296,57.84870474639188,1.7658744004662301,10.126828117680436,10.095485303235124,11.374436713132141,11.789809463706215,11.783851579832158,12.988150155820078,13.168148027672315,13.149805866135338,14.7147966132301
L2 Lyapunov (mid),1.0,28.743055555555557,common0.1,base,1.0,0.0,0.1,0.0,0.0,0.0,30.19979210888296,30.20005923844611,0.7691598544457112,11.30354945341938,11.269957703069894,11.374436713132141,13.027406532405156,12.99322005762056,12.988150155820078,14.956876264102908,15.086254653019848,14.7147966132301
L2 Lyapunov (mid),1.0,28.743055555555557,common0.5,base,1.0,0.0,0.5,0.0,0.0,0.0,30.19979210888296,30.206476797945463,1.6950922832455733,11.391546024026807,11.347633562167669,11.374436713132141,13.01145677113559,13.0346881000649,12.988150155820078,15.086202826467229,15.162751392585193,14.7147966132301
L2 Lyapunov (mid),1.0,28.743055555555557,clock10ms,base,1.0,0.0,0.0,0.01,0.0,0.0,30.19979210888296,30.200014196663382,0.7056680529098317,11.336410770904756,11.303934749700264,11.374436713132141,13.023483954776001,13.008347540109023,12.988150155820078,15.040367055615155,15.090530243101929,14.7147966132301
L2 Lyapunov (mid),1.0,28.743055555555557,srp_am0.005,base,1.0,0.0,0.0,0.0,0.0015,0.0,30.19979210888296,30.199834263320994,0.6799796172440326,11.53088392118577,11.529930629397457,11.374436713132141,13.074587247207846,13.094829875333,12.988150155820078,14.737666115708624,14.980641652448838,14.7147966132301
L2 Lyapunov (mid),1.0,28.743055555555557,srp_am0.01,base,1.0,0.0,0.0,0.0,0.003,0.0,30.19979210888296,30.19996072628207,0.6799796172440326,11.529550851599913,11.525170257058551,11.374436713132141,13.081988007097847,13.102444447121496,12.988150155820078,14.776275792955804,15.032412438708496,14.7147966132301
L2 Lyapunov (mid),1.0,28.743055555555557,srp_am0.02,base,1.0,0.0,0.0,0.0,0.006,0.0,30.19979210888296,30.200466572830877,0.6799865636915703,11.530464617444036,11.514201186716834,11.374436713132141,13.096533187685369,13.110164623673075,12.988150155820078,14.833849298890858,15.102318803977724,14.7147966132301
L2 Lyapunov (mid),1.0,28.743055555555557,srp_am0.05,base,1.0,0.0,0.0,0.0,0.015,0.0,30.19979210888296,30.204007261466696,0.6799933724217794,11.494325888949735,11.47122444569293,11.374436713132141,13.08191701898709,13.096710293225012,12.988150155820078,14.826625844705934,14.996951731545204,14.7147966132301
L2 Lyapunov (mid),1.0,28.743055555555557,nosrp_am0.01,base,1.0,0.0,0.0,0.0,0.0,0.01,30.19979210888296,30.19979210888296,0.6584419137908749,11.31111464479307,11.343294328552306,11.374436713132141,13.009194131384731,13.07196312430065,12.988150155820078,15.22001059677558,15.09021155797328,14.7147966132301
L2 Lyapunov (mid),1.0,28.743055555555557,nosrp_am0.05,base,1.0,0.0,0.0,0.0,0.0,0.05,30.19979210888296,30.19979210888296,0.6584348821750103,11.293188017694147,11.314540977684416,11.374436713132141,12.941708844021859,12.805532187909959,12.988150155820078,15.016248617971467,14.382608920145877,14.7147966132301
L2 Lyapunov (mid),1.0,28.743055555555557,nominal,base,1.0,0.1,0.0,0.001,0.003,0.0,30.19979210888296,31.771288586041493,0.7390568052550363,11.427306475575381,11.416223175612426,11.374436713132141,12.955661478820739,12.971199968724557,12.988150155820078,14.470944330294563,14.481164057232874,14.7147966132301
L2 Lyapunov (mid),1.0,28.743055555555557,conservative,base,1.0,0.5,0.1,0.01,0.015,0.0,30.19979210888296,57.851161341168925,1.6721370877064001,10.356845315417761,10.3288639395428,11.374436713132141,11.88004229867124,11.877165886259007,12.988150155820078,13.099583563735669,13.076478038495951,14.7147966132301
L2 Lyapunov (mid),1.0,28.743055555555557,nominal_0.3,base_0.3,0.3,0.1,0.0,0.001,0.003,0.0,9.059938893448194,13.396657680405285,0.3617588370062037,12.473699021896342,12.451827720423386,13.082026944905541,14.16690454007208,14.174442293833051,14.89106113834074,17.02188917124884,16.694529693309104,17.583138128274204
L2 Lyapunov (mid),1.0,28.743055555555557,conservative_0.3,base_0.3,0.3,0.5,0.1,0.01,0.015,0.0,9.059938893448194,50.16792506533362,1.5573398281896738,10.495858535167155,10.470323327287295,13.082026944905541,12.024695338583475,12.018392410006465,14.89106113834074,13.345648625191624,13.270276425122722,17.583138128274204
L2 Lyapunov (mid),3.0,28.743055555555557,base,base,1.0,0.0,0.0,0.0,0.0,0.0,6.715521629521181,6.715521629521181,0.49195608050926776,13.409833553311303,13.438907761905837,13.548505948362681,15.197385965885898,15.188400821293609,15.38426881747918,18.973350624882713,18.861957469305246,19.088690689633044
L2 Lyapunov (mid),3.0,28.743055555555557,base_0.3,base_0.3,0.3,0.0,0.0,0.0,0.0,0.0,2.014656537527895,2.0146565375278955,0.14759610520572,15.357073006200011,15.37711460294541,15.49514136369978,18.720166263578836,18.588331544848185,19.711650483720895,23.953200471339272,23.593179778744812,23.082409809116673
L2 Lyapunov (mid),3.0,28.743055555555557,bias0.05,base,1.0,0.05,0.0,0.0,0.0,0.0,6.715521629521181,6.961294471459583,0.501773569648084,13.35598878480806,13.386663698228084,13.548505948362681,15.14522039906411,15.133678479514137,15.38426881747918,18.8142884835527,18.691913280915095,19.088690689633044
L2 Lyapunov (mid),3.0,28.743055555555557,bias0.1,base,1.0,0.1,0.0,0.0,0.0,0.0,6.715521629521181,7.6514026366800385,0.5300105362602173,13.214545638301502,13.24273542463657,13.548505948362681,14.99895360952832,14.998768978470519,15.38426881747918,18.430231658975394,18.286736576827455,19.088690689633044
L2 Lyapunov (mid),3.0,28.743055555555557,bias0.2,base,1.0,0.2,0.0,0.0,0.0,0.0,6.715521629521181,9.943968180126063,0.6296824322617725,12.826619478486382,12.852377972410116,13.548505948362681,14.593191546236602,14.576317408061428,15.38426881747918,17.56264263265795,17.435277649624624,19.088690689633044
L2 Lyapunov (mid),3.0,28.743055555555557,bias0.5,base,1.0,0.5,0.0,0.0,0.0,0.0,6.715521629521181,19.52585402652647,1.081589463738569,11.872146902653322,11.8919160538019,13.548505948362681,13.54208826496656,13.536456255007732,15.38426881747918,16.107051843563656,16.09685518877477,19.088690689633044
L2 Lyapunov (mid),3.0,28.743055555555557,common0.1,base,1.0,0.0,0.1,0.0,0.0,0.0,6.715521629521181,6.71575274199876,0.5829229564573152,13.403311697998285,13.434904534997862,13.548505948362681,15.197487226150281,15.18150172405202,15.38426881747918,18.9471123524855,18.839199854143054,19.088690689633044
L2 Lyapunov (mid),3.0,28.743055555555557,common0.5,base,1.0,0.0,0.5,0.0,0.0,0.0,6.715521629521181,6.72142501907964,1.6636873481691128,13.42160526045747,13.424618661216973,13.548505948362681,15.178892626239273,15.201671565005888,15.38426881747918,18.99650558145218,18.867620424573637,19.088690689633044
L2 Lyapunov (mid),3.0,28.743055555555557,clock10ms,base,1.0,0.0,0.0,0.01,0.0,0.0,6.715521629521181,6.715761151822949,0.4920043731281711,13.409772900371207,13.438857439483801,13.548505948362681,15.197339211063118,15.188332976269036,15.38426881747918,18.973147634436536,18.861752576741434,19.088690689633044
L2 Lyapunov (mid),3.0,28.743055555555557,srp_am0.005,base,1.0,0.0,0.0,0.0,0.0015,0.0,6.715521629521181,6.716985068368741,0.45783650899252676,13.589641652808236,13.616526899500748,13.548505948362681,15.382038027459974,15.388371828770287,15.38426881747918,20.904407291230505,20.463400432136424,19.088690689633044
L2 Lyapunov (mid),3.0,28.743055555555557,srp_am0.01,base,1.0,0.0,0.0,0.0,0.003,0.0,6.715521629521181,6.721373473263591,0.4578877944143747,13.612030624378487,13.64012597420621,13.548505948362681,15.38959285734187,15.411966062166838,15.38426881747918,21.107608739250622,20.585766124006312,19.088690689633044
L2 Lyapunov (mid),3.0,28.743055555555557,srp_am0.02,base,1.0,0.0,0.0,0.0,0.006,0.0,6.715521629521181,6.738898517640231,0.45806303275487514,13.566770586939885,13.59624162935771,13.548505948362681,15.336720519249548,15.362494911685804,15.38426881747918,20.592680193857326,20.09720844759395,19.088690689633044
L2 Lyapunov (mid),3.0,28.743055555555557,srp_am0.05,base,1.0,0.0,0.0,0.0,0.015,0.0,6.715521629521181,6.860320515996545,0.45930731047431017,13.158504794985813,13.185561108791282,13.548505948362681,14.9808158581999,14.970947626469759,15.38426881747918,19.32104076377184,18.664564208112143,19.088690689633044
L2 Lyapunov (mid),3.0,28.743055555555557,nosrp_am0.01,base,1.0,0.0,0.0,0.0,0.0,0.01,6.715521629521181,6.715521629521181,0.4068425469551735,13.54596194656998,13.25394151269114,13.548505948362681,15.353197821703418,14.980996844352791,15.38426881747918,21.28005917612903,21.262112881485002,19.088690689633044
L2 Lyapunov (mid),3.0,28.743055555555557,nosrp_am0.05,base,1.0,0.0,0.0,0.0,0.0,0.05,6.715521629521181,6.715521629521181,0.40681965788503455,13.424855079470438,12.31209975947814,13.548505948362681,14.97909962690657,13.941384183982656,15.38426881747918,21.162093330775974,17.62307221653691,19.088690689633044
L2 Lyapunov (mid),3.0,28.743055555555557,nominal,base,1.0,0.1,0.0,0.001,0.003,0.0,6.715521629521181,7.6565412222374585,0.502100274991359,13.400744994811479,13.425735802903342,13.548505948362681,15.17706092731213,15.171123621775433,15.38426881747918,20.442686322107697,19.83592616388168,19.088690689633044
L2 Lyapunov (mid),3.0,28.743055555555557,conservative,base,1.0,0.5,0.1,0.01,0.015,0.0,6.715521629521181,19.57627937537947,1.1043656904636132,12.019086532848789,12.037449154143417,13.548505948362681,13.620432776257534,13.62441121063319,15.38426881747918,16.77912629538887,16.427908097138385,19.088690689633044
L2 Lyapunov (mid),3.0,28.743055555555557,nominal_0.3,base_0.3,0.3,0.1,0.0,0.001,0.003,0.0,2.014656537527895,4.193304822955287,0.23788335407471636,14.363099019500236,14.388018557809506,15.49514136369978,16.21098199973802,16.228252261583215,19.711650483720895,23.04263174927021,22.16683749985267,23.082409809116673
L2 Lyapunov (mid),3.0,28.743055555555557,conservative_0.3,base_0.3,0.3,0.5,0.1,0.01,0.015,0.0,2.014656537527895,18.498490387286303,1.0197762836901607,12.07574114693922,12.093288634719784,15.49514136369978,13.6820174698434,13.684738423232963,19.711650483720895,15.294015508422243,15.266648813777808,23.082409809116673
L2 Lyapunov (mid),7.0,28.743055555555557,base,base,1.0,0.0,0.0,0.0,0.0,0.0,3.4543126843554393,3.4543126843563594,0.46312331886173236,14.187035863686626,14.209836544601519,14.339447903777987,16.02096107981366,16.018779860394453,16.256242141902984,21.606888333692815,21.27257726446788,21.16914228279782
L2 Lyapunov (mid),7.0,28.743055555555557,base_0.3,base_0.3,0.3,0.0,0.0,0.0,0.0,0.0,1.0362939451481084,1.0362939451482163,0.13893721133208337,16.19005744386113,16.204168086160077,16.36095892596643,21.76361859397202,21.71066551344626,22.087561035374463,25.15206438689025,24.947584701176304,25.008410218601536
L2 Lyapunov (mid),7.0,28.743055555555557,bias0.05,base,1.0,0.05,0.0,0.0,0.0,0.0,3.4543126843554393,3.5501018736879124,0.4743094624289522,14.143064919617814,14.166687714969484,14.339447903777987,15.98030009627883,15.970462479689592,16.256242141902984,21.470041301501382,21.136275678715183,21.16914228279782
L2 Lyapunov (mid),7.0,28.743055555555557,bias0.1,base,1.0,0.1,0.0,0.0,0.0,0.0,3.4543126843554393,3.8231045787458817,0.5063044669898914,14.025699836414287,14.053508782340014,14.339447903777987,15.865373381529642,15.856482611261217,16.256242141902984,21.11994622923025,20.77065217799519,21.16914228279782
L2 Lyapunov (mid),7.0,28.743055555555557,bias0.2,base,1.0,0.2,0.0,0.0,0.0,0.0,3.4543126843554393,4.761118879452341,0.6090857086700545,13.681469284948442,13.706059061961948,14.339447903777987,15.509255018389393,15.49536840439098,16.256242141902984,20.060206889503306,19.601072723626732,21.16914228279782
L2 Lyapunov (mid),7.0,28.743055555555557,bias0.5,base,1.0,0.5,0.0,0.0,0.0,0.0,3.4543126843554393,8.890259666604031,1.0813329706942212,12.742242268563132,12.764295367999962,14.339447903777987,14.510144820489796,14.503593334502112,16.256242141902984,17.42175812577375,17.243991863697147,21.16914228279782
L2 Lyapunov (mid),7.0,28.743055555555557,common0.1,base,1.0,0.0,0.1,0.0,0.0,0.0,3.4543126843554393,3.4551361063086197,0.5707137491107367,14.181017103194417,14.200594740789521,14.339447903777987,16.017687938330937,16.012249770144475,16.256242141902984,21.65598787622632,21.304480760953815,21.16914228279782
L2 Lyapunov (mid),7.0,28.743055555555557,common0.5,base,1.0,0.0,0.5,0.0,0.0,0.0,3.4543126843554393,3.476838373293259,1.6328530543884365,14.2038497093541,14.17451673397859,14.339447903777987,16.07978047313083,16.109259360602096,16.256242141902984,21.61467411159882,21.23721107483566,21.16914228279782
L2 Lyapunov (mid),7.0,28.743055555555557,clock10ms,base,1.0,0.0,0.0,0.01,0.0,0.0,3.4543126843554393,3.454478515122963,0.46319460635236637,14.186945261903196,14.20974880449799,14.339447903777987,16.020886443270662,16.01868046912303,16.256242141902984,21.606663621086096,21.272342678398015,21.16914228279782
L2 Lyapunov (mid),7.0,28.743055555555557,srp_am0.005,base,1.0,0.0,0.0,0.0,0.0015,0.0,3.4543126843554393,3.459179948870793,0.4704806064773636,14.369925371402587,14.398450937625336,14.339447903777987,16.21768210208326,16.249492625781336,16.256242141902984,22.94720325680298,22.39952937534751,21.16914228279782
L2 Lyapunov (mid),7.0,28.743055555555557,srp_am0.01,base,1.0,0.0,0.0,0.0,0.003,0.0,3.4543126843554393,3.473741014859146,0.470699928311898,14.375110480440528,14.405848538270162,14.339447903777987,16.226722965380365,16.259614888750757,16.256242141902984,22.945817560950086,22.328905688721054,21.16914228279782
L2 Lyapunov (mid),7.0,28.743055555555557,srp_am0.02,base,1.0,0.0,0.0,0.0,0.006,0.0,3.4543126843554393,3.5313876261659995,0.4715067704727742,14.07698208571191,14.105774693036837,14.339447903777987,15.928311010885418,15.916038290563323,16.256242141902984,22.55529931905642,21.76853083250464,21.16914228279782
L2 Lyapunov (mid),7.0,28.743055555555557,srp_am0.05,base,1.0,0.0,0.0,0.0,0.015,0.0,3.4543126843554393,3.911280972182969,0.47474930994752523,13.245994623157488,13.270254629055184,14.339447903777987,15.1530184637747,15.137842674652735,16.256242141902984,20.060890698854465,19.07784736035771,21.16914228279782
L2 Lyapunov (mid),7.0,28.743055555555557,nosrp_am0.01,base,1.0,0.0,0.0,0.0,0.0,0.01,3.4543126843554393,3.4543126843563594,0.4274062979683065,14.308044505572845,13.823264031443516,14.339447903777987,16.23061255707608,15.593016331859724,16.256242141902984,22.408419684703432,22.455618510448055,21.16914228279782
L2 Lyapunov (mid),7.0,28.743055555555557,nosrp_am0.05,base,1.0,0.0,0.0,0.0,0.0,0.05,3.4543126843554393,3.4543126843563594,0.42740640845317995,14.101548264937446,12.512562860172078,14.339447903777987,16.18279490704272,14.161654346876798,16.256242141902984,21.305359451770567,18.143698482363657,21.16914228279782
L2 Lyapunov (mid),7.0,28.743055555555557,nominal,base,1.0,0.1,0.0,0.001,0.003,0.0,3.4543126843554393,3.8406673433092076,0.5102492995340606,14.209219173868874,14.237352709764558,14.339447903777987,16.01665997444416,16.038453130959432,16.256242141902984,22.63291645532136,21.98657610901964,21.16914228279782
L2 Lyapunov (mid),7.0,28.743055555555557,conservative,base,1.0,0.5,0.1,0.01,0.015,0.0,3.4543126843554393,9.077805263328159,1.1447151672809617,12.613718432323028,12.634535636465078,14.339447903777987,14.394910762579222,14.385653571806147,16.256242141902984,18.421355135968156,17.57823146171897,21.16914228279782
L2 Lyapunov (mid),7.0,28.743055555555557,nominal_0.3,base_0.3,0.3,0.1,0.0,0.001,0.003,0.0,1.0362939451481084,1.9729596165217613,0.24251475867650088,15.074341821244072,15.101049300652392,16.36095892596643,17.679932425464695,18.826664099825138,22.087561035374463,24.442099235720434,23.347276943449554,25.008410218601536
L2 Lyapunov (mid),7.0,28.743055555555557,conservative_0.3,base_0.3,0.3,0.5,0.1,0.01,0.015,0.0,1.0362939451481084,8.458693215606393,1.0527819547852355,12.66989176464865,12.690182786625314,16.36095892596643,14.481553988083526,14.47378540945392,22.087561035374463,18.892134183398323,17.747868867220845,25.008410218601536
L2 Lyapunov (mid),1.0,58.99305555555556,base,base,1.0,0.0,0.0,0.0,0.0,0.0,28.836678768951035,28.836678768951035,0.9413209486730081,11.561121656559358,11.5529842327954,11.422853971870449,13.065978567285372,13.052906630872402,13.024759140167896,14.540499547292725,14.525203473551425,14.749986957225424
L2 Lyapunov (mid),1.0,58.99305555555556,base_0.3,base_0.3,0.3,0.0,0.0,0.0,0.0,0.0,8.651004560723122,8.651004560723122,0.282380268202252,13.273587122086688,13.266671270308137,13.118748020342343,14.994647425893618,14.984492938716649,14.916376619342515,18.06837976249471,18.198763061538973,17.3691417266179
L2 Lyapunov (mid),1.0,58.99305555555556,bias0.05,base,1.0,0.05,0.0,0.0,0.0,0.0,28.836678768951035,29.399112132720372,0.9535132384886816,11.535072708927384,11.526824644659325,11.422853971870449,13.03560654578727,13.021801171198355,13.024759140167896,14.576304195148337,14.555252755320549,14.749986957225424
L2 Lyapunov (mid),1.0,58.99305555555556,bias0.1,base,1.0,0.1,0.0,0.0,0.0,0.0,28.836678768951035,31.025304142246384,0.9893537670244908,11.458471723147985,11.450366143067948,11.422853971870449,12.951875201673626,12.936227675595164,13.024759140167896,14.542446819998649,14.512995717773398,14.749986957225424
L2 Lyapunov (mid),1.0,58.99305555555556,bias0.2,base,1.0,0.2,0.0,0.0,0.0,0.0,28.836678768951035,36.81875102981081,1.1228834505917642,11.210220524825754,11.208914622246274,11.422853971870449,12.694647695984298,12.674939166626645,13.024759140167896,14.392508625867919,14.342364878092663,14.749986957225424
L2 Lyapunov (mid),1.0,58.99305555555556,bias0.5,base,1.0,0.5,0.0,0.0,0.0,0.0,28.836678768951035,64.0860028990303,1.8561411792746436,10.427858099971859,10.42595883514161,11.422853971870449,11.875304484666852,11.8505092927423,13.024759140167896,13.077339522076791,13.041862493228848,14.749986957225424
L2 Lyapunov (mid),1.0,58.99305555555556,common0.1,base,1.0,0.0,0.1,0.0,0.0,0.0,28.836678768951035,28.836841261228457,0.9963826869950538,11.56760055536959,11.560311939466523,11.422853971870449,13.07385461859025,13.061557800570808,13.024759140167896,14.545174223334403,14.528860645910378,14.749986957225424
L2 Lyapunov (mid),1.0,58.99305555555556,common0.5,base,1.0,0.0,0.5,0.0,0.0,0.0,28.836678768951035,28.84074556684346,1.9057282049925262,11.491831284917568,11.492371643643345,11.422853971870449,13.039755263160687,13.03413895965683,13.024759140167896,14.47781982349275,14.467680156138206,14.749986957225424
L2 Lyapunov (mid),1.0,58.99305555555556,clock10ms,base,1.0,0.0,0.0,0.01,0.0,0.0,28.836678768951035,28.836927565350294,0.9414362090897477,11.560973165374351,11.552836064847957,11.422853971870449,13.065805356055197,13.052730326036404,13.024759140167896,14.540981388392902,14.52564243882124,14.749986957225424
L2 Lyapunov (mid),1.0,58.99305555555556,srp_am0.005,base,1.0,0.0,0.0,0.0,0.0015,0.0,28.836678768951035,28.83672190145724,0.8576297262486628,11.410866671331584,11.423393540415471,11.422853971870449,13.033291695442111,13.037457677962143,13.024759140167896,14.789784155992047,14.809820417879488,14.749986957225424
L2 Lyapunov (mid),1.0,58.99305555555556,srp_am0.01,base,1.0,0.0,0.0,0.0,0.003,0.0,28.836678768951035,28.836851298589004,0.8576405819312257,11.413790102142375,11.426357134050622,11.422853971870449,13.033301459661567,13.036014369916645,13.024759140167896,14.740934259687164,14.765380921038354,14.749986957225424
L2 Lyapunov (mid),1.0,58.99305555555556,srp_am0.02,base,1.0,0.0,0.0,0.0,0.006,0.0,28.836678768951035,28.83736888131366,0.857640794650087,11.416231507016903,11.42877526943212,11.422853971870449,13.03010010806433,13.030702356977024,13.024759140167896,14.610342849261201,14.613258489825315,14.749986957225424
L2 Lyapunov (mid),1.0,58.99305555555556,srp_am0.05,base,1.0,0.0,0.0,0.0,0.015,0.0,28.836678768951035,28.84099170047693,0.8576195085592304,11.398318368923185,11.41025527927993,11.422853971870449,13.020314125533018,13.02231953775393,13.024759140167896,14.568077794116293,14.568626652229414,14.749986957225424
L2 Lyapunov (mid),1.0,58.99305555555556,nosrp_am0.01,base,1.0,0.0,0.0,0.0,0.0,0.01,28.836678768951035,28.836678768951035,0.7870671584512172,11.517583014590006,11.482016971786864,11.422853971870449,13.122415592725838,13.10822105668683,13.024759140167896,14.921906566327614,14.609876532394448,14.749986957225424
L2 Lyapunov (mid),1.0,58.99305555555556,nosrp_am0.05,base,1.0,0.0,0.0,0.0,0.0,0.05,28.836678768951035,28.836678768951035,0.7870610984985363,11.498547619817003,11.346202558465228,11.422853971870449,13.03882026693639,12.821269918994384,13.024759140167896,15.060465655656829,14.372487078751313,14.749986957225424
L2 Lyapunov (mid),1.0,58.99305555555556,nominal,base,1.0,0.1,0.0,0.001,0.003,0.0,28.836678768951035,31.02546681680755,0.9089198420813486,11.317801853974707,11.329810052370235,11.422853971870449,12.90626486339432,12.91143074858975,13.024759140167896,14.469632811802951,14.468009487565515,14.749986957225424
L2 Lyapunov (mid),1.0,58.99305555555556,conservative,base,1.0,0.5,0.1,0.01,0.015,0.0,28.836678768951035,64.08812754606224,1.7521519337820082,10.394159983771141,10.408860935007166,11.422853971870449,11.806355805675938,11.799686087493608,13.024759140167896,13.02362930222958,12.999321481113244,14.749986957225424
L2 Lyapunov (mid),1.0,58.99305555555556,nominal_0.3,base_0.3,0.3,0.1,0.0,0.001,0.003,0.0,8.651004560723122,14.348092742757203,0.39569892659332423,12.394907224486321,12.405983578069216,13.118748020342343,14.068147648770772,14.067939598026747,14.916376619342515,16.552865292107995,16.38136024777325,17.3691417266179
L2 Lyapunov (mid),1.0,58.99305555555556,conservative_0.3,base_0.3,0.3,0.5,0.1,0.01,0.015,0.0,8.651004560723122,57.88433130475815,1.5490369206295571,10.518419639563145,10.53091291423452,13.118748020342343,11.955599979937945,11.946169669955331,14.916376619342515,13.132530576649057,13.108320193925078,17.3691417266179
L2 Lyapunov (mid),3.0,58.99305555555556,base,base,1.0,0.0,0.0,0.0,0.0,0.0,7.586378397407655,7.586378397407655,0.6086348295394417,13.532716026735269,13.527025371948637,13.43974258698038,15.344081214258802,15.33627053220658,15.254560709153372,18.80928356260012,18.817670217232106,18.613605384215404
L2 Lyapunov (mid),3.0,58.99305555555556,base_0.3,base_0.3,0.3,0.0,0.0,0.0,0.0,0.0,2.275913582270847,2.275913582270847,0.1825503577568047,15.475305176569623,15.470549560722489,15.369055380464946,18.297873615177622,18.35133859158799,18.12141570184998,24.084545566789334,23.62670586546663,22.90253316658985
L2 Lyapunov (mid),3.0,58.99305555555556,bias0.05,base,1.0,0.05,0.0,0.0,0.0,0.0,7.586378397407655,7.949683142152013,0.6170360179998031,13.471503842902097,13.465213296669646,13.43974258698038,15.261436355425957,15.252870359522456,15.254560709153372,18.59117799358939,18.594330122275508,18.613605384215404
L2 Lyapunov (mid),3.0,58.99305555555556,bias0.1,base,1.0,0.1,0.0,0.0,0.0,0.0,7.586378397407655,8.951580467806755,0.6413445543365592,13.315340270571708,13.307729039271752,13.43974258698038,15.063038157996484,15.049135574158454,15.254560709153372,18.134140708378116,18.10417118298445,18.613605384215404
L2 Lyapunov (mid),3.0,58.99305555555556,bias0.2,base,1.0,0.2,0.0,0.0,0.0,0.0,7.586378397407655,12.160024459499832,0.74787868878819,12.874004686306327,12.864102828909543,13.43974258698038,14.597236019501377,14.576028471932759,15.254560709153372,17.270585867832427,17.223896530184657,18.613605384215404
L2 Lyapunov (mid),3.0,58.99305555555556,bias0.5,base,1.0,0.5,0.0,0.0,0.0,0.0,7.586378397407655,24.940398251189013,1.1818153918488346,11.855723686172393,11.856679940700053,13.43974258698038,13.472173657150401,13.444023701208911,15.254560709153372,15.232622153987421,15.16048771402388,18.613605384215404
L2 Lyapunov (mid),3.0,58.99305555555556,common0.1,base,1.0,0.0,0.1,0.0,0.0,0.0,7.586378397407655,7.586683862878408,0.6983911236290455,13.544548015731731,13.538949656343965,13.43974258698038,15.330478905393791,15.322258046509564,15.254560709153372,18.811273758836077,18.81719863703212,18.613605384215404
L2 Lyapunov (mid),3.0,58.99305555555556,common0.5,base,1.0,0.0,0.5,0.0,0.0,0.0,7.586378397407655,7.59413830881806,1.7839376039084012,13.480344596275275,13.487522787375235,13.43974258698038,15.379391967323272,15.369483516032503,15.254560709153372,19.03136261440625,18.962984566258584,18.613605384215404
L2 Lyapunov (mid),3.0,58.99305555555556,clock10ms,base,1.0,0.0,0.0,0.01,0.0,0.0,7.586378397407655,7.586532831275967,0.6086969131502153,13.532721371530275,13.527030699144833,13.43974258698038,15.344036894405125,15.336226090999373,15.254560709153372,18.80915116783301,18.81754525238489,18.613605384215404
L2 Lyapunov (mid),3.0,58.99305555555556,srp_am0.005,base,1.0,0.0,0.0,0.0,0.0015,0.0,7.586378397407655,7.588142718726049,0.5085514485933065,13.420171316480854,13.391433699017105,13.43974258698038,15.218084672451065,15.240637372545132,15.254560709153372,18.067928971570545,18.095677065234852,18.613605384215404
L2 Lyapunov (mid),3.0,58.99305555555556,srp_am0.01,base,1.0,0.0,0.0,0.0,0.003,0.0,7.586378397407655,7.593433224753259,0.5086253905982766,13.336142987842326,13.309365420591316,13.43974258698038,15.176836132143102,15.190791451058818,15.254560709153372,17.842518008163704,17.884140346452835,18.613605384215404
L2 Lyapunov (mid),3.0,58.99305555555556,srp_am0.02,base,1.0,0.0,0.0,0.0,0.006,0.0,7.586378397407655,7.614558516287042,0.5089396134281713,13.284491600296098,13.259065843872827,13.43974258698038,15.105936241728521,15.11981029271047,15.254560709153372,17.723499566360452,17.75014171113412,18.613605384215404
L2 Lyapunov (mid),3.0,58.99305555555556,srp_am0.05,base,1.0,0.0,0.0,0.0,0.015,0.0,7.586378397407655,7.760826670967163,0.5110775848637947,12.903880130653706,12.884207142871839,13.43974258698038,14.76526506124767,14.755823535796832,15.254560709153372,17.823214613870466,17.649354449944543,18.613605384215404
L2 Lyapunov (mid),3.0,58.99305555555556,nosrp_am0.01,base,1.0,0.0,0.0,0.0,0.0,0.01,7.586378397407655,7.586378397407655,0.5116618127198024,13.29353884835588,13.163744406120498,13.43974258698038,15.05221567059578,14.870731763754959,15.254560709153372,19.479431899492536,19.823079708309006,18.613605384215404
L2 Lyapunov (mid),3.0,58.99305555555556,nosrp_am0.05,base,1.0,0.0,0.0,0.0,0.0,0.05,7.586378397407655,7.586378397407655,0.5116526730971833,13.178680722828597,12.255932427088755,13.43974258698038,14.747471909578332,13.85597500301953,15.254560709153372,17.30468421905553,17.4255803660319,18.613605384215404
L2 Lyapunov (mid),3.0,58.99305555555556,nominal,base,1.0,0.1,0.0,0.001,0.003,0.0,7.586378397407655,8.95756179009007,0.5432237655185169,13.1350495826521,13.109723190661756,13.43974258698038,14.94820364463649,14.951792554205088,15.254560709153372,17.489443215188892,17.47281450412833,18.613605384215404
L2 Lyapunov (mid),3.0,58.99305555555556,conservative,base,1.0,0.5,0.1,0.01,0.015,0.0,7.586378397407655,24.99415904675945,1.0807583174346196,11.688077089263246,11.668092559811644,13.43974258698038,13.33953485881063,13.342155358605796,15.254560709153372,15.145906147318785,15.090056101295765,18.613605384215404
L2 Lyapunov (mid),3.0,58.99305555555556,nominal_0.3,base_0.3,0.3,0.1,0.0,0.001,0.003,0.0,2.275913582270847,5.278783213307563,0.23929786871748773,13.920509545895765,13.896215691059544,15.369055380464946,15.840544163421129,15.839292605173995,18.12141570184998,19.430070118026386,18.974436443920478,22.90253316658985
L2 Lyapunov (mid),3.0,58.99305555555556,conservative_0.3,base_0.3,0.3,0.5,0.1,0.01,0.015,0.0,2.275913582270847,23.923598385687505,0.9448364774290693,11.770480033896245,11.75020564018807,15.369055380464946,13.408284264963049,13.410024152680633,18.12141570184998,15.204671957707752,15.149543945462694,22.90253316658985
L2 Lyapunov (mid),7.0,58.99305555555556,base,base,1.0,0.0,0.0,0.0,0.0,0.0,4.8291008528107895,4.829100852810249,0.5702056341504915,14.048937790982622,14.043528262211987,13.951802211748657,15.877713313684103,15.871125990455099,15.799035188215017,20.49135904870843,20.302698427003214,19.90821129909428
L2 Lyapunov (mid),7.0,58.99305555555556,base_0.3,base_0.3,0.3,0.0,0.0,0.0,0.0,0.0,1.448730660904323,1.4487306609041435,0.1710489717901341,16.02052886647644,16.01567554927533,15.910449167305531,20.56778959411689,20.618428311415443,20.844736982999677,24.896818939151014,24.598894525774337,23.503781484494674
L2 Lyapunov (mid),7.0,58.99305555555556,bias0.05,base,1.0,0.05,0.0,0.0,0.0,0.0,4.8291008528107895,5.042783927204599,0.5818482497437696,13.98411584174219,13.978268657648638,13.951802211748657,15.80857047706681,15.798674674211533,15.799035188215017,20.281108421206927,20.070567575555557,19.90821129909428
L2 Lyapunov (mid),7.0,58.99305555555556,bias0.1,base,1.0,0.1,0.0,0.0,0.0,0.0,4.8291008528107895,5.63544551615296,0.6151023838431133,13.815717950597435,13.808223260364498,13.951802211748657,15.628583515543726,15.615070501649305,15.799035188215017,19.73985862849648,19.50116884835028,19.90821129909428
L2 Lyapunov (mid),7.0,58.99305555555556,bias0.2,base,1.0,0.2,0.0,0.0,0.0,0.0,4.8291008528107895,7.554723821029889,0.7315283955982407,13.37391622895639,13.367110784498895,13.951802211748657,15.154021176463866,15.133031807685445,15.799035188215017,18.377405212115782,18.14229634396274,19.90821129909428
L2 Lyapunov (mid),7.0,58.99305555555556,bias0.5,base,1.0,0.5,0.0,0.0,0.0,0.0,4.8291008528107895,15.30651511874265,1.2730286173407026,12.352373433889664,12.35637743957254,13.951802211748657,14.014788585103398,13.987482201089843,15.799035188215017,16.46253068544384,16.300016249328205,19.90821129909428
L2 Lyapunov (mid),7.0,58.99305555555556,common0.1,base,1.0,0.0,0.1,0.0,0.0,0.0,4.8291008528107895,4.829854394852712,0.6607690328991024,14.030355263334743,14.026438786640835,13.951802211748657,15.882099828073368,15.875126157303331,15.799035188215017,20.540354659656312,20.345025776900403,19.90821129909428
L2 Lyapunov (mid),7.0,58.99305555555556,common0.5,base,1.0,0.0,0.5,0.0,0.0,0.0,4.8291008528107895,4.848654525065608,1.7587101353922991,14.05063191448285,14.061082171172623,13.951802211748657,15.961397760627884,15.95081857405029,15.799035188215017,20.760051845468208,20.501374869109718,19.90821129909428
L2 Lyapunov (mid),7.0,58.99305555555556,clock10ms,base,1.0,0.0,0.0,0.01,0.0,0.0,4.8291008528107895,4.829275389998889,0.5703049518302487,14.048874856437783,14.043464758916636,13.951802211748657,15.877668971275238,15.87108017714115,15.799035188215017,20.491243081353225,20.3025397619398,19.90821129909428
L2 Lyapunov (mid),7.0,58.99305555555556,srp_am0.005,base,1.0,0.0,0.0,0.0,0.0015,0.0,4.8291008528107895,4.832358716826996,0.476817827777431,13.920415976552766,13.890395536476932,13.951802211748657,15.757000143811613,15.779627329982231,15.799035188215017,19.486613568022733,19.39437534325053,19.90821129909428
L2 Lyapunov (mid),7.0,58.99305555555556,srp_am0.01,base,1.0,0.0,0.0,0.0,0.003,0.0,4.8291008528107895,4.842119175557307,0.4768086985426936,13.77889204163139,13.751632748886637,13.951802211748657,15.717223594459849,15.690538534088175,15.799035188215017,18.96372124400318,18.904004865887938,19.90821129909428
L2 Lyapunov (mid),7.0,58.99305555555556,srp_am0.02,base,1.0,0.0,0.0,0.0,0.006,0.0,4.8291008528107895,4.880966102015989,0.47675275209662754,13.731734676982912,13.727171133290112,13.951802211748657,15.523756745087192,15.535131248031439,15.799035188215017,19.16636795240385,18.97200292536469,19.90821129909428
L2 Lyapunov (mid),7.0,58.99305555555556,srp_am0.05,base,1.0,0.0,0.0,0.0,0.015,0.0,4.8291008528107895,5.144697956314239,0.47744857092824877,13.10091948596078,13.080968827515575,13.951802211748657,14.91261974766754,14.921360743962095,15.799035188215017,17.86253243377078,17.651478915068466,19.90821129909428
L2 Lyapunov (mid),7.0,58.99305555555556,nosrp_am0.01,base,1.0,0.0,0.0,0.0,0.0,0.01,4.8291008528107895,4.829100852810249,0.46058956885974844,13.904284657170331,13.503891584493195,13.951802211748657,15.629991538770682,15.243480905382825,15.799035188215017,21.74918943455428,21.74602746975913,19.90821129909428
L2 Lyapunov (mid),7.0,58.99305555555556,nosrp_am0.05,base,1.0,0.0,0.0,0.0,0.0,0.05,4.8291008528107895,4.829100852810249,0.46057940828879207,13.733968129901049,12.394279452536228,13.951802211748657,15.191297835896737,14.012050537856565,15.799035188215017,21.31177545094797,17.608044544613115,19.90821129909428
L2 Lyapunov (mid),7.0,58.99305555555556,nominal,base,1.0,0.1,0.0,0.001,0.003,0.0,4.8291008528107895,5.646607782489252,0.5136551517846292,13.59384379361646,13.567691766365307,13.951802211748657,15.499792183700036,15.495100407407676,15.799035188215017,18.451432808633843,18.348557214553267,19.90821129909428
L2 Lyapunov (mid),7.0,58.99305555555556,conservative,base,1.0,0.5,0.1,0.01,0.015,0.0,4.8291008528107895,15.409321143412742,1.1318485522146133,12.140821485327333,12.132547747071062,13.951802211748657,13.78316471033681,13.783480868503062,15.799035188215017,16.065277165149688,16.11085731509419,19.90821129909428
L2 Lyapunov (mid),7.0,58.99305555555556,nominal_0.3,base_0.3,0.3,0.1,0.0,0.001,0.003,0.0,1.448730660904323,3.2654915796909694,0.24291867639439713,14.467750697462026,14.441862156740568,15.910449167305531,16.425039911124053,16.44168960490626,20.844736982999677,21.17375926910417,20.603476557065118,23.503781484494674
L2 Lyapunov (mid),7.0,58.99305555555556,conservative_0.3,base_0.3,0.3,0.5,0.1,0.01,0.015,0.0,1.448730660904323,14.70471718934401,1.0365952320947518,12.189129871110692,12.194354907288712,15.910449167305531,13.837032795669012,13.836473570534128,20.844736982999677,16.188768487150178,16.204685580482238,23.503781484494674
L2 Lyapunov (mid),1.0,89.23611111111111,base,base,1.0,0.0,0.0,0.0,0.0,0.0,34.67931221541731,34.67931221541731,1.223785671688696,10.998056442447389,10.992800600270758,11.029152181819208,12.427888795962671,12.413800726642819,12.5887675021104,13.882930113202585,13.858145160056878,14.1975541539492
L2 Lyapunov (mid),1.0,89.23611111111111,base_0.3,base_0.3,0.3,0.0,0.0,0.0,0.0,0.0,10.40379493990775,10.40379493990775,0.3671301365243728,12.637815151630447,12.625314352421249,12.682405341162884,14.274708652404254,14.264538573015685,14.413109130918574,16.96520348996045,17.054917235615562,16.386986003548465
L2 Lyapunov (mid),1.0,89.23611111111111,bias0.05,base,1.0,0.05,0.0,0.0,0.0,0.0,34.67931221541731,35.23532825381816,1.2335224618210714,10.984064345401645,10.98111223042535,11.029152181819208,12.414042728045493,12.399176261341998,12.5887675021104,13.884485936887858,13.857688040418173,14.1975541539492
L2 Lyapunov (mid),1.0,89.23611111111111,bias0.1,base,1.0,0.1,0.0,0.0,0.0,0.0,34.67931221541731,36.85307938324528,1.261904179141848,10.942154121187667,10.941049245570861,11.029152181819208,12.374762455581132,12.357199502505889,12.5887675021104,13.931834721392315,13.893797298023937,14.1975541539492
L2 Lyapunov (mid),1.0,89.23611111111111,bias0.2,base,1.0,0.2,0.0,0.0,0.0,0.0,34.67931221541731,42.71574702731007,1.3660375451456266,10.79512613619193,10.797474285530893,11.029152181819208,12.24016630505763,12.220261444128212,12.5887675021104,13.73997703492971,13.682686979270946,14.1975541539492
L2 Lyapunov (mid),1.0,89.23611111111111,bias0.5,base,1.0,0.5,0.0,0.0,0.0,0.0,34.67931221541731,71.3445649130258,1.8987545314869774,10.217305210664275,10.217861775887785,11.029152181819208,11.689490650282718,11.677964056127445,12.5887675021104,12.852130134519859,12.818420674994302,14.1975541539492
L2 Lyapunov (mid),1.0,89.23611111111111,common0.1,base,1.0,0.0,0.1,0.0,0.0,0.0,34.67931221541731,34.67942779899123,1.2598456728363536,10.995544251651461,10.983872619260056,11.029152181819208,12.425199070996523,12.409375062683006,12.5887675021104,13.883999993127784,13.859075551065828,14.1975541539492
L2 Lyapunov (mid),1.0,89.23611111111111,common0.5,base,1.0,0.0,0.5,0.0,0.0,0.0,34.67931221541731,34.68220407454476,1.912959478093816,10.988394724258278,10.994060359916027,11.029152181819208,12.439737251349806,12.422600407898988,12.5887675021104,13.915677399596825,13.890755279125067,14.1975541539492
L2 Lyapunov (mid),1.0,89.23611111111111,clock10ms,base,1.0,0.0,0.0,0.01,0.0,0.0,34.67931221541731,34.67945469575897,1.2237938901633276,10.9979991290621,10.992751886185781,11.029152181819208,12.427840894979223,12.413758664597745,12.5887675021104,13.883028584830827,13.858230918856007,14.1975541539492
L2 Lyapunov (mid),1.0,89.23611111111111,srp_am0.005,base,1.0,0.0,0.0,0.0,0.0015,0.0,34.67931221541731,34.67939037388881,1.2157882209911395,11.022113492081255,10.99277460411208,11.029152181819208,12.43144725938391,12.402026275832856,12.5887675021104,13.861061347520046,13.827518065960968,14.1975541539492
L2 Lyapunov (mid),1.0,89.23611111111111,srp_am0.01,base,1.0,0.0,0.0,0.0,0.003,0.0,34.67931221541731,34.679624848246604,1.2157921060937673,11.021319300502888,10.992151819559313,11.029152181819208,12.430570621452231,12.401316912655846,12.5887675021104,13.871782007739322,13.83753847993761,14.1975541539492
L2 Lyapunov (mid),1.0,89.23611111111111,srp_am0.02,base,1.0,0.0,0.0,0.0,0.006,0.0,34.67931221541731,34.68056272982827,1.2158037997168158,11.017730829660422,10.988909689226073,11.029152181819208,12.426542620281408,12.397630917240603,12.5887675021104,13.876960823764396,13.842377557278516,14.1975541539492
L2 Lyapunov (mid),1.0,89.23611111111111,srp_am0.05,base,1.0,0.0,0.0,0.0,0.015,0.0,34.67931221541731,34.68712719099924,1.2158933063380755,10.99243184317028,10.964608143451423,11.029152181819208,12.397919199051803,12.37001268328948,12.5887675021104,13.915984539752522,13.876108837700695,14.1975541539492
L2 Lyapunov (mid),1.0,89.23611111111111,nosrp_am0.01,base,1.0,0.0,0.0,0.0,0.0,0.01,34.67931221541731,34.67931221541731,1.1697820405461044,11.002279949941833,10.976371378902972,11.029152181819208,12.47356104769062,12.48355384916841,12.5887675021104,14.201202683180668,13.912213839291244,14.1975541539492
L2 Lyapunov (mid),1.0,89.23611111111111,nosrp_am0.05,base,1.0,0.0,0.0,0.0,0.0,0.05,34.67931221541731,34.67931221541731,1.1697820010881443,10.99284359566106,10.908802606676877,11.029152181819208,12.428723606022315,12.312273179866855,12.5887675021104,14.6656568502534,13.766700861191023,14.1975541539492
L2 Lyapunov (mid),1.0,89.23611111111111,nominal,base,1.0,0.1,0.0,0.001,0.003,0.0,34.67931221541731,36.85337491781351,1.2618059453169927,10.97763922567136,10.946622162490081,11.029152181819208,12.38021742614828,12.349731078272383,12.5887675021104,13.785910023194388,13.7498955380628,14.1975541539492
L2 Lyapunov (mid),1.0,89.23611111111111,conservative,base,1.0,0.5,0.1,0.01,0.015,0.0,34.67931221541731,71.34848894548519,1.9346140981023832,10.262869739324039,10.28521804114472,11.029152181819208,11.697418967475874,11.660354479162963,12.5887675021104,12.804616972359401,12.76378627924526,14.1975541539492
L2 Lyapunov (mid),1.0,89.23611111111111,nominal_0.3,base_0.3,0.3,0.1,0.0,0.001,0.003,0.0,10.40379493990775,16.24057440396421,0.4773568445462763,12.244553829178443,12.21017999407192,12.682405341162884,13.819344240167535,13.776528364903887,14.413109130918574,15.333351160780577,15.289283487380187,16.386986003548465
L2 Lyapunov (mid),1.0,89.23611111111111,conservative_0.3,base_0.3,0.3,0.5,0.1,0.01,0.015,0.0,10.40379493990775,63.21550947367068,1.5204411225402372,10.513855066806698,10.505448508971401,12.682405341162884,11.895873627640299,11.854121676861686,14.413109130918574,13.021321017363666,12.981799275880972,16.386986003548465
L2 Lyapunov (mid),3.0,89.23611111111111,base,base,1.0,0.0,0.0,0.0,0.0,0.0,9.529712410387056,9.529712410387054,0.6656884573388553,13.153429915383587,13.152955527364732,13.182502703017176,14.93092430897874,14.930860323871357,14.954916045054587,18.267257775503822,18.320316224838177,17.98918792317399
L2 Lyapunov (mid),3.0,89.23611111111111,base_0.3,base_0.3,0.3,0.0,0.0,0.0,0.0,0.0,2.858913837229959,2.858913837229959,0.19970616801543262,15.049534881674807,15.050302946524768,15.070749924952798,17.132883025437785,17.12434897669904,17.137606318195576,23.904796036991566,23.30007906484773,22.39596428132393
L2 Lyapunov (mid),3.0,89.23611111111111,bias0.05,base,1.0,0.05,0.0,0.0,0.0,0.0,9.529712410387056,9.969342202420918,0.6770561104579517,13.087612796155327,13.08669815149718,13.182502703017176,14.86779013972651,14.864185097834852,14.954916045054587,18.100752580475334,18.144037006892273,17.98918792317399
L2 Lyapunov (mid),3.0,89.23611111111111,bias0.1,base,1.0,0.1,0.0,0.0,0.0,0.0,9.529712410387056,11.185050396583405,0.7142050529209043,12.925738871366546,12.926109019438796,13.182502703017176,14.692780334499624,14.68604469104477,14.954916045054587,17.694827871931135,17.725733454381633,17.98918792317399
L2 Lyapunov (mid),3.0,89.23611111111111,bias0.2,base,1.0,0.2,0.0,0.0,0.0,0.0,9.529712410387056,15.098955164589487,0.8495690919361366,12.514860580165257,12.517747776617048,13.182502703017176,14.218093024163355,14.205080442542824,14.954916045054587,16.980222007005644,16.945453457819845,17.98918792317399
L2 Lyapunov (mid),3.0,89.23611111111111,bias0.5,base,1.0,0.5,0.0,0.0,0.0,0.0,9.529712410387056,30.791286830174183,1.325893754517106,11.57516759971879,11.577681761364504,13.182502703017176,13.121081739071759,13.1021159299921,14.954916045054587,14.59635024132359,14.559385264699989,17.98918792317399
L2 Lyapunov (mid),3.0,89.23611111111111,common0.1,base,1.0,0.0,0.1,0.0,0.0,0.0,9.529712410387056,9.529795501594585,0.7135903084969538,13.15014236981241,13.149632458505657,13.182502703017176,14.930418900595951,14.930363769228762,14.954916045054587,18.26577177202133,18.318437024355468,17.98918792317399
L2 Lyapunov (mid),3.0,89.23611111111111,common0.5,base,1.0,0.0,0.5,0.0,0.0,0.0,9.529712410387056,9.531813461813474,1.5523560720926903,13.17990975646201,13.179334399179597,13.182502703017176,14.932352103081783,14.929907604566747,14.954916045054587,18.278833122996748,18.31930261482054,17.98918792317399
L2 Lyapunov (mid),3.0,89.23611111111111,clock10ms,base,1.0,0.0,0.0,0.01,0.0,0.0,9.529712410387056,9.529754000633396,0.6656958035468282,13.153418301454167,13.152943768867992,13.182502703017176,14.930916762068513,14.930852817778222,14.954916045054587,18.267243561472615,18.320299482887943,17.98918792317399
L2 Lyapunov (mid),3.0,89.23611111111111,srp_am0.005,base,1.0,0.0,0.0,0.0,0.0015,0.0,9.529712410387056,9.531430895162803,0.6704183779857473,13.252805866620456,13.236359728458984,13.182502703017176,14.953863304195428,14.936974128531068,14.954916045054587,18.232256595747092,18.37298894740046,17.98918792317399
L2 Lyapunov (mid),3.0,89.23611111111111,srp_am0.01,base,1.0,0.0,0.0,0.0,0.003,0.0,9.529712410387056,9.536584495543888,0.6707055364917877,13.23359039323189,13.21582212475131,13.182502703017176,14.93268082042788,14.91439352780542,14.954916045054587,18.160353260243472,18.30778337292179,17.98918792317399
L2 Lyapunov (mid),3.0,89.23611111111111,srp_am0.02,base,1.0,0.0,0.0,0.0,0.006,0.0,9.529712410387056,9.55717116746397,0.6718814033434158,13.181834862708929,13.160803378719857,13.182502703017176,14.874308934754282,14.852184096000093,14.954916045054587,18.15947271735329,18.248429629528754,17.98918792317399
L2 Lyapunov (mid),3.0,89.23611111111111,srp_am0.05,base,1.0,0.0,0.0,0.0,0.015,0.0,9.529712410387056,9.700057164728715,0.6800128679866303,12.96632028456747,12.935566876819285,13.182502703017176,14.643572222165073,14.607566348838791,14.954916045054587,17.67416822515619,17.682874796925173,17.98918792317399
L2 Lyapunov (mid),3.0,89.23611111111111,nosrp_am0.01,base,1.0,0.0,0.0,0.0,0.0,0.01,9.529712410387056,9.529712410387054,0.7331945933444127,13.259558592540106,13.12094809112537,13.182502703017176,15.067893377517537,14.816083395755829,14.954916045054587,18.54712977255427,19.10593067797922,17.98918792317399
L2 Lyapunov (mid),3.0,89.23611111111111,nosrp_am0.05,base,1.0,0.0,0.0,0.0,0.0,0.05,9.529712410387056,9.529712410387054,0.7332011625274766,13.153021798289453,12.253118036343334,13.182502703017176,14.741785721815688,13.831346229228684,14.954916045054587,17.193275845611353,15.312781806879688,17.98918792317399
L2 Lyapunov (mid),3.0,89.23611111111111,nominal,base,1.0,0.1,0.0,0.001,0.003,0.0,9.529712410387056,11.190906749705208,0.7191010891766904,13.01994153015332,13.002015462092611,13.182502703017176,14.699257089069233,14.678055785750646,14.954916045054587,17.65000483908572,17.739535324586594,17.98918792317399
L2 Lyapunov (mid),3.0,89.23611111111111,conservative,base,1.0,0.5,0.1,0.01,0.015,0.0,9.529712410387056,30.844480257853327,1.2575018850907544,11.632486846970238,11.630912038922174,13.182502703017176,13.146223842558406,13.111582040129555,14.954916045054587,14.586455913226779,14.542635354128633,17.98918792317399
L2 Lyapunov (mid),3.0,89.23611111111111,nominal_0.3,base_0.3,0.3,0.1,0.0,0.001,0.003,0.0,2.858913837229959,6.526539823080748,0.29155217840630343,13.880019969792073,13.875191971923993,15.070749924952798,15.653894283374113,15.621189588375215,17.137606318195576,20.18187304089237,19.486355070559256,22.39596428132393
L2 Lyapunov (mid),3.0,89.23611111111111,conservative_0.3,base_0.3,0.3,0.5,0.1,0.01,0.015,0.0,2.858913837229959,29.47448949471324,1.1131652306177013,11.691093229905336,11.687741681212918,15.070749924952798,13.213170274382191,13.177728034305344,17.137606318195576,14.901699032752818,14.691077174414108,22.39596428132393
L2 Lyapunov (mid),7.0,89.23611111111111,base,base,1.0,0.0,0.0,0.0,0.0,0.0,5.8223152493424335,5.822315249341894,0.6587089063386583,13.647407982123507,13.647489625743326,13.699394552460419,15.49093948731948,15.49039183183655,15.519066000083875,19.62361816526861,19.52920304786594,19.028273113500124
L2 Lyapunov (mid),7.0,89.23611111111111,base_0.3,base_0.3,0.3,0.0,0.0,0.0,0.0,0.0,1.7466951880225186,1.7466951880223789,0.1975787011638571,15.578754717998553,15.57953121499522,15.631928318239723,19.27990566541435,19.333090350914183,19.02244585248959,24.383719056099437,23.80913623092096,23.166675456181224
L2 Lyapunov (mid),7.0,89.23611111111111,bias0.05,base,1.0,0.05,0.0,0.0,0.0,0.0,5.8223152493424335,6.001650633506219,0.6696214965294872,13.604400601989115,13.60466558664382,13.699394552460419,15.444907890474653,15.443371836859564,15.519066000083875,19.486281725093793,19.367590531153486,19.028273113500124
L2 Lyapunov (mid),7.0,89.23611111111111,bias0.1,base,1.0,0.1,0.0,0.0,0.0,0.0,5.8223152493424335,6.510110950917315,0.7040800694767403,13.486726457293253,13.487115375187383,13.699394552460419,15.320863030552303,15.316676071494072,15.519066000083875,19.085996418372808,18.945015720547143,19.028273113500124
L2 Lyapunov (mid),7.0,89.23611111111111,bias0.2,base,1.0,0.2,0.0,0.0,0.0,0.0,5.8223152493424335,8.235972126284118,0.8308127991257134,13.161160570218167,13.16347959291349,13.699394552460419,14.941742657786259,14.93201027332061,15.519066000083875,18.134782671675246,17.98175830680804,19.028273113500124
L2 Lyapunov (mid),7.0,89.23611111111111,bias0.5,base,1.0,0.5,0.0,0.0,0.0,0.0,5.8223152493424335,15.684295576247758,1.357813440522579,12.274573515612243,12.279539385492953,13.699394552460419,13.922700447967385,13.905266955615309,15.519066000083875,16.356292287830186,16.222700800404503,19.028273113500124
L2 Lyapunov (mid),7.0,89.23611111111111,common0.1,base,1.0,0.0,0.1,0.0,0.0,0.0,5.8223152493424335,5.822676424255611,0.7062358132817766,13.646890520926162,13.646959766670879,13.699394552460419,15.48998253966019,15.489539949615752,15.519066000083875,19.657438841833848,19.55457160481609,19.028273113500124
L2 Lyapunov (mid),7.0,89.23611111111111,common0.5,base,1.0,0.0,0.5,0.0,0.0,0.0,5.8223152493424335,5.831639275044173,1.512595448156585,13.716945242936573,13.717234366857923,13.699394552460419,15.503967709323412,15.503714517040544,15.519066000083875,19.957664361723467,19.762555046840593,19.028273113500124
L2 Lyapunov (mid),7.0,89.23611111111111,clock10ms,base,1.0,0.0,0.0,0.01,0.0,0.0,5.8223152493424335,5.822427292893668,0.6587373770193533,13.647380641684304,13.647462435799993,13.699394552460419,15.49090848377755,15.490360147788172,15.519066000083875,19.62356369810041,19.529135143717774,19.028273113500124
L2 Lyapunov (mid),7.0,89.23611111111111,srp_am0.005,base,1.0,0.0,0.0,0.0,0.0015,0.0,5.8223152493424335,5.824905993579398,0.6613424381720119,13.781055606148437,13.768051921570414,13.699394552460419,15.530807859041381,15.51584458147581,15.519066000083875,19.54901677177836,19.539345511455856,19.028273113500124
L2 Lyapunov (mid),7.0,89.23611111111111,srp_am0.01,base,1.0,0.0,0.0,0.0,0.003,0.0,5.8223152493424335,5.83267136753027,0.6615349663592079,13.766055436014193,13.74832436356797,13.699394552460419,15.512800560399763,15.495064470565133,15.519066000083875,19.681731129224403,19.619374850197353,19.028273113500124
L2 Lyapunov (mid),7.0,89.23611111111111,srp_am0.02,base,1.0,0.0,0.0,0.0,0.006,0.0,5.8223152493424335,5.863630698094627,0.6622902554254944,13.645757968688828,13.623642360748464,13.699394552460419,15.388505429250648,15.365452488999805,15.519066000083875,19.926132513774306,19.693458709283703,19.028273113500124
L2 Lyapunov (mid),7.0,89.23611111111111,srp_am0.05,base,1.0,0.0,0.0,0.0,0.015,0.0,5.8223152493424335,6.075957344536348,0.6671749512395675,13.214332558293048,13.181600030635991,13.699394552460419,14.919929518771358,14.879288359035215,15.519066000083875,18.346035083263303,18.093281404358365,19.028273113500124
L2 Lyapunov (mid),7.0,89.23611111111111,nosrp_am0.01,base,1.0,0.0,0.0,0.0,0.0,0.01,5.8223152493424335,5.822315249341894,0.6520685106245546,13.823093839140112,13.48478575439869,13.699394552460419,15.565405947117352,15.211705947670904,15.519066000083875,21.0419408361002,21.090405300312863,19.028273113500124
L2 Lyapunov (mid),7.0,89.23611111111111,nosrp_am0.05,base,1.0,0.0,0.0,0.0,0.0,0.05,5.8223152493424335,5.822315249341894,0.6520830697084143,13.663649838183082,12.414402406796519,13.699394552460419,15.116143428600205,14.014739023492371,15.519066000083875,18.1103266708348,17.51588343615723,19.028273113500124
L2 Lyapunov (mid),7.0,89.23611111111111,nominal,base,1.0,0.1,0.0,0.001,0.003,0.0,5.8223152493424335,6.519377888401304,0.6974004954113201,13.615328233057323,13.601902181384556,13.699394552460419,15.361196529652723,15.341116318280644,15.519066000083875,19.108635985157765,19.01792994235949,19.028273113500124
L2 Lyapunov (mid),7.0,89.23611111111111,conservative,base,1.0,0.5,0.1,0.01,0.015,0.0,5.8223152493424335,15.780469520186353,1.3162986505138763,12.263682032835131,12.240128358479808,13.699394552460419,13.844351655068422,13.807461308986827,15.519066000083875,16.522736923852673,16.23225808001332,19.028273113500124
L2 Lyapunov (mid),7.0,89.23611111111111,nominal_0.3,base_0.3,0.3,0.1,0.0,0.001,0.003,0.0,1.7466951880225186,3.4139930420422857,0.2921259703566458,14.577181317648604,14.55256806286098,15.631928318239723,16.40700265686206,16.36998281654776,19.02244585248959,22.55742636564313,21.952122097364324,23.166675456181224
L2 Lyapunov (mid),7.0,89.23611111111111,conservative_0.3,base_0.3,0.3,0.5,0.1,0.01,0.015,0.0,1.7466951880225186,14.77103463198163,1.1731235138368754,12.354093638142542,12.329196650526614,15.631928318239723,13.949375095731435,13.910614440891312,19.02244585248959,16.63903575466497,16.254869088811933,23.166675456181224
L2 Lyapunov (mid),1.0,119.79861111111111,base,base,1.0,0.0,0.0,0.0,0.0,0.0,62.30153963009123,62.30153963009123,1.1449045197728518,10.667222583489206,10.667151114402474,10.696633362208495,12.20016750017056,12.204553613280064,12.253291228320048,14.193330911710545,14.152639488146384,13.836097314938584
L2 Lyapunov (mid),1.0,119.79861111111111,base_0.3,base_0.3,0.3,0.0,0.0,0.0,0.0,0.0,18.690473772480647,18.69047377248065,0.3434774048261861,12.3145488821328,12.314716242789377,12.345208155733573,13.97101108879357,13.973935126763532,14.057894098157838,16.5122436457573,16.633358229139343,15.877910790887235
L2 Lyapunov (mid),1.0,119.79861111111111,bias0.05,base,1.0,0.05,0.0,0.0,0.0,0.0,62.30153963009123,62.726446879188174,1.160936441406109,10.656118243901004,10.65614523106647,10.696633362208495,12.188774813525603,12.192869798005741,12.253291228320048,14.169539989515268,14.136260044339819,13.836097314938584
L2 Lyapunov (mid),1.0,119.79861111111111,bias0.1,base,1.0,0.1,0.0,0.0,0.0,0.0,62.30153963009123,63.98424447429,1.1877881054227504,10.623370541843961,10.62373010052091,10.696633362208495,12.154793050965313,12.15989917782141,12.253291228320048,14.068810202866484,14.044891580013834,13.836097314938584
L2 Lyapunov (mid),1.0,119.79861111111111,bias0.2,base,1.0,0.2,0.0,0.0,0.0,0.0,62.30153963009123,68.78586643469937,1.3358971979576846,10.499803950195929,10.501941713276281,10.696633362208495,12.04054215985331,12.052312640233483,12.253291228320048,13.72611046553798,13.68202764612706,13.836097314938584
L2 Lyapunov (mid),1.0,119.79861111111111,bias0.5,base,1.0,0.5,0.0,0.0,0.0,0.0,62.30153963009123,95.88638470218136,2.1077104847697385,9.907455688866804,9.905822106593419,10.696633362208495,11.538941524298894,11.543700397358409,12.253291228320048,12.840258441045997,12.807882370624432,13.836097314938584
L2 Lyapunov (mid),1.0,119.79861111111111,common0.1,base,1.0,0.0,0.1,0.0,0.0,0.0,62.30153963009123,62.301676430301384,1.1851341379733569,10.671156790793106,10.671065895732905,10.696633362208495,12.206647181903119,12.210383397897324,12.253291228320048,14.163049904775978,14.132461918859626,13.836097314938584
L2 Lyapunov (mid),1.0,119.79861111111111,common0.5,base,1.0,0.0,0.5,0.0,0.0,0.0,62.30153963009123,62.30496041643585,1.8949297345753782,10.662680981304698,10.665169971490048,10.696633362208495,12.289448095484097,12.292399074856762,12.253291228320048,14.08631181049524,14.075412509146238,13.836097314938584
L2 Lyapunov (mid),1.0,119.79861111111111,clock10ms,base,1.0,0.0,0.0,0.01,0.0,0.0,62.30153963009123,62.30190418963103,1.1450023199177373,10.667152247461768,10.66708134537098,10.696633362208495,12.200098686657965,12.204481461275439,12.253291228320048,14.19317790307889,14.15255521848784,13.836097314938584
L2 Lyapunov (mid),1.0,119.79861111111111,srp_am0.005,base,1.0,0.0,0.0,0.0,0.0015,0.0,62.30153963009123,62.30154468278483,1.017051579477398,10.734848078227271,10.682123364896542,10.696633362208495,12.353160907239662,12.361550088232041,12.253291228320048,13.714654450626972,13.741094985690253,13.836097314938584
L2 Lyapunov (mid),1.0,119.79861111111111,srp_am0.01,base,1.0,0.0,0.0,0.0,0.003,0.0,62.30153963009123,62.30155984086314,1.0170562238109508,10.733522086568072,10.680561230815746,10.696633362208495,12.352476985170231,12.360674088749963,12.253291228320048,13.711597127827238,13.738172474273288,13.836097314938584
L2 Lyapunov (mid),1.0,119.79861111111111,srp_am0.02,base,1.0,0.0,0.0,0.0,0.006,0.0,62.30153963009123,62.30162047313955,1.0170516687575497,10.730335991841924,10.676954510162584,10.696633362208495,12.351568082386757,12.358051821296613,12.253291228320048,13.723378947559748,13.75182343915985,13.836097314938584
L2 Lyapunov (mid),1.0,119.79861111111111,srp_am0.05,base,1.0,0.0,0.0,0.0,0.015,0.0,62.30153963009123,62.302044897422924,1.0170561345304223,10.716881820582415,10.662666238313012,10.696633362208495,12.351544011902975,12.350650934300933,12.253291228320048,13.71398537834603,13.743034168830135,13.836097314938584
L2 Lyapunov (mid),1.0,119.79861111111111,nosrp_am0.01,base,1.0,0.0,0.0,0.0,0.0,0.01,62.30153963009123,62.30153963009123,1.1314656057762826,10.753202340761971,10.76075933381987,10.696633362208495,12.29946456122218,12.269755532655582,12.253291228320048,13.918676971556685,13.818930526922388,13.836097314938584
L2 Lyapunov (mid),1.0,119.79861111111111,nosrp_am0.05,base,1.0,0.0,0.0,0.0,0.0,0.05,62.30153963009123,62.30153963009123,1.1314739139555696,10.746932151658237,10.694202397262952,10.696633362208495,12.255386751126641,12.110845346782881,12.253291228320048,13.863495866129282,13.498078040955505,13.836097314938584
L2 Lyapunov (mid),1.0,119.79861111111111,nominal,base,1.0,0.1,0.0,0.001,0.003,0.0,62.30153963009123,63.98426770347062,1.0620195716383172,10.683679345095621,10.631240311014032,10.696633362208495,12.298456665264538,12.314949945277185,12.253291228320048,13.80179026855497,13.84221370260328,13.836097314938584
L2 Lyapunov (mid),1.0,119.79861111111111,conservative,base,1.0,0.5,0.1,0.01,0.015,0.0,62.30153963009123,95.88704003861316,1.906750513742412,10.056461605351572,9.996969080671393,10.696633362208495,11.631355878653933,11.64029288205918,12.253291228320048,12.82261861011442,12.816111522448534,13.836097314938584
L2 Lyapunov (mid),1.0,119.79861111111111,nominal_0.3,base_0.3,0.3,0.1,0.0,0.001,0.003,0.0,18.690473772480647,23.703234557641014,0.43209398280085026,12.046592417045698,11.994920248053278,12.345208155733573,13.715129938924731,13.741001228802777,14.057894098157838,15.310385838092285,15.335230457869924,15.877910790887235
L2 Lyapunov (mid),1.0,119.79861111111111,conservative_0.3,base_0.3,0.3,0.5,0.1,0.01,0.015,0.0,18.690473772480647,75.24831575779461,1.6174229336802597,10.367063946535287,10.325469189830418,12.345208155733573,11.885765257552139,11.893720046065958,14.057894098157838,13.07364257488734,13.064711563096132,15.877910790887235
L2 Lyapunov (mid),3.0,119.79861111111111,base,base,1.0,0.0,0.0,0.0,0.0,0.0,9.873400492099064,9.873400492099064,0.6766812606285454,12.874543043368357,12.864748276878874,13.034255989570399,14.591178943100731,14.602860013603474,14.809883923390347,17.278345946927715,17.437308655221,17.859300431153706
L2 Lyapunov (mid),3.0,119.79861111111111,base_0.3,base_0.3,0.3,0.0,0.0,0.0,0.0,0.0,2.9620202877914905,2.9620202877914905,0.20298484254673207,14.760417212612223,14.750640491046035,14.924711306255432,16.670263731557064,16.65547926695332,16.96491217366664,22.41044780239692,22.258359597579314,22.26686905316531
L2 Lyapunov (mid),3.0,119.79861111111111,bias0.05,base,1.0,0.05,0.0,0.0,0.0,0.0,9.873400492099064,10.107079786532045,0.6856788657027456,12.844121452949235,12.834052828678248,13.034255989570399,14.56025904581926,14.57171285289916,14.809883923390347,17.229418876804413,17.379916654187515,17.859300431153706
L2 Lyapunov (mid),3.0,119.79861111111111,bias0.1,base,1.0,0.1,0.0,0.0,0.0,0.0,9.873400492099064,10.777811598679992,0.7116781545287623,12.760283837922747,12.749572819236189,13.034255989570399,14.472740909718102,14.48276876445384,14.809883923390347,17.092654897632066,17.22500978939111,17.859300431153706
L2 Lyapunov (mid),3.0,119.79861111111111,bias0.2,base,1.0,0.2,0.0,0.0,0.0,0.0,9.873400492099064,13.122617836583876,0.8042462242417295,12.500265614927635,12.488000606550642,13.034255989570399,14.176851759337412,14.198969048661157,14.809883923390347,16.651892298184134,16.719207632158845,17.859300431153706
L2 Lyapunov (mid),3.0,119.79861111111111,bias0.5,base,1.0,0.5,0.0,0.0,0.0,0.0,9.873400492099064,23.760703315781605,1.281641144817815,11.71605266387674,11.702022571731755,13.034255989570399,13.30823791717413,13.33176497945451,14.809883923390347,15.157628194352016,15.070152374011323,17.859300431153706
L2 Lyapunov (mid),3.0,119.79861111111111,common0.1,base,1.0,0.0,0.1,0.0,0.0,0.0,9.873400492099064,9.874780826422532,0.7349368931985848,12.871806282270004,12.861771236231316,13.034255989570399,14.590655196390648,14.60264070579408,14.809883923390347,17.274376724707057,17.433887125478282,17.859300431153706
L2 Lyapunov (mid),3.0,119.79861111111111,common0.5,base,1.0,0.0,0.5,0.0,0.0,0.0,9.873400492099064,9.908152783381308,1.606407489287398,12.85617990345268,12.845541330826931,13.034255989570399,14.57880568459933,14.591264022209176,14.809883923390347,17.2308047420358,17.38993050046825,17.859300431153706
L2 Lyapunov (mid),3.0,119.79861111111111,clock10ms,base,1.0,0.0,0.0,0.01,0.0,0.0,9.873400492099064,9.8737516092816,0.676730468255892,12.87449626483011,12.864701043711358,13.034255989570399,14.591132984701588,14.602813897410314,14.809883923390347,17.278284056252776,17.437233969857637,17.859300431153706
L2 Lyapunov (mid),3.0,119.79861111111111,srp_am0.005,base,1.0,0.0,0.0,0.0,0.0015,0.0,9.873400492099064,9.874256478929977,0.664700168598444,13.27645832931092,13.271283252181894,13.034255989570399,15.030941426661089,15.04914640591086,14.809883923390347,18.928115936415793,18.719009535306917,17.859300431153706
L2 Lyapunov (mid),3.0,119.79861111111111,srp_am0.01,base,1.0,0.0,0.0,0.0,0.003,0.0,9.873400492099064,9.876823997368403,0.6647078492751763,13.27000261824238,13.265685066086684,13.034255989570399,15.035621922706005,15.054247835512514,14.809883923390347,18.724915584943098,18.573827608029205,17.859300431153706
L2 Lyapunov (mid),3.0,119.79861111111111,srp_am0.02,base,1.0,0.0,0.0,0.0,0.006,0.0,9.873400492099064,9.887087449362097,0.664752082770469,13.208025073695412,13.213582593787452,13.034255989570399,15.013525829611872,15.022107261700079,14.809883923390347,18.428942689284423,18.331779271798982,17.859300431153706
L2 Lyapunov (mid),3.0,119.79861111111111,srp_am0.05,base,1.0,0.0,0.0,0.0,0.015,0.0,9.873400492099064,9.958637442121189,0.6650553501432214,12.872593057429077,12.866936202278637,13.034255989570399,14.573061616580876,14.596338303565908,14.809883923390347,17.505559424459758,17.46232836507402,17.859300431153706
L2 Lyapunov (mid),3.0,119.79861111111111,nosrp_am0.01,base,1.0,0.0,0.0,0.0,0.0,0.01,9.873400492099064,9.873400492099064,0.6409479397231838,13.121660165883963,12.924477185941823,13.034255989570399,14.830038509900715,14.618210307183142,14.809883923390347,18.357587381834268,18.930056777435254,17.859300431153706
L2 Lyapunov (mid),3.0,119.79861111111111,nosrp_am0.05,base,1.0,0.0,0.0,0.0,0.0,0.05,9.873400492099064,9.873400492099064,0.6409405701749934,13.026596343157424,12.137350798594952,13.034255989570399,14.555876918297042,13.722923779793405,14.809883923390347,16.811750477239958,15.23356983938062,17.859300431153706
L2 Lyapunov (mid),3.0,119.79861111111111,nominal,base,1.0,0.1,0.0,0.001,0.003,0.0,9.873400492099064,10.78095197970444,0.6975882575041036,13.1541525133391,13.141128280627745,13.034255989570399,14.885724287750692,14.898659174394066,14.809883923390347,18.498852261872713,18.293259604810846,17.859300431153706
L2 Lyapunov (mid),3.0,119.79861111111111,conservative,base,1.0,0.5,0.1,0.01,0.015,0.0,9.873400492099064,23.796982180393915,1.2683308581138228,12.036404406847332,12.025224356213123,13.034255989570399,13.621572741026645,13.614949423512575,14.809883923390347,15.280156648293737,15.237111577791497,17.859300431153706
L2 Lyapunov (mid),3.0,119.79861111111111,nominal_0.3,base_0.3,0.3,0.1,0.0,0.001,0.003,0.0,2.9620202877914905,5.246275935646416,0.28703800085179115,14.269320125262066,14.25346044171308,14.924711306255432,16.123702850609455,16.126277268971798,16.96491217366664,21.371428710464645,20.659357941963755,22.26686905316531
L2 Lyapunov (mid),3.0,119.79861111111111,conservative_0.3,base_0.3,0.3,0.5,0.1,0.01,0.015,0.0,2.9620202877914905,21.8545733689401,1.108141331400144,12.138206139440992,12.128646745119688,14.924711306255432,13.752911193995999,13.744332199015183,16.96491217366664,15.312376668212787,15.272191039596303,22.26686905316531
L2 Lyapunov (mid),7.0,119.79861111111111,base,base,1.0,0.0,0.0,0.0,0.0,0.0,5.940974239132682,5.940974239132686,0.6357923900786177,13.477641882336638,13.466966787195522,13.626526762071554,15.24009106810623,15.249709132008775,15.455723967561914,18.481457594105137,18.60314597556564,19.083817362286307
L2 Lyapunov (mid),7.0,119.79861111111111,base_0.3,base_0.3,0.3,0.0,0.0,0.0,0.0,0.0,1.7822930675519824,1.7822930675517779,0.19075663157235137,15.417681248829977,15.407851036992119,15.567173161067059,17.979882790193155,18.063953116059547,19.575626916620894,23.90887029029911,23.704821223349292,23.125646818393196
L2 Lyapunov (mid),7.0,119.79861111111111,bias0.05,base,1.0,0.05,0.0,0.0,0.0,0.0,5.940974239132682,6.102044220989669,0.6456166662089386,13.439231817071173,13.428270086270961,13.626526762071554,15.20231079519241,15.211487204384326,15.455723967561914,18.385815797714457,18.48844748847986,19.083817362286307
L2 Lyapunov (mid),7.0,119.79861111111111,bias0.1,base,1.0,0.1,0.0,0.0,0.0,0.0,5.940974239132682,6.561623120159142,0.6739914268399063,13.33537334440991,13.323640582792947,13.626526762071554,15.096605516880464,15.103429644049953,15.455723967561914,18.12934006989779,18.19877631307003,19.083817362286307
L2 Lyapunov (mid),7.0,119.79861111111111,bias0.2,base,1.0,0.2,0.0,0.0,0.0,0.0,5.940974239132682,8.144929860052638,0.8072432819279719,13.02321898589534,13.011938072309778,13.626526762071554,14.747099844369085,14.76487477009349,15.455723967561914,17.494972809481283,17.509209192486853,19.083817362286307
L2 Lyapunov (mid),7.0,119.79861111111111,bias0.5,base,1.0,0.5,0.0,0.0,0.0,0.0,5.940974239132682,15.145041895393442,1.3564301817470366,12.155340995673592,12.142209870270044,13.626526762071554,13.794729419029354,13.819274435518988,15.455723967561914,16.25082925601614,16.249432491999343,19.083817362286307
L2 Lyapunov (mid),7.0,119.79861111111111,common0.1,base,1.0,0.0,0.1,0.0,0.0,0.0,5.940974239132682,5.942096271756342,0.7014442477461628,13.472725063674613,13.461667520286884,13.626526762071554,15.238161311071718,15.248130812776793,15.455723967561914,18.46375889909144,18.586015478875915,19.083817362286307
L2 Lyapunov (mid),7.0,119.79861111111111,common0.5,base,1.0,0.0,0.5,0.0,0.0,0.0,5.940974239132682,5.9696869763524685,1.529639345468309,13.419566607087912,13.426253918165541,13.626526762071554,15.21979548030742,15.230048411911584,15.455723967561914,18.383010857536878,18.510782924136528,19.083817362286307
L2 Lyapunov (mid),7.0,119.79861111111111,clock10ms,base,1.0,0.0,0.0,0.01,0.0,0.0,5.940974239132682,5.94122320218182,0.6358521766293302,13.47757451363647,13.466898828917124,13.626526762071554,15.240026839492133,15.249644411267333,15.455723967561914,18.481288939931577,18.602929065640133,19.083817362286307
L2 Lyapunov (mid),7.0,119.79861111111111,srp_am0.005,base,1.0,0.0,0.0,0.0,0.0015,0.0,5.940974239132682,5.942633393874209,0.6517987734257464,13.878045794542206,13.861541272478725,13.626526762071554,15.663253161433435,15.677744223601053,15.455723967561914,20.69562312999344,20.34349611432996,19.083817362286307
L2 Lyapunov (mid),7.0,119.79861111111111,srp_am0.01,base,1.0,0.0,0.0,0.0,0.003,0.0,5.940974239132682,5.94760812565711,0.651850234387788,13.840701138036342,13.845998669980593,13.626526762071554,15.676976699212592,15.693675284571922,15.455723967561914,20.68146204625098,20.289737138154983,19.083817362286307
L2 Lyapunov (mid),7.0,119.79861111111111,srp_am0.02,base,1.0,0.0,0.0,0.0,0.006,0.0,5.940974239132682,5.967466242357258,0.6519911655701399,13.67122538919453,13.694341392887374,13.626526762071554,15.529800455972824,15.535790832765644,15.455723967561914,20.03424597250892,19.660429670766597,19.083817362286307
L2 Lyapunov (mid),7.0,119.79861111111111,srp_am0.05,base,1.0,0.0,0.0,0.0,0.015,0.0,5.940974239132682,6.104692031168062,0.6530631399885266,13.07418659845239,13.103277808920973,13.626526762071554,14.847833966406107,14.868766272696904,15.455723967561914,18.248729500657095,17.916162898258033,19.083817362286307
L2 Lyapunov (mid),7.0,119.79861111111111,nosrp_am0.01,base,1.0,0.0,0.0,0.0,0.0,0.01,5.940974239132682,5.940974239132686,0.6083178667121216,13.733267092997599,13.446806599647605,13.626526762071554,15.444855415997075,15.184146595136594,15.455723967561914,20.947203335583215,20.99168388259688,19.083817362286307
L2 Lyapunov (mid),7.0,119.79861111111111,nosrp_am0.05,base,1.0,0.0,0.0,0.0,0.0,0.05,5.940974239132682,5.940974239132686,0.6083178667121216,13.58064889347597,12.369884841950006,13.626526762071554,15.044323308767956,13.990641333539534,15.455723967561914,19.209236667627252,17.605319819511234,19.083817362286307
L2 Lyapunov (mid),7.0,119.79861111111111,nominal,base,1.0,0.1,0.0,0.001,0.003,0.0,5.940974239132682,6.567635224436203,0.6914843465382283,13.700929414704238,13.693225486518463,13.626526762071554,15.50245653287085,15.513489286338855,15.455723967561914,20.331911216040965,19.842505829711037,19.083817362286307
L2 Lyapunov (mid),7.0,119.79861111111111,conservative,base,1.0,0.5,0.1,0.01,0.015,0.0,5.940974239132682,15.210626811551656,1.3894114668118096,12.345349006467702,12.328301419213027,13.626526762071554,14.039831305250994,14.039740170954165,15.455723967561914,16.675284222559732,16.397292094830505,19.083817362286307
L2 Lyapunov (mid),7.0,119.79861111111111,nominal_0.3,base_0.3,0.3,0.1,0.0,0.001,0.003,0.0,1.7822930675519824,3.319338119614059,0.30764694878546894,14.70031639177965,14.67899901401158,15.567173161067059,16.700625013646125,16.711646868634038,19.575626916620894,23.01449448698679,21.971878877478094,23.125646818393196
L2 Lyapunov (mid),7.0,119.79861111111111,conservative_0.3,base_0.3,0.3,0.5,0.1,0.01,0.015,0.0,1.7822930675519824,14.116039737043161,1.2392864939074533,12.43174444351666,12.419389458542792,15.567173161067059,14.144292075493162,14.14319191936859,19.575626916620894,16.9775809057624,16.520536284532536,23.125646818393196
L2 Lyapunov (mid),1.0,149.80555555555554,base,base,1.0,0.0,0.0,0.0,0.0,0.0,61.783171501409704,61.783171501409704,1.257292858265644,10.916162798958531,10.93793574208331,10.939144588502904,12.304602166111621,12.317286166888977,12.48599301525343,13.645475346848366,13.652490131788264,14.07305751163153
L2 Lyapunov (mid),1.0,149.80555555555554,base_0.3,base_0.3,0.3,0.0,0.0,0.0,0.0,0.0,18.53496122000725,18.53496122000725,0.37714441943736304,12.519597646086092,12.54274952865233,12.57778588687416,14.107290576131602,14.127402932206417,14.268103380934411,16.81504250808212,16.77231078736212,16.04212656917849
L2 Lyapunov (mid),1.0,149.80555555555554,bias0.05,base,1.0,0.05,0.0,0.0,0.0,0.0,61.783171501409704,62.175652637032314,1.2662933012211766,10.905992824973772,10.927755397511485,10.939144588502904,12.294831044744386,12.307213470956277,12.48599301525343,13.631453851227349,13.637690496890594,14.07305751163153
L2 Lyapunov (mid),1.0,149.80555555555554,bias0.1,base,1.0,0.1,0.0,0.0,0.0,0.0,61.783171501409704,63.33850717738358,1.2928302235290967,10.875991281596812,10.895438530468768,10.939144588502904,12.26644585505171,12.277982444545543,12.48599301525343,13.587193087678306,13.591004975768117,14.07305751163153
L2 Lyapunov (mid),1.0,149.80555555555554,bias0.2,base,1.0,0.2,0.0,0.0,0.0,0.0,61.783171501409704,67.79076600493565,1.3927583159756922,10.770720489919755,10.78213974853181,10.939144588502904,12.165110854124737,12.173977956503961,12.48599301525343,13.39375378787344,13.38952493312589,14.07305751163153
L2 Lyapunov (mid),1.0,149.80555555555554,bias0.5,base,1.0,0.5,0.0,0.0,0.0,0.0,61.783171501409704,93.17934587736575,1.9830363765463925,10.269949093222767,10.260137654696889,10.939144588502904,11.705568611042569,11.708680599073622,12.48599301525343,12.768653288317212,12.756211844093158,14.07305751163153
L2 Lyapunov (mid),1.0,149.80555555555554,common0.1,base,1.0,0.0,0.1,0.0,0.0,0.0,61.783171501409704,61.78331115445353,1.2932949262381475,10.907114892306932,10.92771574386335,10.939144588502904,12.293866472273201,12.306776386314978,12.48599301525343,13.629642685804576,13.636923019023751,14.07305751163153
L2 Lyapunov (mid),1.0,149.80555555555554,common0.5,base,1.0,0.0,0.5,0.0,0.0,0.0,61.783171501409704,61.78666364217013,1.938399132452351,10.862340799191031,10.886769202451307,10.939144588502904,12.24822149994951,12.263372509482439,12.48599301525343,13.554487002108125,13.564225802384163,14.07305751163153
L2 Lyapunov (mid),1.0,149.80555555555554,clock10ms,base,1.0,0.0,0.0,0.01,0.0,0.0,61.783171501409704,61.78358920663326,1.2573455274298884,10.916091203882564,10.93786394360033,10.939144588502904,12.304533594671865,12.317215528649974,12.48599301525343,13.64537933473413,13.652388599236382,14.07305751163153
L2 Lyapunov (mid),1.0,149.80555555555554,srp_am0.005,base,1.0,0.0,0.0,0.0,0.0015,0.0,61.783171501409704,61.783179075752194,1.3003703173390206,10.8215146291349,10.83178123139827,10.939144588502904,12.284610755682163,12.282340660974132,12.48599301525343,13.61367737632217,13.603771428850447,14.07305751163153
L2 Lyapunov (mid),1.0,149.80555555555554,srp_am0.01,base,1.0,0.0,0.0,0.0,0.003,0.0,61.783171501409704,61.783201798774144,1.3003702852750527,10.819397710677089,10.829517844824897,10.939144588502904,12.282560279424658,12.2803164944171,12.48599301525343,13.610471333223972,13.60052077922011,14.07305751163153
L2 Lyapunov (mid),1.0,149.80555555555554,srp_am0.02,base,1.0,0.0,0.0,0.0,0.006,0.0,61.783171501409704,61.783292690778346,1.3003702852750527,10.814336491009989,10.824151338308269,10.939144588502904,12.278479900541022,12.27629633127883,12.48599301525343,13.603356644070985,13.593293833297505,14.07305751163153
L2 Lyapunov (mid),1.0,149.80555555555554,srp_am0.05,base,1.0,0.0,0.0,0.0,0.015,0.0,61.783171501409704,61.783928931064686,1.3003739503045961,10.826197557059347,10.835220482113025,10.939144588502904,12.265088072535267,12.265143912728513,12.48599301525343,13.57747146487609,13.566890122889774,14.07305751163153
L2 Lyapunov (mid),1.0,149.80555555555554,nosrp_am0.01,base,1.0,0.0,0.0,0.0,0.0,0.01,61.783171501409704,61.783171501409704,1.2212633490041502,11.110794650171096,11.051809056597111,10.939144588502904,12.516078115535967,12.447899816938467,12.48599301525343,13.786733895015201,13.732513064855995,14.07305751163153
L2 Lyapunov (mid),1.0,149.80555555555554,nosrp_am0.05,base,1.0,0.0,0.0,0.0,0.0,0.05,61.783171501409704,61.783171501409704,1.2212634169486376,11.103510658608506,10.898852783650623,10.939144588502904,12.462338993654573,12.283578527413416,12.48599301525343,13.796924266113363,13.604817992221587,14.07305751163153
L2 Lyapunov (mid),1.0,149.80555555555554,nominal,base,1.0,0.1,0.0,0.001,0.003,0.0,61.783171501409704,63.33854080540564,1.3395885485615244,10.779808196742742,10.790175340087238,10.939144588502904,12.247029678214693,12.246426822753453,12.48599301525343,13.545720140902835,13.533246463214878,14.07305751163153
L2 Lyapunov (mid),1.0,149.80555555555554,conservative,base,1.0,0.5,0.1,0.01,0.015,0.0,61.783171501409704,93.18021855638514,2.101383071343474,10.214218105221532,10.234410322348403,10.939144588502904,11.648240786191481,11.645976627864979,12.48599301525343,12.715710100953645,12.693712378767655,14.07305751163153
L2 Lyapunov (mid),1.0,149.80555555555554,nominal_0.3,base_0.3,0.3,0.1,0.0,0.001,0.003,0.0,18.53496122000725,23.198221619338984,0.5061751387146147,12.06128700771531,12.070102773589008,12.57778588687416,13.674847026010182,13.672212483795382,14.268103380934411,15.229315217312278,15.213025466290713,16.04212656917849
L2 Lyapunov (mid),1.0,149.80555555555554,conservative_0.3,base_0.3,0.3,0.5,0.1,0.01,0.015,0.0,18.53496122000725,72.17341839307872,1.7304694508140195,10.512300321886496,10.529858780159861,12.57778588687416,11.922601824118214,11.914328820835152,14.268103380934411,13.002622083547154,12.983411805628407,16.04212656917849
L2 Lyapunov (mid),3.0,149.80555555555554,base,base,1.0,0.0,0.0,0.0,0.0,0.0,11.088933502653022,11.08893350265302,0.7127946260456984,13.170555279607061,13.176084889172797,13.08837724030756,14.842245541078999,14.850199554783952,14.825070842531899,17.655892378584973,17.863471226678673,17.70739183092289
L2 Lyapunov (mid),3.0,149.80555555555554,base_0.3,base_0.3,0.3,0.0,0.0,0.0,0.0,0.0,3.3266802119530747,3.3266802119530743,0.2137857920547228,15.03965666610639,15.051195215640513,14.940094699005966,16.89504863457231,16.91105267049667,16.845079826546286,23.098786595362025,22.568954089968432,21.881941958306943
L2 Lyapunov (mid),3.0,149.80555555555554,bias0.05,base,1.0,0.05,0.0,0.0,0.0,0.0,11.088933502653022,11.382354917456924,0.7156018161452727,13.13618703868743,13.139212950774603,13.08837724030756,14.805384043464985,14.812197087875441,14.825070842531899,17.607696771819075,17.78909449385751,17.70739183092289
L2 Lyapunov (mid),3.0,149.80555555555554,bias0.1,base,1.0,0.1,0.0,0.0,0.0,0.0,11.088933502653022,12.220448859128982,0.7237255809585876,13.039769850468529,13.038812986919567,13.08837724030756,14.705657062604832,14.709656954457708,14.825070842531899,17.486205171685363,17.565220602949513,17.70739183092289
L2 Lyapunov (mid),3.0,149.80555555555554,bias0.2,base,1.0,0.2,0.0,0.0,0.0,0.0,11.088933502653022,15.115238935927875,0.7477372164860918,12.738101894204418,12.741938709880156,13.08837724030756,14.395509985286745,14.392823447723659,14.825070842531899,17.062099101158214,17.119383348035274,17.70739183092289
L2 Lyapunov (mid),3.0,149.80555555555554,bias0.5,base,1.0,0.5,0.0,0.0,0.0,0.0,11.088933502653022,27.97194289559922,1.06357735059769,11.885523121061114,11.886822010636205,13.08837724030756,13.384394936905991,13.378337199398743,14.825070842531899,15.261273933109909,15.302160448567415,17.70739183092289
L2 Lyapunov (mid),3.0,149.80555555555554,common0.1,base,1.0,0.0,0.1,0.0,0.0,0.0,11.088933502653022,11.090213182882577,0.7728535114510695,13.170951312317117,13.179660456416675,13.08837724030756,14.842367468096715,14.850449452323366,14.825070842531899,17.6529525021918,17.859578445573362,17.70739183092289
L2 Lyapunov (mid),3.0,149.80555555555554,common0.5,base,1.0,0.0,0.5,0.0,0.0,0.0,11.088933502653022,11.121098019296957,1.5348841050208524,13.181769290355934,13.19025156703833,13.08837724030756,14.855282139974335,14.86344447277999,14.825070842531899,17.668177947125663,17.871058394917615,17.70739183092289
L2 Lyapunov (mid),3.0,149.80555555555554,clock10ms,base,1.0,0.0,0.0,0.01,0.0,0.0,11.088933502653022,11.089506579426113,0.712807879298949,13.170483383565433,13.17601961326599,13.08837724030756,14.842165049043254,14.850116919813274,14.825070842531899,17.655782512948885,17.863310477793796,17.70739183092289
L2 Lyapunov (mid),3.0,149.80555555555554,srp_am0.005,base,1.0,0.0,0.0,0.0,0.0015,0.0,11.088933502653022,11.089733394953766,0.7865875067890419,12.951336872692695,12.95652078529466,13.08837724030756,14.726781853074646,14.71677827830334,14.825070842531899,17.50231006021845,17.54745360363715,17.70739183092289
L2 Lyapunov (mid),3.0,149.80555555555554,srp_am0.01,base,1.0,0.0,0.0,0.0,0.003,0.0,11.088933502653022,11.092132728527304,0.7866056409547021,12.966326541123479,12.971290375802893,13.08837724030756,14.69685159984834,14.68702676074491,14.825070842531899,17.46341012271273,17.507511654194957,17.70739183092289
L2 Lyapunov (mid),3.0,149.80555555555554,srp_am0.02,base,1.0,0.0,0.0,0.0,0.006,0.0,11.088933502653022,11.101724918730358,0.7866717514196612,12.975027109437002,12.971761243813246,13.08837724030756,14.644858222860034,14.635678398286052,14.825070842531899,17.362143551598244,17.417757315792308,17.70739183092289
L2 Lyapunov (mid),3.0,149.80555555555554,srp_am0.05,base,1.0,0.0,0.0,0.0,0.015,0.0,11.088933502653022,11.16864139945544,0.7870984229835994,12.759226202819118,12.75665807713029,13.08837724030756,14.474531310264194,14.46638809825904,14.825070842531899,17.13225591236794,16.082914131105873,17.70739183092289
L2 Lyapunov (mid),3.0,149.80555555555554,nosrp_am0.01,base,1.0,0.0,0.0,0.0,0.0,0.01,11.088933502653022,11.08893350265302,0.7128427758085087,12.992723988507763,12.928627237763855,13.08837724030756,14.66365568478994,14.57120472265239,14.825070842531899,17.596976115186052,18.173627872675283,17.70739183092289
L2 Lyapunov (mid),3.0,149.80555555555554,nosrp_am0.05,base,1.0,0.0,0.0,0.0,0.0,0.05,11.088933502653022,11.08893350265302,0.7128625262288176,12.905896336167293,12.217952124510953,13.08837724030756,14.448120216638287,13.75978767692672,14.825070842531899,16.692824308598613,15.214539331163925,17.70739183092289
L2 Lyapunov (mid),3.0,149.80555555555554,nominal,base,1.0,0.1,0.0,0.001,0.003,0.0,11.088933502653022,12.223357778708959,0.8072004348606788,12.840763680710198,12.845620134502248,13.08837724030756,14.541202529764513,14.527788705136826,14.825070842531899,17.306293495845274,17.355581618165104,17.70739183092289
L2 Lyapunov (mid),3.0,149.80555555555554,conservative,base,1.0,0.5,0.1,0.01,0.015,0.0,11.088933502653022,28.004387672183103,1.2610542923629822,11.74040125957824,11.739280543115736,13.08837724030756,13.323750618364006,13.29829547277569,14.825070842531899,15.00801067879207,14.878488337697783,17.70739183092289
L2 Lyapunov (mid),3.0,149.80555555555554,nominal_0.3,base_0.3,0.3,0.1,0.0,0.001,0.003,0.0,3.3266802119530747,6.125013837047121,0.30157923067329256,13.902808501745405,13.89467395795606,14.940094699005966,15.72822285349615,15.71942588787037,16.845079826546286,19.423356995753053,18.9220258686891,21.881941958306943
L2 Lyapunov (mid),3.0,149.80555555555554,conservative_0.3,base_0.3,0.3,0.5,0.1,0.01,0.015,0.0,3.3266802119530747,25.93005500298104,1.0511093330679173,11.833708396496792,11.841108202702012,14.940094699005966,13.448305452372582,13.420315302316915,16.845079826546286,15.12562297122008,15.037920062279783,21.881941958306943
L2 Lyapunov (mid),7.0,149.80555555555554,base,base,1.0,0.0,0.0,0.0,0.0,0.0,8.441514506798532,8.441514506799288,0.6439520902498771,13.436643191465413,13.440633022241249,13.392888010652632,15.21029616556591,15.21571365984727,15.16469512017001,18.370746267849764,18.475533308223014,18.187921144726495
L2 Lyapunov (mid),7.0,149.80555555555554,base_0.3,base_0.3,0.3,0.0,0.0,0.0,0.0,0.0,2.532456596216059,2.532456596215862,0.19318547483932408,15.337490830693248,15.346821991062638,15.281159045677645,17.432850633000673,17.430607757826834,17.344854905028303,24.064316673960874,23.447575907514196,22.591274076128567
L2 Lyapunov (mid),7.0,149.80555555555554,bias0.05,base,1.0,0.05,0.0,0.0,0.0,0.0,8.441514506798532,8.744362352017996,0.6469917080124932,13.383154467436984,13.387976016932608,13.392888010652632,15.146554662682602,15.15204654580188,15.16469512017001,18.268533667983352,18.3564183189431,18.187921144726495
L2 Lyapunov (mid),7.0,149.80555555555554,bias0.1,base,1.0,0.1,0.0,0.0,0.0,0.0,8.441514506798532,9.595743608336084,0.6646877775608304,13.242113137900796,13.247398761843266,13.392888010652632,14.981092148639101,14.982673857429726,15.16469512017001,17.996459360172555,18.05735193510161,18.187921144726495
L2 Lyapunov (mid),7.0,149.80555555555554,bias0.2,base,1.0,0.2,0.0,0.0,0.0,0.0,8.441514506798532,12.431335179428237,0.7373317663206924,12.862493639804153,12.864153285372453,13.392888010652632,14.537924276811493,14.532203946477313,15.16469512017001,17.403024771245065,17.379861688119984,18.187921144726495
L2 Lyapunov (mid),7.0,149.80555555555554,bias0.5,base,1.0,0.5,0.0,0.0,0.0,0.0,8.441514506798532,24.326300253610178,1.1520248674795976,11.922322586488312,11.921666589282209,13.392888010652632,13.435930981640569,13.431190661654163,15.16469512017001,15.243004544112075,15.195598766262906,18.187921144726495
L2 Lyapunov (mid),7.0,149.80555555555554,common0.1,base,1.0,0.0,0.1,0.0,0.0,0.0,8.441514506798532,8.441793083857167,0.6971648975951334,13.440812617251952,13.444771132900463,13.392888010652632,15.214809286128816,15.221250210924916,15.16469512017001,18.374506503950506,18.478667394285385,18.187921144726495
L2 Lyapunov (mid),7.0,149.80555555555554,common0.5,base,1.0,0.0,0.5,0.0,0.0,0.0,8.441514506798532,8.448574621553583,1.552922344909066,13.495970546630344,13.488240121652373,13.392888010652632,15.243949169795586,15.250759537443683,15.16469512017001,18.338919872574866,18.43951809963727,18.187921144726495
L2 Lyapunov (mid),7.0,149.80555555555554,clock10ms,base,1.0,0.0,0.0,0.01,0.0,0.0,8.441514506798532,8.441906777143549,0.6439960994585217,13.436568518829716,13.440559706786395,13.392888010652632,15.210207112493428,15.21562356598568,15.16469512017001,18.37059612278889,18.47535552431266,18.187921144726495
L2 Lyapunov (mid),7.0,149.80555555555554,srp_am0.005,base,1.0,0.0,0.0,0.0,0.0015,0.0,8.441514506798532,8.442627096729963,0.7591212035004279,13.256381656418965,13.262375376365348,13.392888010652632,15.032210838064076,15.021584454090755,15.16469512017001,18.107856363818254,18.128885159118774,18.187921144726495
L2 Lyapunov (mid),7.0,149.80555555555554,srp_am0.01,base,1.0,0.0,0.0,0.0,0.003,0.0,8.441514506798532,8.445963996863426,0.7591651258583879,13.27815319655053,13.283855738776895,13.392888010652632,14.997604471412465,14.987567126927775,15.16469512017001,18.010699986237174,18.05044857910933,18.187921144726495
L2 Lyapunov (mid),7.0,149.80555555555554,srp_am0.02,base,1.0,0.0,0.0,0.0,0.006,0.0,8.441514506798532,8.459298579342772,0.7593037107844807,13.274211615095556,13.270017879072512,13.392888010652632,14.96018675482118,14.950934297130631,15.16469512017001,17.7429678773777,17.818782638826676,18.187921144726495
L2 Lyapunov (mid),7.0,149.80555555555554,srp_am0.05,base,1.0,0.0,0.0,0.0,0.015,0.0,8.441514506798532,8.552064767196395,0.7602736985784515,12.994553532306737,12.9930791322654,13.392888010652632,14.667308844227872,14.6653037990695,15.16469512017001,17.434418654498174,17.416595814135608,18.187921144726495
L2 Lyapunov (mid),7.0,149.80555555555554,nosrp_am0.01,base,1.0,0.0,0.0,0.0,0.0,0.01,8.441514506798532,8.441514506799288,0.7183092060260369,13.469295000147017,13.159992125853657,13.392888010652632,15.118730087671377,14.826103478446687,15.16469512017001,18.873012570748084,19.403637043190773,18.187921144726495
L2 Lyapunov (mid),7.0,149.80555555555554,nosrp_am0.05,base,1.0,0.0,0.0,0.0,0.0,0.05,8.441514506798532,8.441514506799288,0.7183158446156116,13.349908127896596,12.328534104195574,13.392888010652632,14.78839688306963,13.889191854037177,15.16469512017001,16.836525142597694,15.576756534843355,18.187921144726495
L2 Lyapunov (mid),7.0,149.80555555555554,nominal,base,1.0,0.1,0.0,0.001,0.003,0.0,8.441514506798532,9.599662369552489,0.7894137138814201,13.091528434789724,13.099067602810058,13.392888010652632,14.798042746351149,14.78430183696351,15.16469512017001,17.676644620011725,17.683407158128368,18.187921144726495
L2 Lyapunov (mid),7.0,149.80555555555554,conservative,base,1.0,0.5,0.1,0.01,0.015,0.0,8.441514506798532,24.365141376388536,1.4717138036304445,11.799581559272001,11.79143563253789,13.392888010652632,13.356556817980975,13.332267255659694,15.16469512017001,15.004880626945761,14.908268232051212,18.187921144726495
L2 Lyapunov (mid),7.0,149.80555555555554,nominal_0.3,base_0.3,0.3,0.1,0.0,0.001,0.003,0.0,2.532456596216059,5.225785596505284,0.33719350727476405,14.00094657633857,13.997454366581568,15.281159045677645,15.822538763189735,15.809140849112184,17.344854905028303,19.691618079047306,19.12357089753608,22.591274076128567
L2 Lyapunov (mid),7.0,149.80555555555554,conservative_0.3,base_0.3,0.3,0.5,0.1,0.01,0.015,0.0,2.532456596216059,22.99612013497759,1.2700475243113294,11.875717043716866,11.876907208349069,15.281159045677645,13.444299754903003,13.418405534025245,17.344854905028303,15.137363364830055,15.048322637895527,22.591274076128567
L2 Lyapunov (mid),1.0,179.59722222222223,base,base,1.0,0.0,0.0,0.0,0.0,0.0,44.955377997042724,44.955377997042724,1.8282953265174462,11.21643329743824,11.217019444852928,11.081090590606463,12.65027684409896,12.641702302901919,12.639938038461999,13.758839685685608,13.752362840372548,14.176740164479353
L2 Lyapunov (mid),1.0,179.59722222222223,base_0.3,base_0.3,0.3,0.0,0.0,0.0,0.0,0.0,13.486615767834191,13.486615767834191,0.5484551937313061,12.803452787788531,12.805899439654752,12.729276111991682,14.40078053709905,14.401735513479418,14.359450347177578,16.070657122792333,16.08320855157099,16.07669758160181
L2 Lyapunov (mid),1.0,179.59722222222223,bias0.05,base,1.0,0.05,0.0,0.0,0.0,0.0,44.955377997042724,45.37987136256764,1.837660978653454,11.20864455822789,11.209347561296267,11.081090590606463,12.641030509174398,12.632064956475146,12.639938038461999,13.749834611273956,13.743038587076185,14.176740164479353
L2 Lyapunov (mid),1.0,179.59722222222223,bias0.1,base,1.0,0.1,0.0,0.0,0.0,0.0,44.955377997042724,46.63017378384513,1.8636400665020734,11.185907552658062,11.186965129105936,11.081090590606463,12.614016632411218,12.604337253464358,12.639938038461999,13.725851430834943,13.718108875579562,14.176740164479353
L2 Lyapunov (mid),1.0,179.59722222222223,bias0.2,base,1.0,0.2,0.0,0.0,0.0,0.0,44.955377997042724,51.3277449256733,1.9324383385897788,11.103381574299826,11.105899894005567,11.081090590606463,12.517818860285775,12.508103833688443,12.639938038461999,13.643026443611657,13.631794445178002,14.176740164479353
L2 Lyapunov (mid),1.0,179.59722222222223,bias0.5,base,1.0,0.5,0.0,0.0,0.0,0.0,44.955377997042724,76.52274804492137,2.371396390830848,10.66132833589542,10.650641536086198,11.081090590606463,12.118698645786731,12.101841364699206,12.639938038461999,13.055874122576125,13.040207137073939,14.176740164479353
L2 Lyapunov (mid),1.0,179.59722222222223,common0.1,base,1.0,0.0,0.1,0.0,0.0,0.0,44.955377997042724,44.955392486715375,1.8559650357236697,11.21903873004569,11.21961654307172,11.081090590606463,12.644181270973121,12.635941730577779,12.639938038461999,13.7566515536688,13.750192153520187,14.176740164479353
L2 Lyapunov (mid),1.0,179.59722222222223,common0.5,base,1.0,0.0,0.5,0.0,0.0,0.0,44.955377997042724,44.955740419189986,2.421766439823808,11.192559548547015,11.193110825275875,11.081090590606463,12.640346913634076,12.634015571905119,12.639938038461999,13.731406095494444,13.724937485575488,14.176740164479353
L2 Lyapunov (mid),1.0,179.59722222222223,clock10ms,base,1.0,0.0,0.0,0.01,0.0,0.0,44.955377997042724,44.95628985287189,1.8283644903240124,11.21635701622489,11.216944373101592,11.081090590606463,12.650198589775378,12.641619456627334,12.639938038461999,13.75873748084451,13.752258289705079,14.176740164479353
L2 Lyapunov (mid),1.0,179.59722222222223,srp_am0.005,base,1.0,0.0,0.0,0.0,0.0015,0.0,44.955377997042724,44.95546392818123,1.8112242996525896,11.16340304535461,11.135924111230091,11.081090590606463,12.75552889592814,12.743689982206812,12.639938038461999,13.929845974372979,13.93106601072107,14.176740164479353
L2 Lyapunov (mid),1.0,179.59722222222223,srp_am0.01,base,1.0,0.0,0.0,0.0,0.003,0.0,44.955377997042724,44.95572172061134,1.8112269075356537,11.159721960794588,11.132376715124177,11.081090590606463,12.757854379331736,12.746037719670023,12.639938038461999,13.937932466576976,13.939853748253288,14.176740164479353
L2 Lyapunov (mid),1.0,179.59722222222223,srp_am0.02,base,1.0,0.0,0.0,0.0,0.006,0.0,44.955377997042724,44.956752875551096,1.8112295672519019,11.15076937111324,11.123747511759223,11.081090590606463,12.7614178771051,12.749645872354495,12.639938038461999,13.957335731008282,13.95860356648797,14.176740164479353
L2 Lyapunov (mid),1.0,179.59722222222223,srp_am0.05,base,1.0,0.0,0.0,0.0,0.015,0.0,44.955377997042724,44.963970298078934,1.811258435100961,11.113686348504988,11.08795350245175,11.081090590606463,12.76290541672459,12.751250203968564,12.639938038461999,13.998036794162827,13.997233139476588,14.176740164479353
L2 Lyapunov (mid),1.0,179.59722222222223,nosrp_am0.01,base,1.0,0.0,0.0,0.0,0.0,0.01,44.955377997042724,44.955377997042724,1.7149796071235996,11.122953707326337,11.117822944460546,11.081090590606463,12.661680605505675,12.661645213762869,12.639938038461999,13.877455234980099,13.870937064866151,14.176740164479353
L2 Lyapunov (mid),1.0,179.59722222222223,nosrp_am0.05,base,1.0,0.0,0.0,0.0,0.0,0.05,44.955377997042724,44.955377997042724,1.7149933235354344,11.126332552722042,11.096629914432624,11.081090590606463,12.603538530385762,12.533869314564159,12.639938038461999,13.700419390268065,13.642475561225462,14.176740164479353
L2 Lyapunov (mid),1.0,179.59722222222223,nominal,base,1.0,0.1,0.0,0.001,0.003,0.0,44.955377997042724,46.63051395445664,1.8342720484631236,11.124980111594605,11.096924195413088,11.081090590606463,12.729196999716821,12.722104405603837,12.639938038461999,13.874298259556982,13.873554269546089,14.176740164479353
L2 Lyapunov (mid),1.0,179.59722222222223,conservative,base,1.0,0.5,0.1,0.01,0.015,0.0,44.955377997042724,76.5283401975294,2.3459019757682182,10.49357332319562,10.446378166523662,11.081090590606463,12.21809757080815,12.207776650400893,12.639938038461999,13.158714555180728,13.146191908290087,14.176740164479353
L2 Lyapunov (mid),1.0,179.59722222222223,nominal_0.3,base_0.3,0.3,0.1,0.0,0.001,0.003,0.0,13.486615767834191,18.3114590072215,0.6163988646382129,12.528609587782716,12.536018766507294,12.729276111991682,14.19463243902475,14.187226596392419,14.359450347177578,15.972813874091703,16.01139172614972,16.07669758160181
L2 Lyapunov (mid),1.0,179.59722222222223,conservative_0.3,base_0.3,0.3,0.5,0.1,0.01,0.015,0.0,13.486615767834191,63.38396618581694,1.6792325458044626,10.947389892930405,10.894422291494626,12.729276111991682,12.554434113876102,12.54561538918796,14.359450347177578,13.645783860590827,13.624240491776666,16.07669758160181
L2 Lyapunov (mid),3.0,179.59722222222223,base,base,1.0,0.0,0.0,0.0,0.0,0.0,14.737939564733384,14.737939564733384,1.0726592371498498,12.815996973403642,12.823882187983862,13.013108008116644,14.565791540762735,14.549736135502252,14.66448520029488,16.939313890539403,16.7360042213094,17.338947185121675
L2 Lyapunov (mid),3.0,179.59722222222223,base_0.3,base_0.3,0.3,0.0,0.0,0.0,0.0,0.0,4.421382173535048,4.421382173535049,0.32180130972792925,14.54852199565732,14.567296591619227,14.77648659436547,16.47738036276958,16.456849286664657,16.612982678013644,20.602306357683517,20.508126498534782,20.443833470606954
L2 Lyapunov (mid),3.0,179.59722222222223,bias0.05,base,1.0,0.05,0.0,0.0,0.0,0.0,14.737939564733384,15.125106126799976,1.0760268314559378,12.781785135916492,12.79126646145898,13.013108008116644,14.52897210882178,14.513956747231154,14.66448520029488,16.92816346238918,16.722583370320706,17.338947185121675
L2 Lyapunov (mid),3.0,179.59722222222223,bias0.1,base,1.0,0.1,0.0,0.0,0.0,0.0,14.737939564733384,16.231309739035183,1.085548219084413,12.687171100746738,12.700762555435357,13.013108008116644,14.428306804625002,14.415987009106948,14.66448520029488,16.90300592800168,16.673972962667207,17.338947185121675
L2 Lyapunov (mid),3.0,179.59722222222223,bias0.2,base,1.0,0.2,0.0,0.0,0.0,0.0,14.737939564733384,20.05510155960048,1.1189749786497094,12.421536079929135,12.428091794095446,13.013108008116644,14.124083856545651,14.118469650331797,14.66448520029488,15.913063124973352,15.917965616469713,17.338947185121675
L2 Lyapunov (mid),3.0,179.59722222222223,bias0.5,base,1.0,0.5,0.0,0.0,0.0,0.0,14.737939564733384,37.060879945476245,1.415484814195199,11.633763390118208,11.648199148561128,13.013108008116644,13.248951793706166,13.253228951359628,14.66448520029488,14.991262854291577,14.939096195853535,17.338947185121675
L2 Lyapunov (mid),3.0,179.59722222222223,common0.1,base,1.0,0.0,0.1,0.0,0.0,0.0,14.737939564733384,14.739413731885396,1.1141942177574191,12.81578417057584,12.823690621234334,13.013108008116644,14.5660918345465,14.550031649835445,14.66448520029488,16.93873145426901,16.736309028388078,17.338947185121675
L2 Lyapunov (mid),3.0,179.59722222222223,common0.5,base,1.0,0.0,0.5,0.0,0.0,0.0,14.737939564733384,14.774886278641787,1.7574208878366926,12.822279148714118,12.829893434746662,13.013108008116644,14.576304060134442,14.560480952741912,14.66448520029488,16.93909838724201,16.75344055118822,17.338947185121675
L2 Lyapunov (mid),3.0,179.59722222222223,clock10ms,base,1.0,0.0,0.0,0.01,0.0,0.0,14.737939564733384,14.738398961116188,1.072698737029532,12.815970700349052,12.823857139677342,13.013108008116644,14.56576345879221,14.549709047910342,14.66448520029488,16.939298369933155,16.73598647850907,17.338947185121675
L2 Lyapunov (mid),3.0,179.59722222222223,srp_am0.005,base,1.0,0.0,0.0,0.0,0.0015,0.0,14.737939564733384,14.738734905231428,1.0496541044620133,13.071505640514536,13.049038069769395,13.013108008116644,14.824434626338638,14.777897176693845,14.66448520029488,16.956257943013636,16.812625960279075,17.338947185121675
L2 Lyapunov (mid),3.0,179.59722222222223,srp_am0.01,base,1.0,0.0,0.0,0.0,0.003,0.0,14.737939564733384,14.74112067065289,1.049766200601302,13.07463809191728,13.035076676954665,13.013108008116644,14.826993131694584,14.768162017773163,14.66448520029488,16.95745824597434,16.820833207133294,17.338947185121675
L2 Lyapunov (mid),3.0,179.59722222222223,srp_am0.02,base,1.0,0.0,0.0,0.0,0.006,0.0,14.737939564733384,14.750659894525597,1.0501969616969018,13.069667360341558,13.017751913223657,13.013108008116644,14.786419857905704,14.769267383380338,14.66448520029488,16.903093142231526,16.801140264593446,17.338947185121675
L2 Lyapunov (mid),3.0,179.59722222222223,srp_am0.05,base,1.0,0.0,0.0,0.0,0.015,0.0,14.737939564733384,14.817263429944203,1.053184618550477,12.86083846246106,12.838586311832092,13.013108008116644,14.624454288013377,14.573281438529932,14.66448520029488,16.852352174759684,16.758933796569735,17.338947185121675
L2 Lyapunov (mid),3.0,179.59722222222223,nosrp_am0.01,base,1.0,0.0,0.0,0.0,0.0,0.01,14.737939564733384,14.737939564733384,1.1835350150424206,12.935878468203322,12.832109339955789,13.013108008116644,14.53605926705756,14.369114831227321,14.66448520029488,17.352365072665677,16.039700275330336,17.338947185121675
L2 Lyapunov (mid),3.0,179.59722222222223,nosrp_am0.05,base,1.0,0.0,0.0,0.0,0.0,0.05,14.737939564733384,14.737939564733384,1.183539044524632,12.872466023160838,12.263197067876034,13.013108008116644,14.31071974599983,13.72517683611638,14.66448520029488,16.675403403626515,15.189652454419122,17.338947185121675
L2 Lyapunov (mid),3.0,179.59722222222223,nominal,base,1.0,0.1,0.0,0.001,0.003,0.0,14.737939564733384,16.234202506173652,1.0700592915059843,12.95582874087222,12.925260289924411,13.013108008116644,14.697498888944828,14.645192952471852,14.66448520029488,16.88362999086002,16.758953843154888,17.338947185121675
L2 Lyapunov (mid),3.0,179.59722222222223,conservative,base,1.0,0.5,0.1,0.01,0.015,0.0,14.737939564733384,37.09326499109076,1.4720185110463142,11.870773302645842,11.838505202397707,13.013108008116644,13.49200235745444,13.493919892755882,14.66448520029488,15.095034583996277,15.091167129653433,17.338947185121675
L2 Lyapunov (mid),3.0,179.59722222222223,nominal_0.3,base_0.3,0.3,0.1,0.0,0.001,0.003,0.0,4.421382173535048,8.117505797070605,0.3757789258273536,13.98397517634544,13.92613473042748,14.77648659436547,15.812350814811717,15.805067097290435,16.612982678013644,18.408670261046208,18.250269943114912,20.443833470606954
L2 Lyapunov (mid),3.0,179.59722222222223,conservative_0.3,base_0.3,0.3,0.5,0.1,0.01,0.015,0.0,4.421382173535048,34.32595332566685,1.0914107156233792,11.993575318287402,11.945933227641946,14.77648659436547,13.634394912933578,13.605289152306351,16.612982678013644,15.178822876103368,15.16778456149908,20.443833470606954
L2 Lyapunov (mid),7.0,179.59722222222223,base,base,1.0,0.0,0.0,0.0,0.0,0.0,3.8761519680331356,3.8761519680331444,0.9947201522837811,13.832838070532324,13.849952086370454,14.136508045537624,15.637630430222247,15.618807366131454,15.91889579011185,18.616277804651276,18.66097948062798,19.061516095321704
L2 Lyapunov (mid),7.0,179.59722222222223,base_0.3,base_0.3,0.3,0.0,0.0,0.0,0.0,0.0,1.1628455939654416,1.1628455939654376,0.2984181541407174,15.707875311189717,15.72829362436593,16.03651627797422,17.632719458165123,17.616158445688935,18.218898719392154,23.992710337964642,23.801529396761637,23.447318117569502
L2 Lyapunov (mid),7.0,179.59722222222223,bias0.05,base,1.0,0.05,0.0,0.0,0.0,0.0,3.8761519680331356,3.8906937201705705,0.9937267516660727,13.827937009166876,13.845004389380144,14.136508045537624,15.63277458403758,15.61408720551318,15.91889579011185,18.59354106112547,18.639293468867887,19.061516095321704
L2 Lyapunov (mid),7.0,179.59722222222223,bias0.1,base,1.0,0.1,0.0,0.0,0.0,0.0,3.8761519680331356,3.934009708004392,0.9909186479076745,13.813288371734423,13.830220587597987,14.136508045537624,15.618184326604457,15.599892140996342,15.91889579011185,18.525668297521257,18.57347130306499,19.061516095321704
L2 Lyapunov (mid),7.0,179.59722222222223,bias0.2,base,1.0,0.2,0.0,0.0,0.0,0.0,3.8761519680331356,4.102873262002447,1.0212513443372402,13.756431254046364,13.772879427939737,14.136508045537624,15.560711133900515,15.543845581432302,15.91889579011185,18.35590458239627,18.368307467379864,19.061516095321704
L2 Lyapunov (mid),7.0,179.59722222222223,bias0.5,base,1.0,0.5,0.0,0.0,0.0,0.0,3.8761519680331356,5.135154757186885,1.303414584597493,13.44759773946731,13.460590399199354,14.136508045537624,15.235053086759411,15.224386999842393,15.91889579011185,18.010365991756267,17.982627446002283,19.061516095321704
L2 Lyapunov (mid),7.0,179.59722222222223,common0.1,base,1.0,0.0,0.1,0.0,0.0,0.0,3.8761519680331356,3.876232624835174,1.003718472354277,13.84043850261824,13.857546339841434,14.136508045537624,15.652730221340166,15.633864510858343,15.91889579011185,18.559782959310056,18.614527910672464,19.061516095321704
L2 Lyapunov (mid),7.0,179.59722222222223,common0.5,base,1.0,0.0,0.5,0.0,0.0,0.0,3.8761519680331356,3.8781919523393102,1.5792200520672657,13.917989278146814,13.913608545262333,14.136508045537624,15.793224464127276,15.773373350244036,15.91889579011185,18.43716255909745,18.486433436668964,19.061516095321704
L2 Lyapunov (mid),7.0,179.59722222222223,clock10ms,base,1.0,0.0,0.0,0.01,0.0,0.0,3.8761519680331356,3.8762096200700134,0.9947109600552783,13.832819713508997,13.84993356564403,14.136508045537624,15.637614510010435,15.618791941681263,15.91889579011185,18.61617943584846,18.66088649751137,19.061516095321704
L2 Lyapunov (mid),7.0,179.59722222222223,srp_am0.005,base,1.0,0.0,0.0,0.0,0.0015,0.0,3.8761519680331356,3.8889288879380763,0.9752901050124168,14.15034480447664,14.10064527125724,14.136508045537624,16.00031505680034,15.964201080994231,15.91889579011185,18.512492211612557,18.552451873831767,19.061516095321704
L2 Lyapunov (mid),7.0,179.59722222222223,srp_am0.01,base,1.0,0.0,0.0,0.0,0.003,0.0,3.8761519680331356,3.927038810044632,0.9783784365732249,14.100090498736781,14.065092871887577,14.136508045537624,15.953078714475902,15.91705020357253,15.91889579011185,18.466304290873715,18.487270241889423,19.061516095321704
L2 Lyapunov (mid),7.0,179.59722222222223,srp_am0.02,base,1.0,0.0,0.0,0.0,0.006,0.0,3.8761519680331356,4.076290778483059,0.988193816980506,13.93404929376176,13.922532193722331,14.136508045537624,15.78838957202814,15.738168772220975,15.91889579011185,18.270372904947692,18.241880274983277,19.061516095321704
L2 Lyapunov (mid),7.0,179.59722222222223,srp_am0.05,base,1.0,0.0,0.0,0.0,0.015,0.0,3.8761519680331356,5.006053665076905,1.010444243754421,13.31666200584263,13.264927354520788,14.136508045537624,15.090182768685088,15.059782948248408,15.91889579011185,17.020768167884942,17.031716168568128,19.061516095321704
L2 Lyapunov (mid),7.0,179.59722222222223,nosrp_am0.01,base,1.0,0.0,0.0,0.0,0.0,0.01,3.8761519680331356,3.8761519680331444,0.9937546298839687,14.061494748053905,13.710224203241884,14.136508045537624,15.79669564878832,15.370504719908864,15.91889579011185,18.832540360951988,19.982373135973766,19.061516095321704
L2 Lyapunov (mid),7.0,179.59722222222223,nosrp_am0.05,base,1.0,0.0,0.0,0.0,0.0,0.05,3.8761519680331356,3.8761519680331444,0.9937925626036356,13.889172224012261,12.627053345827514,14.136508045537624,15.291508879166324,14.133979423916198,15.91889579011185,17.58937582969976,15.77816611240193,19.061516095321704
L2 Lyapunov (mid),7.0,179.59722222222223,nominal,base,1.0,0.1,0.0,0.001,0.003,0.0,3.8761519680331356,3.984200411104855,0.9939928046116989,14.080832855244505,14.045012672849547,14.136508045537624,15.935114963592177,15.898745791845657,15.91889579011185,18.437634653271008,18.45026014169478,19.061516095321704
L2 Lyapunov (mid),7.0,179.59722222222223,conservative,base,1.0,0.5,0.1,0.01,0.015,0.0,3.8761519680331356,6.03760151126587,1.2916001470979088,13.191023018595324,13.154431949202607,14.136508045537624,14.986139327851367,14.944204337344592,15.91889579011185,16.916026138884742,16.938665573511145,19.061516095321704
L2 Lyapunov (mid),7.0,179.59722222222223,nominal_0.3,base_0.3,0.3,0.1,0.0,0.001,0.003,0.0,1.1628455939654416,1.4853827811909488,0.3397616129738893,15.392792374892473,15.354036116369953,16.03651627797422,17.375955983246673,17.31695660650668,18.218898719392154,21.9923781710538,21.569506519997947,23.447318117569502
L2 Lyapunov (mid),7.0,179.59722222222223,conservative_0.3,base_0.3,0.3,0.5,0.1,0.01,0.015,0.0,1.1628455939654416,4.786384788680586,0.8706862016229638,13.3813005009577,13.384290908259208,16.03651627797422,15.20758037672753,15.162354309763641,18.218898719392154,17.321358782121262,17.225583582953423,23.447318117569502
L2 Lyapunov (mid),1.0,208.93055555555554,base,base,1.0,0.0,0.0,0.0,0.0,0.0,233.05307759307465,233.05307759307465,2.731221936222154,9.720008668169715,9.769148331061157,9.663248989692342,12.009101406393814,12.050289525779185,12.058390833782619,12.739239722071199,12.718140248697745,13.886029523926082
L2 Lyapunov (mid),1.0,208.93055555555554,base_0.3,base_0.3,0.3,0.0,0.0,0.0,0.0,0.0,69.9162890545265,69.9162890545265,0.819917836796552,12.094575164552984,12.112091885523697,12.07152600494481,13.705892541944415,13.707887135027043,13.596704748888275,14.908055682857631,14.879909811158816,15.802282513491205
L2 Lyapunov (mid),1.0,208.93055555555554,bias0.05,base,1.0,0.05,0.0,0.0,0.0,0.0,233.05307759307465,234.09969010522192,2.7455948732965436,9.702331642129689,9.750754090209645,9.663248989692342,12.002364797321327,12.04341952283112,12.058390833782619,12.725302663802061,12.703905497244211,13.886029523926082
L2 Lyapunov (mid),1.0,208.93055555555554,bias0.1,base,1.0,0.1,0.0,0.0,0.0,0.0,233.05307759307465,237.21182281493714,2.7882979315417202,9.650777133775316,9.697126195836653,9.663248989692342,11.982456127941019,12.022992161860872,12.058390833782619,12.683380547675696,12.66175711833264,13.886029523926082
L2 Lyapunov (mid),1.0,208.93055555555554,bias0.2,base,1.0,0.2,0.0,0.0,0.0,0.0,233.05307759307465,249.27211467351307,2.9532342295514384,9.457636082043747,9.502756281375056,9.663248989692342,11.906898803888703,11.94400154911007,12.058390833782619,12.647526196886112,12.634177161661908,13.886029523926082
L2 Lyapunov (mid),1.0,208.93055555555554,bias0.5,base,1.0,0.5,0.0,0.0,0.0,0.0,233.05307759307465,321.2578580581618,3.9170292872854597,8.330032693163849,8.361173654340172,9.663248989692342,11.411614328082377,11.398390655426809,12.058390833782619,12.58847803460247,12.55750199319681,13.886029523926082
L2 Lyapunov (mid),1.0,208.93055555555554,common0.1,base,1.0,0.0,0.1,0.0,0.0,0.0,233.05307759307465,233.0534201009315,2.757542642099308,9.724561452423151,9.774254620355824,9.663248989692342,12.00779156732908,12.048840045373728,12.058390833782619,12.751411491360928,12.72977805150365,13.886029523926082
L2 Lyapunov (mid),1.0,208.93055555555554,common0.5,base,1.0,0.0,0.5,0.0,0.0,0.0,233.05307759307465,233.06164030458532,2.9943389662581703,9.802186250279265,9.857949417665568,9.663248989692342,11.994957783243084,12.033062514650956,12.058390833782619,12.853508103406426,12.827564722076698,13.886029523926082
L2 Lyapunov (mid),1.0,208.93055555555554,clock10ms,base,1.0,0.0,0.0,0.01,0.0,0.0,233.05307759307465,233.05351164940785,2.7312547781077408,9.719984515416586,9.769131560812946,9.663248989692342,12.009108255560252,12.050302098008737,12.058390833782619,12.739170927697867,12.718069581395255,13.886029523926082
L2 Lyapunov (mid),1.0,208.93055555555554,srp_am0.005,base,1.0,0.0,0.0,0.0,0.0015,0.0,233.05307759307465,233.05308947171892,3.1055790267615873,9.838389759971099,9.967194811006731,9.663248989692342,11.98584539185518,12.052901894633193,12.058390833782619,12.62920604297192,12.613854625640231,13.886029523926082
L2 Lyapunov (mid),1.0,208.93055555555554,srp_am0.01,base,1.0,0.0,0.0,0.0,0.003,0.0,233.05307759307465,233.053125107648,3.105579012463853,9.839004270417128,9.967797801674498,9.663248989692342,11.986256041685342,12.05338732856138,12.058390833782619,12.629574666609834,12.614194645717832,13.886029523926082
L2 Lyapunov (mid),1.0,208.93055555555554,srp_am0.02,base,1.0,0.0,0.0,0.0,0.006,0.0,233.05307759307465,233.0532676513098,3.1055805477804115,9.840420520469406,9.969158286368826,9.663248989692342,11.98697277610849,12.054219576492384,12.058390833782619,12.630410344138175,12.614961333654652,13.886029523926082
L2 Lyapunov (mid),1.0,208.93055555555554,srp_am0.05,base,1.0,0.0,0.0,0.0,0.015,0.0,233.05307759307465,233.0542654545011,3.1055912520819984,9.845946465736535,9.97427173272962,9.663248989692342,11.988236559727836,12.055551829067529,12.058390833782619,12.631677431051687,12.616198609357776,13.886029523926082
L2 Lyapunov (mid),1.0,208.93055555555554,nosrp_am0.01,base,1.0,0.0,0.0,0.0,0.0,0.01,233.05307759307465,233.05307759307465,3.06553100890507,9.620549651250244,9.756957978931617,9.663248989692342,11.946900638951231,12.030335986218615,12.058390833782619,12.680531877187475,12.649091076512386,13.886029523926082
L2 Lyapunov (mid),1.0,208.93055555555554,nosrp_am0.05,base,1.0,0.0,0.0,0.0,0.0,0.05,233.05307759307465,233.05307759307465,3.0655572483816913,9.656887974152392,9.947887444697487,9.663248989692342,11.955646232346247,12.079576501258842,12.058390833782619,12.658978559301714,12.62740653969965,13.886029523926082
L2 Lyapunov (mid),1.0,208.93055555555554,nominal,base,1.0,0.1,0.0,0.001,0.003,0.0,233.05307759307465,237.21187376097555,3.1729796264642034,9.77965946731046,9.903352011056038,9.663248989692342,11.964226013370569,12.030055847615067,12.058390833782619,12.61558401562725,12.60101894081904,13.886029523926082
L2 Lyapunov (mid),1.0,208.93055555555554,conservative,base,1.0,0.5,0.1,0.01,0.015,0.0,233.05307759307465,321.2592829007522,4.515302403068285,8.132990806792478,8.223652212029592,9.663248989692342,11.402660796126579,11.396151949712378,12.058390833782619,12.592732921494314,12.561968876691056,13.886029523926082
L2 Lyapunov (mid),1.0,208.93055555555554,nominal_0.3,base_0.3,0.3,0.1,0.0,0.001,0.003,0.0,69.9162890545265,82.72887204660414,1.1358282906894248,11.788978829412137,11.827930475411602,12.07152600494481,13.345368717479305,13.302177241433178,13.596704748888275,14.293051204062818,14.262857602763937,15.802282513491205
L2 Lyapunov (mid),1.0,208.93055555555554,conservative_0.3,base_0.3,0.3,0.5,0.1,0.01,0.015,0.0,69.9162890545265,231.91200350337965,3.4104853702300377,9.388478320990016,9.404548446243266,12.07152600494481,11.870952912518348,11.887396275358519,13.596704748888275,12.608943624430806,12.586566045703027,15.802282513491205
L2 Lyapunov (mid),3.0,208.93055555555554,base,base,1.0,0.0,0.0,0.0,0.0,0.0,32.72251631200868,32.72251631200867,1.0452975377986617,12.822747116472764,12.807706794380529,12.718915646343003,14.336811174329128,14.354672216815164,14.24485314549042,16.080937296338043,15.967142227499533,16.329155779189087
L2 Lyapunov (mid),3.0,208.93055555555554,base_0.3,base_0.3,0.3,0.0,0.0,0.0,0.0,0.0,9.816759297599674,9.81675929759967,0.3135409353700738,14.434144733549696,14.421887558704407,14.347394403196155,16.11119879650435,16.136434493592745,16.041788718400174,18.579533108907665,18.82016910264414,18.178565091103355
L2 Lyapunov (mid),3.0,208.93055555555554,bias0.05,base,1.0,0.05,0.0,0.0,0.0,0.0,32.72251631200868,33.186053778525164,1.0519576739532377,12.811552870778312,12.796193727062116,12.718915646343003,14.321521999546514,14.338231674645261,14.24485314549042,16.071639645518815,15.956478879744127,16.329155779189087
L2 Lyapunov (mid),3.0,208.93055555555554,bias0.1,base,1.0,0.1,0.0,0.0,0.0,0.0,32.72251631200868,34.53936511760437,1.0715306701224687,12.777260045661826,12.763280909836537,12.718915646343003,14.277680862681963,14.291472341865724,14.24485314549042,16.044130195762357,15.923643914330833,16.329155779189087
L2 Lyapunov (mid),3.0,208.93055555555554,bias0.2,base,1.0,0.2,0.0,0.0,0.0,0.0,32.72251631200868,39.491583501599,1.1445382513787787,12.618125739788855,12.63928257810918,12.718915646343003,14.12300353711364,14.131988405938873,14.24485314549042,15.817428665986254,15.67663754514286,16.329155779189087
L2 Lyapunov (mid),3.0,208.93055555555554,bias0.5,base,1.0,0.5,0.0,0.0,0.0,0.0,32.72251631200868,64.23351452579595,1.5440395191584098,11.89880313973374,11.90152493844896,12.718915646343003,13.561807366201492,13.534911040758768,14.24485314549042,14.72983151495774,14.687882469483919,16.329155779189087
L2 Lyapunov (mid),3.0,208.93055555555554,common0.1,base,1.0,0.0,0.1,0.0,0.0,0.0,32.72251631200868,32.72255205750258,1.086740171683941,12.829337931914779,12.811277868781426,12.718915646343003,14.334214914969778,14.345866776386856,14.24485314549042,16.044634137101593,15.939493533956806,16.329155779189087
L2 Lyapunov (mid),3.0,208.93055555555554,common0.5,base,1.0,0.0,0.5,0.0,0.0,0.0,32.72251631200868,32.723410790261624,1.8883444857701521,12.830756331898236,12.844486844993403,12.718915646343003,14.309028123848424,14.315900980407589,14.24485314549042,15.991052001875726,15.888039480153704,16.329155779189087
L2 Lyapunov (mid),3.0,208.93055555555554,clock10ms,base,1.0,0.0,0.0,0.01,0.0,0.0,32.72251631200868,32.72270947651904,1.045338372068527,12.822710049183073,12.807671287239117,12.718915646343003,14.33678300009283,14.354631649987336,14.24485314549042,16.081174138740625,15.967296827306956,16.329155779189087
L2 Lyapunov (mid),3.0,208.93055555555554,srp_am0.005,base,1.0,0.0,0.0,0.0,0.0015,0.0,32.72251631200868,32.722873006766974,1.0080436355108913,12.772217007863302,12.754264943564246,12.718915646343003,14.200816262945667,14.163025457773665,14.24485314549042,15.942944302900464,15.675098705471148,16.329155779189087
L2 Lyapunov (mid),3.0,208.93055555555554,srp_am0.01,base,1.0,0.0,0.0,0.0,0.003,0.0,32.72251631200868,32.72394306771399,1.0080436758268705,12.777604871154862,12.75761533510563,12.718915646343003,14.207507820548344,14.169325172991101,14.24485314549042,15.802987477517368,15.626501737549404,16.329155779189087
L2 Lyapunov (mid),3.0,208.93055555555554,srp_am0.02,base,1.0,0.0,0.0,0.0,0.006,0.0,32.72251631200868,32.72822296164504,1.0080436355108913,12.785703904755415,12.760964869344491,12.718915646343003,14.222604809975547,14.183483540926359,14.24485314549042,15.809296898585036,15.648455338435559,16.329155779189087
L2 Lyapunov (mid),3.0,208.93055555555554,srp_am0.05,base,1.0,0.0,0.0,0.0,0.015,0.0,32.72251631200868,32.75816656245768,1.008076241321856,12.766005530971993,12.72879767357683,12.718915646343003,14.151298604629329,14.11310630750828,14.24485314549042,15.538217161421088,15.384137599001473,16.329155779189087
L2 Lyapunov (mid),3.0,208.93055555555554,nosrp_am0.01,base,1.0,0.0,0.0,0.0,0.0,0.01,32.72251631200868,32.72251631200867,1.1510453262328748,12.733368432669886,12.776078628792117,12.718915646343003,14.257841500698023,14.178227677347497,14.24485314549042,15.957892043500951,15.593005440123854,16.329155779189087
L2 Lyapunov (mid),3.0,208.93055555555554,nosrp_am0.05,base,1.0,0.0,0.0,0.0,0.0,0.05,32.72251631200868,32.72251631200867,1.1510536144545205,12.718913079339947,12.431188976482995,12.718915646343003,14.125352477364569,13.800461885804012,14.24485314549042,15.244614104904974,14.988077158023842,16.329155779189087
L2 Lyapunov (mid),3.0,208.93055555555554,nominal,base,1.0,0.1,0.0,0.001,0.003,0.0,32.72251631200868,34.54071865429024,1.0370314574359223,12.726435008003733,12.702915579507893,12.718915646343003,14.153266729927129,14.113405993879073,14.24485314549042,15.680521491997306,15.404362960066805,16.329155779189087
L2 Lyapunov (mid),3.0,208.93055555555554,conservative,base,1.0,0.5,0.1,0.01,0.015,0.0,32.72251631200868,64.25179994123327,1.60359684851922,11.943064870018329,11.912788091532681,12.718915646343003,13.412907437094239,13.366364202431475,14.24485314549042,14.353884438441275,14.320097410394371,16.329155779189087
L2 Lyapunov (mid),3.0,208.93055555555554,nominal_0.3,base_0.3,0.3,0.1,0.0,0.001,0.003,0.0,9.816759297599674,14.78746109445278,0.38869195319845284,13.947426020669553,13.92242163487786,14.347394403196155,15.512767790571358,15.45642919184935,16.041788718400174,17.87436492767648,17.757472735184795,18.178565091103355
L2 Lyapunov (mid),3.0,208.93055555555554,conservative_0.3,base_0.3,0.3,0.5,0.1,0.01,0.015,0.0,9.816759297599674,56.15984529496324,1.2830881660220483,12.174557010647579,12.1471432446266,14.347394403196155,13.648172362949532,13.5957771321539,16.041788718400174,14.78644344420721,14.721110925353525,18.178565091103355
L2 Lyapunov (mid),7.0,208.93055555555554,base,base,1.0,0.0,0.0,0.0,0.0,0.0,2.2069625480389816,2.206962548038985,0.7014438052433767,15.819811448183138,15.840457518155203,15.568646469642836,17.586762885305305,17.615106447001047,17.38109855752202,21.55165001678446,21.498036884936894,20.87843457324543
L2 Lyapunov (mid),7.0,208.93055555555554,base_0.3,base_0.3,0.3,0.0,0.0,0.0,0.0,0.0,0.6620887645044963,0.6620887645044969,0.21041554813681995,17.77654249375099,17.78579095366781,17.49775532200529,21.364636609068803,21.369944122052015,20.706416787465983,26.462263859663924,26.24280097792829,25.0463926781485
L2 Lyapunov (mid),7.0,208.93055555555554,bias0.05,base,1.0,0.05,0.0,0.0,0.0,0.0,2.2069625480389816,2.216565161258702,0.7053388845963962,15.810834651469065,15.831139132370907,15.568646469642836,17.577492247903923,17.604633263260965,17.38109855752202,21.53081694443521,21.475559614166805,20.87843457324543
L2 Lyapunov (mid),7.0,208.93055555555554,bias0.1,base,1.0,0.1,0.0,0.0,0.0,0.0,2.2069625480389816,2.2451328651886313,0.7179368676852407,15.784885655746745,15.804349094930227,15.568646469642836,17.550848093223358,17.574475162309422,17.38109855752202,21.468954233631337,21.402283853013802,20.87843457324543
L2 Lyapunov (mid),7.0,208.93055555555554,bias0.2,base,1.0,0.2,0.0,0.0,0.0,0.0,2.2069625480389816,2.356021571306846,0.7863890148511649,15.6922929464217,15.710246691818178,15.568646469642836,17.456612225081685,17.467935996392217,17.38109855752202,21.213882585482626,21.11490171160209,20.87843457324543
L2 Lyapunov (mid),7.0,208.93055555555554,bias0.5,base,1.0,0.5,0.0,0.0,0.0,0.0,2.2069625480389816,3.021863181847532,1.1296862143613542,15.269694457657515,15.283327435895327,15.568646469642836,17.00652020914589,17.013352652566443,17.38109855752202,19.970581151473098,19.855780465728845,20.87843457324543
L2 Lyapunov (mid),7.0,208.93055555555554,common0.1,base,1.0,0.0,0.1,0.0,0.0,0.0,2.2069625480389816,2.211803470268419,0.7515302309424664,15.82051819911463,15.835635074536205,15.568646469642836,17.586666759173976,17.612268036307288,17.38109855752202,21.584991104263526,21.521782616025934,20.87843457324543
L2 Lyapunov (mid),7.0,208.93055555555554,common0.5,base,1.0,0.0,0.5,0.0,0.0,0.0,2.2069625480389816,2.344991707551296,1.5386760107805009,15.570692655614588,15.571206599698986,15.568646469642836,17.414944659661376,17.42017326917656,17.38109855752202,20.5265658175185,20.52420602443184,20.87843457324543
L2 Lyapunov (mid),7.0,208.93055555555554,clock10ms,base,1.0,0.0,0.0,0.01,0.0,0.0,2.2069625480389816,2.2070115776909356,0.701471064853558,15.819770862762569,15.840413846569204,15.568646469642836,17.586719323112867,17.615058841683403,17.38109855752202,21.55154693072137,21.49792565684701,20.87843457324543
L2 Lyapunov (mid),7.0,208.93055555555554,srp_am0.005,base,1.0,0.0,0.0,0.0,0.0015,0.0,2.2069625480389816,2.2800072886887883,0.6731236228049271,15.423310028273155,15.428078743806497,15.568646469642836,17.256452939666662,17.276542360131494,17.38109855752202,21.26443494663457,21.243866172178116,20.87843457324543
L2 Lyapunov (mid),7.0,208.93055555555554,srp_am0.01,base,1.0,0.0,0.0,0.0,0.003,0.0,2.2069625480389816,2.4886709346752838,0.6790283159014654,15.166646377154848,15.163652131681635,15.568646469642836,16.9512873883156,16.915017566813752,17.38109855752202,20.102837563896358,20.16992726286158,20.87843457324543
L2 Lyapunov (mid),7.0,208.93055555555554,srp_am0.02,base,1.0,0.0,0.0,0.0,0.006,0.0,2.2069625480389816,3.202893938745482,0.7075831505479604,14.553776603096189,14.586118627695724,15.568646469642836,16.290453696630117,16.231024089671788,17.38109855752202,19.010116777470678,19.080775171631867,20.87843457324543
L2 Lyapunov (mid),7.0,208.93055555555554,srp_am0.05,base,1.0,0.0,0.0,0.0,0.015,0.0,2.2069625480389816,6.262082894843754,0.7981319335080799,13.456644069866663,13.482007971912926,15.568646469642836,15.101670781049416,15.046048536724053,17.38109855752202,16.75349003838996,16.629431724851447,20.87843457324543
L2 Lyapunov (mid),7.0,208.93055555555554,nosrp_am0.01,base,1.0,0.0,0.0,0.0,0.0,0.01,2.2069625480389816,2.206962548038985,0.7996012144080606,15.3399953556487,14.501369244547977,15.568646469642836,16.992429554362037,16.12091839021747,17.38109855752202,19.75364311137501,19.984529781656743,20.87843457324543
L2 Lyapunov (mid),7.0,208.93055555555554,nosrp_am0.05,base,1.0,0.0,0.0,0.0,0.0,0.05,2.2069625480389816,2.206962548038985,0.7996425694670506,14.874125960060587,12.951096272928508,15.568646469642836,16.259340013723996,14.358832379290767,17.38109855752202,21.030482402625395,15.762773929651777,20.87843457324543
L2 Lyapunov (mid),7.0,208.93055555555554,nominal,base,1.0,0.1,0.0,0.001,0.003,0.0,2.2069625480389816,2.5227670354772975,0.6890112974654737,15.156207142674425,15.148343387161157,15.568646469642836,16.937102919113816,16.90498686115465,17.38109855752202,20.063196040182554,20.126673460276386,20.87843457324543
L2 Lyapunov (mid),7.0,208.93055555555554,conservative,base,1.0,0.5,0.1,0.01,0.015,0.0,2.2069625480389816,6.59132160068581,1.2376761484078855,13.443605982364463,13.458015815541188,15.568646469642836,15.064789058272606,15.01003154069101,17.38109855752202,16.74847962115523,16.61112685575603,20.87843457324543
L2 Lyapunov (mid),7.0,208.93055555555554,nominal_0.3,base_0.3,0.3,0.1,0.0,0.001,0.003,0.0,0.6620887645044963,1.4045307713065167,0.28632758528802515,15.708928174924955,15.71916661539813,17.49775532200529,17.563753066393268,17.52705208982128,20.706416787465983,22.00679878991307,21.377405622899435,25.0463926781485
L2 Lyapunov (mid),7.0,208.93055555555554,conservative_0.3,base_0.3,0.3,0.5,0.1,0.01,0.015,0.0,0.6620887645044963,6.260935234291682,0.9963314839611647,13.477505521842112,13.494406253560314,17.49775532200529,15.132755024717289,15.089145080941622,20.706416787465983,16.82727559067084,16.694603460617596,25.0463926781485
L2 Lyapunov (mid),1.0,237.94444444444446,base,base,1.0,0.0,0.0,0.0,0.0,0.0,853.1574732424921,853.1574732424918,9.391722245261253,2.4558216505036845,2.4541375094161464,2.348083954219672,3.829624022147315,3.8210237332885097,3.6946928928054286,7.1010006213208925,7.279672457419519,6.210249792631125
L2 Lyapunov (mid),1.0,237.94444444444446,base_0.3,base_0.3,0.3,0.0,0.0,0.0,0.0,0.0,255.95637826615288,255.95637826615288,2.810049651118895,3.910534092532078,3.896985059812692,3.7727420236868348,6.7124633929912445,6.720036381026731,5.757975983414389,12.574614226205759,12.568763103876206,10.958429767874021
L2 Lyapunov (mid),1.0,237.94444444444446,bias0.05,base,1.0,0.05,0.0,0.0,0.0,0.0,853.1574732424921,853.1831391664538,9.393175221235747,2.4571771182726656,2.4532817329568135,2.348083954219672,3.830206618866821,3.8235425946115855,3.6946928928054286,7.097412253682221,7.274748450461169,6.210249792631125
L2 Lyapunov (mid),1.0,237.94444444444446,bias0.1,base,1.0,0.1,0.0,0.0,0.0,0.0,853.1574732424921,853.260132309004,9.397498452873581,2.4608111337336394,2.450914828942028,2.348083954219672,3.8286538384131146,3.830516924947816,3.6946928928054286,7.087753068781093,7.261303097149443,6.210249792631125
L2 Lyapunov (mid),1.0,237.94444444444446,bias0.2,base,1.0,0.2,0.0,0.0,0.0,0.0,853.1574732424921,853.568035472539,9.41424981257919,2.455685784929918,2.4438953677584028,2.348083954219672,3.8163485900461334,3.826112854663559,3.6946928928054286,7.062357293092025,7.2234414653067125,6.210249792631125
L2 Lyapunov (mid),1.0,237.94444444444446,bias0.5,base,1.0,0.5,0.0,0.0,0.0,0.0,853.1574732424921,855.7202574121412,9.513218895679515,2.481410082008093,2.494833310938897,2.348083954219672,3.8379872473347825,3.8495337212849314,3.6946928928054286,6.905218235970461,7.00670430211385,6.210249792631125
L2 Lyapunov (mid),1.0,237.94444444444446,common0.1,base,1.0,0.0,0.1,0.0,0.0,0.0,853.1574732424921,853.1574927413266,9.398668198839314,2.460302489927947,2.4512191907786396,2.348083954219672,3.829266817217055,3.829397631444447,3.6946928928054286,7.089459970928829,7.263699311637486,6.210249792631125
L2 Lyapunov (mid),1.0,237.94444444444446,common0.5,base,1.0,0.0,0.5,0.0,0.0,0.0,853.1574732424921,853.1579607139836,9.544389729532048,2.490738856083692,2.5034313145785045,2.348083954219672,3.833633588381069,3.844940515214452,3.6946928928054286,6.821746078606998,6.9223398363779065,6.210249792631125
L2 Lyapunov (mid),1.0,237.94444444444446,clock10ms,base,1.0,0.0,0.0,0.01,0.0,0.0,853.1574732424921,853.1575501905015,9.39173022869197,2.4558303934467625,2.4541203344014964,2.348083954219672,3.8296405013765966,3.821041962520163,3.6946928928054286,7.100979692884458,7.279641005587601,6.210249792631125
L2 Lyapunov (mid),1.0,237.94444444444446,srp_am0.005,base,1.0,0.0,0.0,0.0,0.0015,0.0,853.1574732424921,853.1574740876637,9.028673165231055,2.356345297680128,2.3554651540234515,2.348083954219672,3.6602302443879906,3.674202703172922,3.6946928928054286,6.28925180712721,6.290685214531167,6.210249792631125
L2 Lyapunov (mid),1.0,237.94444444444446,srp_am0.01,base,1.0,0.0,0.0,0.0,0.003,0.0,853.1574732424921,853.1574766231788,9.028672652463962,2.356330849408707,2.355451117536476,2.348083954219672,3.660233923270182,3.674206133692341,3.6946928928054286,6.2894596067134785,6.290910804141527,6.210249792631125
L2 Lyapunov (mid),1.0,237.94444444444446,srp_am0.02,base,1.0,0.0,0.0,0.0,0.006,0.0,853.1574732424921,853.1574867652394,9.028672647266166,2.3563019093970334,2.355423110069722,2.348083954219672,3.660241195034599,3.674212901231922,3.6946928928054286,6.2898710580178845,6.291357296128303,6.210249792631125
L2 Lyapunov (mid),1.0,237.94444444444446,srp_am0.05,base,1.0,0.0,0.0,0.0,0.015,0.0,853.1574732424921,853.1575577596602,9.028674211556337,2.3562148004443744,2.3553396633493726,2.348083954219672,3.6602623133066183,3.674232447657446,3.6946928928054286,6.2910713800936975,6.292658337140205,6.210249792631125
L2 Lyapunov (mid),1.0,237.94444444444446,nosrp_am0.01,base,1.0,0.0,0.0,0.0,0.0,0.01,853.1574732424921,853.1574732424918,9.519991044938305,2.2882622027731774,2.291403854863819,2.348083954219672,3.552893701123319,3.5532505207237994,3.6946928928054286,6.688689899820961,6.65080318025527,6.210249792631125
L2 Lyapunov (mid),1.0,237.94444444444446,nosrp_am0.05,base,1.0,0.0,0.0,0.0,0.0,0.05,853.1574732424921,853.1574732424918,9.520029911920485,2.2881323184954883,2.290257844157796,2.348083954219672,3.5523490124496857,3.5510011445058587,3.6946928928054286,6.6936662299197325,6.667096087026598,6.210249792631125
L2 Lyapunov (mid),1.0,237.94444444444446,nominal,base,1.0,0.1,0.0,0.001,0.003,0.0,853.1574732424921,853.2601364586716,9.024709220547514,2.3621614141504312,2.349808228718128,2.348083954219672,3.6691093955625464,3.68263128155661,3.6946928928054286,6.336081681678208,6.3420465028747035,6.210249792631125
L2 Lyapunov (mid),1.0,237.94444444444446,conservative,base,1.0,0.5,0.1,0.01,0.015,0.0,853.1574732424921,855.7204378374797,9.189137950719571,2.3382242839505993,2.3436824094955484,2.348083954219672,3.620758358598589,3.625875048792798,3.6946928928054286,6.512033663305041,6.571949724395363,6.210249792631125
L2 Lyapunov (mid),1.0,237.94444444444446,nominal_0.3,base_0.3,0.3,0.1,0.0,0.001,0.003,0.0,255.95637826615288,256.2984475997102,2.69092411238769,3.7834899409849028,3.768897875935546,3.7727420236868348,5.834845507843014,5.870731776807243,5.757975983414389,12.09502766165309,12.121704227995066,10.958429767874021
L2 Lyapunov (mid),1.0,237.94444444444446,conservative_0.3,base_0.3,0.3,0.5,0.1,0.01,0.015,0.0,255.95637826615288,264.37569135269166,3.0900039075205896,3.7322496611909997,3.738646288528955,3.7727420236868348,5.619351599725786,5.642927383507687,5.757975983414389,12.278072839184084,12.314327328736402,10.958429767874021
L2 Lyapunov (mid),3.0,237.94444444444446,base,base,1.0,0.0,0.0,0.0,0.0,0.0,853.0470624619851,853.0470624619857,9.389656187919702,2.4563756930257843,2.454442255908055,2.3485582510627436,3.830037098667227,3.821531402920373,3.6952656823701444,7.103544914417239,7.282821005340924,6.21143672423666
L2 Lyapunov (mid),3.0,237.94444444444446,base_0.3,base_0.3,0.3,0.0,0.0,0.0,0.0,0.0,255.95339069712955,255.95339069712222,2.8099975416365,3.910565956866502,3.8970203667297363,3.7727942215801376,6.712786728577079,6.720370279953281,5.758096057440577,12.574703663675516,12.568841137472312,10.958537054468707
L2 Lyapunov (mid),3.0,237.94444444444446,bias0.05,base,1.0,0.05,0.0,0.0,0.0,0.0,853.0470624619851,853.0727033043569,9.391112980030192,2.457732937347739,2.4535882481911093,2.3485582510627436,3.830232402609689,3.8240366052263197,3.6952656823701444,7.099964452405558,7.277902311908157,6.21143672423666
L2 Lyapunov (mid),3.0,237.94444444444446,bias0.1,base,1.0,0.1,0.0,0.0,0.0,0.0,853.0470624619851,853.1496212105842,9.395437658827205,2.4613347072494545,2.4512265028300697,2.3485582510627436,3.828513870883849,3.8309607818040523,3.6952656823701444,7.090328840593872,7.264473621925439,6.21143672423666
L2 Lyapunov (mid),3.0,237.94444444444446,bias0.2,base,1.0,0.2,0.0,0.0,0.0,0.0,853.0470624619851,853.4572235554664,9.412198704921702,2.455986427322902,2.4442256341977275,2.3485582510627436,3.816227312084032,3.8259604200345376,3.6952656823701444,7.065024433270865,7.226685744636037,6.21143672423666
L2 Lyapunov (mid),3.0,237.94444444444446,bias0.5,base,1.0,0.5,0.0,0.0,0.0,0.0,853.0470624619851,855.6073454132995,9.511218816106348,2.481911163095951,2.4953048063269674,2.3485582510627436,3.838087045833259,3.8495943103102634,3.6952656823701444,6.906834539306022,7.0087339726929185,6.21143672423666
L2 Lyapunov (mid),3.0,237.94444444444446,common0.1,base,1.0,0.0,0.1,0.0,0.0,0.0,853.0470624619851,853.0470819430341,9.396605182166859,2.460819876096152,2.4515301168929797,2.3485582510627436,3.8291259250271334,3.829849498758358,3.6952656823701444,7.092031778550591,7.266867089775054,6.21143672423666
L2 Lyapunov (mid),3.0,237.94444444444446,common0.5,base,1.0,0.0,0.5,0.0,0.0,0.0,853.0470624619851,853.0475494888221,9.542379921414916,2.490755717496241,2.503371820465547,2.3485582510627436,3.8337318026567617,3.8450004388510197,3.6952656823701444,6.823655551635546,6.924658997200776,6.21143672423666
L2 Lyapunov (mid),3.0,237.94444444444446,clock10ms,base,1.0,0.0,0.0,0.01,0.0,0.0,853.0470624619851,853.0471392566737,9.389664676160502,2.456384448819181,2.4544250959962866,2.3485582510627436,3.8300535104413536,3.8215495420548353,3.6952656823701444,7.103524049825234,7.282789598420088,6.21143672423666
L2 Lyapunov (mid),3.0,237.94444444444446,srp_am0.005,base,1.0,0.0,0.0,0.0,0.0015,0.0,853.0470624619851,853.0470633117703,9.026770357452897,2.3568872556689247,2.3557490988586447,2.3485582510627436,3.660986757191733,3.6749697722596477,3.6952656823701444,6.290567236353958,6.292028760887702,6.21143672423666
L2 Lyapunov (mid),3.0,237.94444444444446,srp_am0.01,base,1.0,0.0,0.0,0.0,0.003,0.0,853.0470624619851,853.0470658611249,9.02677087032827,2.3568728001601267,2.3557350588852413,2.3485582510627436,3.6609904275558898,3.6749731942133903,3.6952656823701444,6.29077533338433,6.292254717479716,6.21143672423666
L2 Lyapunov (mid),3.0,237.94444444444446,srp_am0.02,base,1.0,0.0,0.0,0.0,0.006,0.0,853.0470624619851,853.047076058543,9.026770367850457,2.3568438453420066,2.3557070442198005,2.3485582510627436,3.660997666380384,3.67497992881084,3.6952656823701444,6.291187380108502,6.2927019433888995,6.21143672423666
L2 Lyapunov (mid),3.0,237.94444444444446,srp_am0.05,base,1.0,0.0,0.0,0.0,0.015,0.0,853.0470624619851,853.0471474404661,9.026770885924615,2.356756694540709,2.3556235766069804,2.3485582510627436,3.661018783869326,3.674999474091061,3.6952656823701444,6.292389470719289,6.294005158923659,6.21143672423666
L2 Lyapunov (mid),3.0,237.94444444444446,nosrp_am0.01,base,1.0,0.0,0.0,0.0,0.0,0.01,853.0470624619851,853.0470624619857,9.518050309354576,2.288716331780494,2.2918588924306653,2.3485582510627436,3.5534427056645828,3.553799897882327,3.6952656823701444,6.690277966982685,6.652424689650488,6.21143672423666
L2 Lyapunov (mid),3.0,237.94444444444446,nosrp_am0.05,base,1.0,0.0,0.0,0.0,0.0,0.05,853.0470624619851,853.0470624619857,9.518089672230248,2.28858644781393,2.290713826348818,2.3485582510627436,3.5528980079002617,3.551551153997454,3.6952656823701444,6.6952615906383315,6.66872648797947,6.21143672423666
L2 Lyapunov (mid),3.0,237.94444444444446,nominal,base,1.0,0.1,0.0,0.001,0.003,0.0,853.0470624619851,853.1496253771697,9.022807108106834,2.3627097031130346,2.3502433960431692,2.3485582510627436,3.6698755935860183,3.6834080330706302,3.6952656823701444,6.337423711456302,6.343426080786235,6.21143672423666
L2 Lyapunov (mid),3.0,237.94444444444446,conservative,base,1.0,0.5,0.1,0.01,0.015,0.0,853.0470624619851,855.6075261284292,9.187180539591145,2.338738397197401,2.344204593218622,2.3485582510627436,3.6214243847869567,3.6265537707103133,3.6952656823701444,6.5143114413894985,6.574374629803045,6.21143672423666
L2 Lyapunov (mid),3.0,237.94444444444446,nominal_0.3,base_0.3,0.3,0.1,0.0,0.001,0.003,0.0,255.95339069712955,256.2954298971169,2.690873155248626,3.7835296531420304,3.7689370201044206,3.7727942215801376,5.835100783672064,5.871118232875278,5.758096057440577,12.09489145381388,12.121610207695067,10.958537054468707
L2 Lyapunov (mid),3.0,237.94444444444446,conservative_0.3,base_0.3,0.3,0.5,0.1,0.01,0.015,0.0,255.95339069712955,264.37197191752335,3.0899579579765657,3.732251813120047,3.738645983420091,3.7727942215801376,5.619355209612994,5.642948808193491,5.758096057440577,12.278172638833768,12.314406013869762,10.958537054468707
L2 Lyapunov (mid),7.0,237.94444444444446,base,base,1.0,0.0,0.0,0.0,0.0,0.0,5.09448239003683,5.094482390036831,0.7361817702710816,15.067182805383558,15.04779061794434,14.961808106070762,16.64743574527137,16.61358251011072,16.54011543224723,18.79273822990746,18.46874200487826,19.225118058559815
L2 Lyapunov (mid),7.0,237.94444444444446,base_0.3,base_0.3,0.3,0.0,0.0,0.0,0.0,0.0,1.5283447174760096,1.5283447174760099,0.2208286959438101,16.771607963243266,16.761994085920445,16.65809962578621,18.539641325156744,18.56885358535117,18.44793650479047,21.702262543843187,21.99147667950126,21.65678594904045
L2 Lyapunov (mid),7.0,237.94444444444446,bias0.05,base,1.0,0.05,0.0,0.0,0.0,0.0,5.09448239003683,5.203554358559696,0.7425889381448858,15.03809000685326,15.018887564444483,14.961808106070762,16.610640943104627,16.580753367931933,16.54011543224723,18.73514921187491,18.4056592477154,19.225118058559815
L2 Lyapunov (mid),7.0,237.94444444444446,bias0.1,base,1.0,0.1,0.0,0.0,0.0,0.0,5.09448239003683,5.517849216446259,0.7609306612541882,14.953962780003613,14.939481294611108,14.961808106070762,16.50955871825382,16.492803986384015,16.54011543224723,18.432202471326608,18.19333272927349,19.225118058559815
L2 Lyapunov (mid),7.0,237.94444444444446,bias0.2,base,1.0,0.2,0.0,0.0,0.0,0.0,5.09448239003683,6.627623500923307,0.8358714457378053,14.704435645877284,14.698463446565029,14.961808106070762,16.22587207452555,16.20927198882879,16.54011543224723,17.632884767909246,17.587166126153804,19.225118058559815
L2 Lyapunov (mid),7.0,237.94444444444446,bias0.5,base,1.0,0.5,0.0,0.0,0.0,0.0,5.09448239003683,11.759105925113067,1.3169262429300082,13.917607456640473,13.960532009378461,14.961808106070762,15.413205812703781,15.374899560434907,16.54011543224723,16.691693418768967,16.62533970548306,19.225118058559815
L2 Lyapunov (mid),7.0,237.94444444444446,common0.1,base,1.0,0.0,0.1,0.0,0.0,0.0,5.09448239003683,5.1062375995174785,0.767641848309785,15.062424691673169,15.048613198112122,14.961808106070762,16.64534782380064,16.610053286366803,16.54011543224723,18.831572509050787,18.473913699618265,19.225118058559815
L2 Lyapunov (mid),7.0,237.94444444444446,common0.5,base,1.0,0.0,0.5,0.0,0.0,0.0,5.09448239003683,5.390623100889375,1.3868360631934873,14.91420967125358,14.95212620340851,14.961808106070762,16.518594563091177,16.47383685214297,16.54011543224723,18.421898528673204,18.17581474797377,19.225118058559815
L2 Lyapunov (mid),7.0,237.94444444444446,clock10ms,base,1.0,0.0,0.0,0.01,0.0,0.0,5.09448239003683,5.095137530799901,0.7362391927757647,15.067006008381897,15.04761414813922,14.961808106070762,16.647211160121017,16.613380342888846,16.54011543224723,18.792405820675306,18.46829173225203,19.225118058559815
L2 Lyapunov (mid),7.0,237.94444444444446,srp_am0.005,base,1.0,0.0,0.0,0.0,0.0015,0.0,5.09448239003683,5.2482485955579525,0.7887505173996764,14.97298536673061,14.98069194370781,14.961808106070762,16.47942736662109,16.50120285313139,16.54011543224723,18.33711716462409,18.23429005330006,19.225118058559815
L2 Lyapunov (mid),7.0,237.94444444444446,srp_am0.01,base,1.0,0.0,0.0,0.0,0.003,0.0,5.09448239003683,5.6848396853669625,0.7977646053662649,14.817292373752029,14.805473427320752,14.961808106070762,16.32263545459307,16.33823411994666,16.54011543224723,17.83226240832005,17.815892241639407,19.225118058559815
L2 Lyapunov (mid),7.0,237.94444444444446,srp_am0.02,base,1.0,0.0,0.0,0.0,0.006,0.0,5.09448239003683,7.171271396025926,0.8153501225177656,14.407039847353326,14.40996174261677,14.961808106070762,15.877544429767747,15.88158055171668,16.54011543224723,17.541893409912262,17.531892952938886,19.225118058559815
L2 Lyapunov (mid),7.0,237.94444444444446,srp_am0.05,base,1.0,0.0,0.0,0.0,0.015,0.0,5.09448239003683,13.612662466260531,0.831656054935439,13.451525021735364,13.46726891708208,14.961808106070762,14.869259247123653,14.871996229541853,16.54011543224723,15.862305351319211,15.849698330963776,19.225118058559815
L2 Lyapunov (mid),7.0,237.94444444444446,nosrp_am0.01,base,1.0,0.0,0.0,0.0,0.0,0.01,5.09448239003683,5.094482390036831,0.8305222573909132,14.833414964445678,14.185441237407733,14.961808106070762,16.146400567965888,15.562296710887262,16.54011543224723,19.28689635432656,16.789078663467386,19.225118058559815
L2 Lyapunov (mid),7.0,237.94444444444446,nosrp_am0.05,base,1.0,0.0,0.0,0.0,0.0,0.05,5.09448239003683,5.094482390036831,0.8305961898081254,14.40906821380587,12.890887627343705,14.961808106070762,14.989471710918009,14.19937939233743,16.54011543224723,19.990982925601543,15.014047386719213,19.225118058559815
L2 Lyapunov (mid),7.0,237.94444444444446,nominal,base,1.0,0.1,0.0,0.001,0.003,0.0,5.09448239003683,6.067126387961356,0.818984712258112,14.742322797675742,14.72947929077042,14.961808106070762,16.232036000478555,16.24555058955652,16.54011543224723,17.78145290007822,17.76733879586852,19.225118058559815
L2 Lyapunov (mid),7.0,237.94444444444446,conservative,base,1.0,0.5,0.1,0.01,0.015,0.0,5.09448239003683,17.25180527362322,1.3605352693254869,13.210132233666787,13.236618753905175,14.961808106070762,14.658953829119866,14.661324466857991,16.54011543224723,15.658887633768757,15.643241809438027,19.225118058559815
L2 Lyapunov (mid),7.0,237.94444444444446,nominal_0.3,base_0.3,0.3,0.1,0.0,0.001,0.003,0.0,1.5283447174760096,3.6327694492742557,0.3203050531827217,15.336010645529567,15.33921553965696,16.65809962578621,16.907426357050944,16.912453196887622,18.44793650479047,18.566512443436824,18.537214744973234,21.65678594904045
L2 Lyapunov (mid),7.0,237.94444444444446,conservative_0.3,base_0.3,0.3,0.5,0.1,0.01,0.015,0.0,1.5283447174760096,16.553690571563973,1.187702581803946,13.258550375269072,13.289421442199654,16.65809962578621,14.691736378557334,14.69351501186143,18.44793650479047,15.68937492821744,15.673710908873383,21.65678594904045
L2 Lyapunov (mid),1.0,263.86805555555554,base,base,1.0,0.0,0.0,0.0,0.0,0.0,36.195870391902076,36.195870391902076,0.6130509133942196,8.346161916767105,8.354622232961038,8.501035599243576,12.52474904873204,12.513387281208304,13.297400241118686,17.269545707610714,16.982994122305637,15.99402866020494
L2 Lyapunov (mid),1.0,263.86805555555554,base_0.3,base_0.3,0.3,0.0,0.0,0.0,0.0,0.0,10.858761486799377,10.858761486799377,0.1839257840921831,13.41948448738678,13.392547944839531,13.768937758338947,16.913125382805525,16.9157298002001,17.169198473219875,18.348559911785294,18.290110695255258,19.174373198202684
L2 Lyapunov (mid),1.0,263.86805555555554,bias0.05,base,1.0,0.05,0.0,0.0,0.0,0.0,36.195870391902076,36.61131914624865,0.6351478694692579,8.316102534492313,8.324081100090048,8.501035599243576,12.387057899450337,12.366419788375175,13.297400241118686,17.199419514376583,16.900092705448873,15.99402866020494
L2 Lyapunov (mid),1.0,263.86805555555554,bias0.1,base,1.0,0.1,0.0,0.0,0.0,0.0,36.195870391902076,37.83030106399732,0.6973012000557658,8.233709895945502,8.240472661222482,8.501035599243576,12.01418668826184,11.970709116541041,13.297400241118686,17.132196128860507,16.630530176965383,15.99402866020494
L2 Lyapunov (mid),1.0,263.86805555555554,bias0.2,base,1.0,0.2,0.0,0.0,0.0,0.0,36.195870391902076,42.3568631687383,0.8738335037776238,7.967711850152029,7.971645786338556,8.501035599243576,10.845778424354032,10.801077960771726,13.297400241118686,16.82505592920178,16.288989872192563,15.99402866020494
L2 Lyapunov (mid),1.0,263.86805555555554,bias0.5,base,1.0,0.5,0.0,0.0,0.0,0.0,36.195870391902076,65.84005012285641,1.6038523909156965,7.14952808017129,7.150977612867437,8.501035599243576,9.143765240346754,9.15756343310524,13.297400241118686,15.160580333991025,14.37443452818826,15.99402866020494
L2 Lyapunov (mid),1.0,263.86805555555554,common0.1,base,1.0,0.0,0.1,0.0,0.0,0.0,36.195870391902076,36.19592160231946,0.6805874778921834,8.355806800051857,8.36462383136705,8.501035599243576,12.615596287286923,12.60337371243982,13.297400241118686,17.300858632675748,16.999097378859517,15.99402866020494
L2 Lyapunov (mid),1.0,263.86805555555554,common0.5,base,1.0,0.0,0.5,0.0,0.0,0.0,36.195870391902076,36.19715173255304,1.5491238556218145,8.348714479048038,8.35959521476061,8.501035599243576,13.065581211728347,13.051978449592834,13.297400241118686,17.472725870255438,17.032226470280648,15.99402866020494
L2 Lyapunov (mid),1.0,263.86805555555554,clock10ms,base,1.0,0.0,0.0,0.01,0.0,0.0,36.195870391902076,36.19604636765151,0.613181883858706,8.3460778696412,8.354535921991102,8.501035599243576,12.524411138357502,12.513035231918286,13.297400241118686,17.269326680962457,16.982756965604946,15.99402866020494
L2 Lyapunov (mid),1.0,263.86805555555554,srp_am0.005,base,1.0,0.0,0.0,0.0,0.0015,0.0,36.195870391902076,36.19589686592646,0.6084166156271056,8.577963518623216,8.520717466669527,8.501035599243576,12.638582286756554,12.515139630390212,13.297400241118686,17.29232144016164,17.11000090308015,15.99402866020494
L2 Lyapunov (mid),1.0,263.86805555555554,srp_am0.01,base,1.0,0.0,0.0,0.0,0.003,0.0,36.195870391902076,36.19597628788349,0.6084166156271056,8.577471367183282,8.520272813479751,8.501035599243576,12.6361822102841,12.512859367124175,13.297400241118686,17.29196303755504,17.109217685923483,15.99402866020494
L2 Lyapunov (mid),1.0,263.86805555555554,srp_am0.02,base,1.0,0.0,0.0,0.0,0.006,0.0,36.195870391902076,36.1962939739698,0.6084166882803691,8.576797845415948,8.519686025617005,8.501035599243576,12.630939399398175,12.507864962064627,13.297400241118686,17.2913138218746,17.10750049688036,15.99402866020494
L2 Lyapunov (mid),1.0,263.86805555555554,srp_am0.05,base,1.0,0.0,0.0,0.0,0.015,0.0,36.195870391902076,36.19851769854556,0.6084556517274816,8.577073270698293,8.520104438820702,8.501035599243576,12.614964626522367,12.492249529402567,13.297400241118686,17.280368241322027,17.089792297126255,15.99402866020494
L2 Lyapunov (mid),1.0,263.86805555555554,nosrp_am0.01,base,1.0,0.0,0.0,0.0,0.0,0.01,36.195870391902076,36.195870391902076,0.591308025944303,8.513679499968855,8.487492781433428,8.501035599243576,12.299559256909948,12.459471956288557,13.297400241118686,17.23100060576786,17.045316566931415,15.99402866020494
L2 Lyapunov (mid),1.0,263.86805555555554,nosrp_am0.05,base,1.0,0.0,0.0,0.0,0.0,0.05,36.195870391902076,36.195870391902076,0.591323685300227,8.507077847696825,8.421603134736282,8.501035599243576,12.466141766153935,13.007792119413601,13.297400241118686,17.38581882109881,17.260674578802202,15.99402866020494
L2 Lyapunov (mid),1.0,263.86805555555554,nominal,base,1.0,0.1,0.0,0.001,0.003,0.0,36.195870391902076,37.83040406825708,0.6879952289990126,8.498442180491194,8.44100639430034,8.501035599243576,12.31038247736432,12.14171147880685,13.297400241118686,17.144340506846117,16.91854456330395,15.99402866020494
L2 Lyapunov (mid),1.0,263.86805555555554,conservative,base,1.0,0.5,0.1,0.01,0.015,0.0,36.195870391902076,65.84163035586886,1.6974705985255885,7.427153246066363,7.369752656543499,8.501035599243576,9.47183618089608,9.41529992840059,13.297400241118686,15.071272081119416,14.364825840514351,15.99402866020494
L2 Lyapunov (mid),1.0,263.86805555555554,nominal_0.3,base_0.3,0.3,0.1,0.0,0.001,0.003,0.0,10.858761486799377,15.456755597573515,0.3669752009774724,10.166878442003512,10.061766925173426,13.768937758338947,15.98483380577893,15.808452534808747,17.169198473219875,18.259040448253543,18.17839401969406,19.174373198202684
L2 Lyapunov (mid),1.0,263.86805555555554,conservative_0.3,base_0.3,0.3,0.5,0.1,0.01,0.015,0.0,10.858761486799377,56.06152437666176,1.5661755837184645,7.62279786798383,7.566984954089847,13.768937758338947,9.730190608212352,9.663284849120059,17.169198473219875,16.076897840908394,14.790827854561764,19.174373198202684
L2 Lyapunov (mid),3.0,263.86805555555554,base,base,1.0,0.0,0.0,0.0,0.0,0.0,17.586644816822716,17.586644816822716,0.35994763464472407,9.750644991301499,9.72809666117395,9.875385228021011,15.725183304620089,15.739628431756616,15.95031223616324,18.100300655780465,17.976631282534363,18.465773519150382
L2 Lyapunov (mid),3.0,263.86805555555554,base_0.3,base_0.3,0.3,0.0,0.0,0.0,0.0,0.0,5.275993456467792,5.275993456467792,0.10802371435421818,16.34918987625591,16.33666949094041,16.30957070232853,18.032217932102476,18.031310410472255,18.0994580686082,18.938905180028563,18.918681372806304,20.5043571436364
L2 Lyapunov (mid),3.0,263.86805555555554,bias0.05,base,1.0,0.05,0.0,0.0,0.0,0.0,17.586644816822716,18.138996699211713,0.3688760962328995,9.680031126485154,9.65783618570247,9.875385228021011,15.674431321824727,15.676923627700628,15.95031223616324,18.124504667194397,18.000702769740414,18.465773519150382
L2 Lyapunov (mid),3.0,263.86805555555554,bias0.1,base,1.0,0.1,0.0,0.0,0.0,0.0,17.586644816822716,19.70336470484541,0.39431966679555847,9.49432313354319,9.476517121634455,9.875385228021011,15.537267781247992,15.510931704994091,15.95031223616324,18.121079610897404,17.981385583550203,18.465773519150382
L2 Lyapunov (mid),3.0,263.86805555555554,bias0.2,base,1.0,0.2,0.0,0.0,0.0,0.0,17.586644816822716,25.000402472671418,0.48286770428172493,9.057541124559908,9.04264464114734,9.875385228021011,14.878694630961338,14.70878903712627,15.95031223616324,18.064776261717938,17.864748520716063,18.465773519150382
L2 Lyapunov (mid),3.0,263.86805555555554,bias0.5,base,1.0,0.5,0.0,0.0,0.0,0.0,17.586644816822716,47.776595621965015,0.87839464902451,7.97669989827989,7.969009380961971,9.875385228021011,10.259201436759556,10.230616389766904,15.95031223616324,16.970380759944717,15.877274358275185,18.465773519150382
L2 Lyapunov (mid),3.0,263.86805555555554,common0.1,base,1.0,0.0,0.1,0.0,0.0,0.0,17.586644816822716,17.587448734029177,0.47140302651024435,9.751621765342632,9.729094289126795,9.875385228021011,15.7256681169322,15.74022516224965,15.95031223616324,18.100233830217086,17.97657092827637,18.465773519150382
L2 Lyapunov (mid),3.0,263.86805555555554,common0.5,base,1.0,0.0,0.5,0.0,0.0,0.0,17.586644816822716,17.606801755086813,1.5357828004241414,9.752721987121433,9.73001564630532,9.875385228021011,15.728581255923567,15.743092018573982,15.95031223616324,18.1007478514023,17.975218338665222,18.465773519150382
L2 Lyapunov (mid),3.0,263.86805555555554,clock10ms,base,1.0,0.0,0.0,0.01,0.0,0.0,17.586644816822716,17.587341366193556,0.35998700134302425,9.7505563944596,9.728008510731234,9.875385228021011,15.725119913174336,15.739549515267855,15.95031223616324,18.1002747439434,17.97659472178591,18.465773519150382
L2 Lyapunov (mid),3.0,263.86805555555554,srp_am0.005,base,1.0,0.0,0.0,0.0,0.0015,0.0,17.586644816822716,17.59905332108594,0.3458130911613267,9.7841137722708,9.835978381139233,9.875385228021011,16.069535028395475,16.11450997355138,15.95031223616324,18.157570728794976,18.067930992147225,18.465773519150382
L2 Lyapunov (mid),3.0,263.86805555555554,srp_am0.01,base,1.0,0.0,0.0,0.0,0.003,0.0,17.586644816822716,17.63622651841241,0.34677081439922003,9.778164262876901,9.820779242985768,9.875385228021011,16.061984561744147,16.110494976954516,15.95031223616324,18.147832566879345,18.052940688411258,18.465773519150382
L2 Lyapunov (mid),3.0,263.86805555555554,srp_am0.02,base,1.0,0.0,0.0,0.0,0.006,0.0,17.586644816822716,17.784143285082592,0.3504293869804622,9.753629699201326,9.775552445486577,9.875385228021011,16.039435400222583,16.096297629218082,15.95031223616324,18.1131494096495,18.012822189494003,18.465773519150382
L2 Lyapunov (mid),3.0,263.86805555555554,srp_am0.05,base,1.0,0.0,0.0,0.0,0.015,0.0,17.586644816822716,18.787016157139195,0.35499064433485417,9.564783365831788,9.562690231991938,9.875385228021011,15.639063051751895,15.623877008402795,15.95031223616324,18.101868848201526,17.983400721651122,18.465773519150382
L2 Lyapunov (mid),3.0,263.86805555555554,nosrp_am0.01,base,1.0,0.0,0.0,0.0,0.0,0.01,17.586644816822716,17.586644816822716,0.32294734575229317,9.78288487383094,9.527172898767233,9.875385228021011,15.682920892287994,15.757428815789027,15.95031223616324,18.166021236053123,17.999304469685942,18.465773519150382
L2 Lyapunov (mid),3.0,263.86805555555554,nosrp_am0.05,base,1.0,0.0,0.0,0.0,0.0,0.05,17.586644816822716,17.586644816822716,0.3229327192849155,9.750555002540109,8.983346081917407,9.875385228021011,15.424721523117698,15.549093667084634,15.95031223616324,18.417768233395137,17.97868413481259,18.465773519150382
L2 Lyapunov (mid),3.0,263.86805555555554,nominal,base,1.0,0.1,0.0,0.001,0.003,0.0,17.586644816822716,19.747638768553017,0.3756097834714047,9.509096018439608,9.539754052732038,9.875385228021011,15.54693391502984,15.521495228629371,15.95031223616324,18.102132659173403,17.97730138683444,18.465773519150382
L2 Lyapunov (mid),3.0,263.86805555555554,conservative,base,1.0,0.5,0.1,0.01,0.015,0.0,17.586644816822716,48.231903215255564,0.8594518082142584,7.9519656635293385,7.967801706900824,9.875385228021011,10.43055340239748,10.74791978854277,15.95031223616324,16.853262558716956,15.875966242345957,18.465773519150382
L2 Lyapunov (mid),3.0,263.86805555555554,nominal_0.3,base_0.3,0.3,0.1,0.0,0.001,0.003,0.0,5.275993456467792,10.417067383428273,0.180102495859932,14.138328422774883,13.961254342583109,16.30957070232853,17.291479477462772,17.171901414755204,18.0994580686082,18.42074789999295,18.39694791094631,20.5043571436364
L2 Lyapunov (mid),3.0,263.86805555555554,conservative_0.3,base_0.3,0.3,0.5,0.1,0.01,0.015,0.0,5.275993456467792,45.2201577843963,0.7937192938496851,8.057097396874223,8.071815058258943,16.30957070232853,11.550655076970761,11.233866358260387,18.0994580686082,16.999464499914374,15.858550961773732,20.5043571436364
L2 Lyapunov (mid),7.0,263.86805555555554,base,base,1.0,0.0,0.0,0.0,0.0,0.0,11.558577972298112,11.558577972298108,0.3420929947171888,13.50557516240178,13.462865101238984,13.30283680713805,16.709655354945095,16.731964693642592,17.037845201529134,18.326401573156957,18.27098868001601,19.141865703464585
L2 Lyapunov (mid),7.0,263.86805555555554,base_0.3,base_0.3,0.3,0.0,0.0,0.0,0.0,0.0,3.467573447670762,3.4675734476707634,0.1025273644127434,17.09313192222587,17.10180170210464,17.107730076158536,18.613182170368475,18.613069264170367,18.719672126572142,19.42621433957986,19.422501249030507,21.16702551719966
L2 Lyapunov (mid),7.0,263.86805555555554,bias0.05,base,1.0,0.05,0.0,0.0,0.0,0.0,11.558577972298112,11.91590555238911,0.3517628535228018,13.331092207196567,13.266336720171957,13.30283680713805,16.66679414027687,16.677438814015538,17.037845201529134,18.28787559796407,18.228883084379454,19.141865703464585
L2 Lyapunov (mid),7.0,263.86805555555554,bias0.1,base,1.0,0.1,0.0,0.0,0.0,0.0,11.558577972298112,12.928768968145363,0.3791963779589476,10.84399479398663,10.786206090733133,13.30283680713805,16.447948221767067,16.43382591245858,17.037845201529134,18.20725475082083,18.12878528845231,19.141865703464585
L2 Lyapunov (mid),7.0,263.86805555555554,bias0.2,base,1.0,0.2,0.0,0.0,0.0,0.0,11.558577972298112,16.364909706262086,0.4729613664566599,9.904434729357986,9.882674312747056,13.30283680713805,16.17137490039559,16.107936326074498,17.037845201529134,18.128607291197213,17.999407131517835,19.141865703464585
L2 Lyapunov (mid),7.0,263.86805555555554,bias0.5,base,1.0,0.5,0.0,0.0,0.0,0.0,11.558577972298112,31.183516522947254,0.8839200629036993,8.671476363351413,8.660357604657094,13.30283680713805,13.883793394068737,13.554583867293786,17.037845201529134,17.767967849186196,16.677999753358677,19.141865703464585
L2 Lyapunov (mid),7.0,263.86805555555554,common0.1,base,1.0,0.0,0.1,0.0,0.0,0.0,11.558577972298112,11.561975232373959,0.45578654869824853,13.50154155839913,13.456894576875245,13.30283680713805,16.709631648303755,16.732020719296457,17.037845201529134,18.32632410192263,18.27050827690879,19.141865703464585
L2 Lyapunov (mid),7.0,263.86805555555554,common0.5,base,1.0,0.0,0.5,0.0,0.0,0.0,11.558577972298112,11.643882335243745,1.5255577610443207,13.487180990847062,13.44220887982406,13.30283680713805,16.704890281064444,16.72510553854779,17.037845201529134,18.323667417028226,18.269009545593896,19.141865703464585
L2 Lyapunov (mid),7.0,263.86805555555554,clock10ms,base,1.0,0.0,0.0,0.01,0.0,0.0,11.558577972298112,11.55983188974576,0.3421483547838569,13.505057804964503,13.462192720714292,13.30283680713805,16.709501739518153,16.7317709201605,17.037845201529134,18.326397162960557,18.270906612150707,19.141865703464585
L2 Lyapunov (mid),7.0,263.86805555555554,srp_am0.005,base,1.0,0.0,0.0,0.0,0.0015,0.0,11.558577972298112,11.629392367500202,0.31516556987235833,13.524819535354457,13.418011603764135,13.30283680713805,16.991396737967644,17.0105270241026,17.037845201529134,18.34164651463179,18.28660375979417,19.141865703464585
L2 Lyapunov (mid),7.0,263.86805555555554,srp_am0.01,base,1.0,0.0,0.0,0.0,0.003,0.0,11.558577972298112,11.83929872174644,0.31869328944911296,13.4136690855277,13.301733145466116,13.30283680713805,16.828063936553026,16.858257009234286,17.037845201529134,18.334247076402928,18.27757908098709,19.141865703464585
L2 Lyapunov (mid),7.0,263.86805555555554,srp_am0.02,base,1.0,0.0,0.0,0.0,0.006,0.0,11.558577972298112,12.64417537944727,0.3295568685111324,12.92311884499181,12.743837650762458,13.30283680713805,16.49963483780821,16.488912645459298,17.037845201529134,18.29018485520475,18.223770762529835,19.141865703464585
L2 Lyapunov (mid),7.0,263.86805555555554,srp_am0.05,base,1.0,0.0,0.0,0.0,0.015,0.0,11.558577972298112,17.258162914410114,0.35371697678750685,9.719902302966934,9.728263799004493,13.30283680713805,16.04715367023275,15.855127293454423,17.037845201529134,18.12011517145295,17.98878344941792,19.141865703464585
L2 Lyapunov (mid),7.0,263.86805555555554,nosrp_am0.01,base,1.0,0.0,0.0,0.0,0.0,0.01,11.558577972298112,11.558577972298108,0.3153170179758586,14.14088773752517,10.598076170967154,13.30283680713805,16.452155104689535,16.549983807393993,17.037845201529134,18.15448168209133,17.973960270518354,19.141865703464585
L2 Lyapunov (mid),7.0,263.86805555555554,nosrp_am0.05,base,1.0,0.0,0.0,0.0,0.0,0.05,11.558577972298112,11.558577972298108,0.3153023363759378,14.74131146687609,8.830728406420283,13.30283680713805,15.427699092487968,15.438300765146245,17.037845201529134,18.69064231504478,18.596161760093946,19.141865703464585
L2 Lyapunov (mid),7.0,263.86805555555554,nominal,base,1.0,0.1,0.0,0.001,0.003,0.0,11.558577972298112,13.180350546911166,0.35154153048387443,12.585529959351494,12.37109150851311,13.30283680713805,16.45438929986433,16.4362017494932,17.037845201529134,18.277120424138744,18.206494426617343,19.141865703464585
L2 Lyapunov (mid),7.0,263.86805555555554,conservative,base,1.0,0.5,0.1,0.01,0.015,0.0,11.558577972298112,33.71551890030385,0.8900780534192245,8.522527261132874,8.530774209447323,13.30283680713805,13.44819461999845,13.087681882970477,17.037845201529134,17.56194360957618,17.029408720836866,19.141865703464585
L2 Lyapunov (mid),7.0,263.86805555555554,nominal_0.3,base_0.3,0.3,0.1,0.0,0.001,0.003,0.0,3.467573447670762,7.221177382884459,0.18294636463009287,15.503033681814378,15.381839639671272,17.107730076158536,17.78528961582111,17.76218428576094,18.719672126572142,18.476497291031574,18.466948064656496,21.16702551719966
L2 Lyapunov (mid),7.0,263.86805555555554,conservative_0.3,base_0.3,0.3,0.5,0.1,0.01,0.015,0.0,3.467573447670762,31.861600975914808,0.8328451557664048,8.614649738487762,8.62044514269279,17.107730076158536,13.751031904745878,13.375276386991032,18.719672126572142,17.69309461209704,17.125405060704967,21.16702551719966
L2 Lyapunov (mid),1.0,294.24305555555554,base,base,1.0,0.0,0.0,0.0,0.0,0.0,63.05122876019521,63.05122876019521,0.755356027325078,7.569641880194907,7.575520966409345,7.614015235520793,9.617477482668901,9.633974649579082,9.624370458687961,16.16684993963917,15.358015203033487,14.939270638848582
L2 Lyapunov (mid),1.0,294.24305555555554,base_0.3,base_0.3,0.3,0.0,0.0,0.0,0.0,0.0,18.915370602772857,18.915370602772857,0.22657080892467896,9.637185661612044,9.64495853600166,9.73132107417048,15.535661201029466,15.55494932355257,15.776057192186533,18.136913249496676,18.01190899422098,18.33662638180842
L2 Lyapunov (mid),1.0,294.24305555555554,bias0.05,base,1.0,0.05,0.0,0.0,0.0,0.0,63.05122876019521,63.40315725114359,0.7661698707034333,7.558004023138087,7.563871490945457,7.614015235520793,9.602319260925961,9.618844808859535,9.624370458687961,16.153748764013738,15.333197920994962,14.939270638848582
L2 Lyapunov (mid),1.0,294.24305555555554,bias0.1,base,1.0,0.1,0.0,0.0,0.0,0.0,63.05122876019521,64.44741450003028,0.8254456214227919,7.524195374117825,7.530035503148647,7.614015235520793,9.558292484841896,9.575005919687962,9.624370458687961,16.115396363237135,15.25129956650327,14.939270638848582
L2 Lyapunov (mid),1.0,294.24305555555554,bias0.2,base,1.0,0.2,0.0,0.0,0.0,0.0,63.05122876019521,68.46537156862895,0.9824974038262628,7.4008294444450895,7.406826803061736,7.614015235520793,9.412835342826643,9.42880151927249,9.624370458687961,15.500408364361615,14.948346770046399,14.939270638848582
L2 Lyapunov (mid),1.0,294.24305555555554,bias0.5,base,1.0,0.5,0.0,0.0,0.0,0.0,63.05122876019521,91.79227549368184,1.6110936063413661,6.852551746680427,6.858907079469757,7.614015235520793,8.703261820585919,8.687765894428546,9.624370458687961,13.987620519440839,13.361438675098327,14.939270638848582
L2 Lyapunov (mid),1.0,294.24305555555554,common0.1,base,1.0,0.0,0.1,0.0,0.0,0.0,63.05122876019521,63.05126076524632,0.809104182603314,7.579600386230644,7.584872847078545,7.614015235520793,9.629826454526405,9.645640743615786,9.624370458687961,16.17665773297533,15.371454798466827,14.939270638848582
L2 Lyapunov (mid),1.0,294.24305555555554,common0.5,base,1.0,0.0,0.5,0.0,0.0,0.0,63.05122876019521,63.05202910896597,1.4387870950502781,7.626327564952945,7.627944391716068,7.614015235520793,9.699803021365897,9.711342379792688,9.624370458687961,16.199732648991088,15.414359942238324,14.939270638848582
L2 Lyapunov (mid),1.0,294.24305555555554,clock10ms,base,1.0,0.0,0.0,0.01,0.0,0.0,63.05122876019521,63.05174435307277,0.7554126122269396,7.569611153412351,7.575489598945568,7.614015235520793,9.617438240893362,9.633934711044075,9.624370458687961,16.166840577343816,15.357978978720318,14.939270638848582
L2 Lyapunov (mid),1.0,294.24305555555554,srp_am0.005,base,1.0,0.0,0.0,0.0,0.0015,0.0,63.05122876019521,63.05128227109943,0.8136472864339026,7.822487601362893,7.797419851031173,7.614015235520793,9.963739331659866,9.937637992548428,9.624370458687961,16.401698336283467,15.797290625227742,14.939270638848582
L2 Lyapunov (mid),1.0,294.24305555555554,srp_am0.01,base,1.0,0.0,0.0,0.0,0.003,0.0,63.05122876019521,63.05144280353963,0.8136414809572264,7.822095512230907,7.797151849323168,7.614015235520793,9.96248384269347,9.936739754673463,9.624370458687961,16.400532865491822,15.795861627184681,14.939270638848582
L2 Lyapunov (mid),1.0,294.24305555555554,srp_am0.02,base,1.0,0.0,0.0,0.0,0.006,0.0,63.05122876019521,63.05208492921365,0.8136588421700099,7.823633416581027,7.798751945124787,7.614015235520793,9.96041953520348,9.934969555195101,9.624370458687961,16.398845307869564,15.793750320761127,14.939270638848582
L2 Lyapunov (mid),1.0,294.24305555555554,srp_am0.05,base,1.0,0.0,0.0,0.0,0.015,0.0,63.05122876019521,63.05657962585954,0.8136821184240263,7.829175512438856,7.804492389974161,7.614015235520793,9.9661685345803,9.940578064672042,9.624370458687961,16.409244399023184,15.805080614700008,14.939270638848582
L2 Lyapunov (mid),1.0,294.24305555555554,nosrp_am0.01,base,1.0,0.0,0.0,0.0,0.0,0.01,63.05122876019521,63.05122876019521,0.9615761194410727,7.6988893082016485,7.665733847309052,7.614015235520793,9.716937762107156,9.643887852189177,9.624370458687961,16.932126654229577,16.3870680675761,14.939270638848582
L2 Lyapunov (mid),1.0,294.24305555555554,nosrp_am0.05,base,1.0,0.0,0.0,0.0,0.0,0.05,63.05122876019521,63.05122876019521,0.9615859445811077,7.693151042764373,7.586213265175177,7.614015235520793,9.707807026620102,9.482714402994793,9.624370458687961,16.987819483580477,16.61394580183179,14.939270638848582
L2 Lyapunov (mid),1.0,294.24305555555554,nominal,base,1.0,0.1,0.0,0.001,0.003,0.0,63.05122876019521,64.44762895064474,0.8722421345818796,7.7800581407061555,7.756785613835834,7.614015235520793,9.892274721313031,9.868776891988553,9.624370458687961,16.37833040225941,15.724640471261349,14.939270638848582
L2 Lyapunov (mid),1.0,294.24305555555554,conservative,base,1.0,0.5,0.1,0.01,0.015,0.0,63.05122876019521,91.7963276013449,1.7092750577790194,7.1386136582500574,7.1368666041947515,7.614015235520793,9.002013339168496,9.00278109818731,9.624370458687961,14.54369871592092,13.961888161311789,14.939270638848582
L2 Lyapunov (mid),1.0,294.24305555555554,nominal_0.3,base_0.3,0.3,0.1,0.0,0.001,0.003,0.0,18.915370602772857,23.148053985704824,0.3814659712011903,9.478533867151471,9.4597430177019,9.73132107417048,15.413507188913707,15.350763301164118,15.776057192186533,18.143885069027753,18.002957474078528,18.33662638180842
L2 Lyapunov (mid),1.0,294.24305555555554,conservative_0.3,base_0.3,0.3,0.5,0.1,0.01,0.015,0.0,18.915370602772857,69.34665361630353,1.5911311250077538,7.5185276764059426,7.521337378307034,9.73132107417048,9.428288448080547,9.418093840658027,15.776057192186533,15.79177495962259,14.518228331072253,18.33662638180842
L2 Lyapunov (mid),3.0,294.24305555555554,base,base,1.0,0.0,0.0,0.0,0.0,0.0,26.11530849152407,26.11530849152407,0.3538059937993986,9.004530869311345,9.018065345553634,9.057654408602163,14.526062050889081,14.577324394744574,14.72213298172412,18.00707033510138,17.847439650947283,17.699627815446338
L2 Lyapunov (mid),3.0,294.24305555555554,base_0.3,base_0.3,0.3,0.0,0.0,0.0,0.0,0.0,7.834592586296953,7.834592586296953,0.10618725943906732,15.083676907136079,15.117392616950069,15.214886050231232,17.71532726723932,17.726416048757198,17.741839939316595,18.463660471968527,18.438843388144072,19.806909146684312
L2 Lyapunov (mid),3.0,294.24305555555554,bias0.05,base,1.0,0.05,0.0,0.0,0.0,0.0,26.11530849152407,26.77136454882862,0.3612305167200485,8.962399068245057,8.97619821920438,9.057654408602163,14.412165647839698,14.443902884737692,14.72213298172412,17.97884329178328,17.79905089596897,17.699627815446338
L2 Lyapunov (mid),3.0,294.24305555555554,bias0.1,base,1.0,0.1,0.0,0.0,0.0,0.0,26.11530849152407,28.64953942768427,0.3825787245383238,8.848132606909736,8.862590380753366,9.057654408602163,14.103415387959782,14.092563407191895,14.72213298172412,17.881701525635204,17.63776523237917,17.699627815446338
L2 Lyapunov (mid),3.0,294.24305555555554,bias0.2,base,1.0,0.2,0.0,0.0,0.0,0.0,26.11530849152407,35.17327178599763,0.4572769002356911,8.50735405392618,8.523653687846512,9.057654408602163,12.968683581538722,12.871130333099158,14.72213298172412,17.29032551371891,16.60454693966692,17.699627815446338
L2 Lyapunov (mid),3.0,294.24305555555554,bias0.5,base,1.0,0.5,0.0,0.0,0.0,0.0,26.11530849152407,64.43382433142385,0.8343464131052478,7.516908073682564,7.535690145244411,9.057654408602163,9.539018846992848,9.579478737380713,14.72213298172412,16.208797317425233,14.965077031500055,17.699627815446338
L2 Lyapunov (mid),3.0,294.24305555555554,common0.1,base,1.0,0.0,0.1,0.0,0.0,0.0,26.11530849152407,26.115963927319704,0.43750446078282723,9.004525083423056,9.018049910885562,9.057654408602163,14.525446966195048,14.576754447822099,14.72213298172412,18.006819157789153,17.84720391177248,17.699627815446338
L2 Lyapunov (mid),3.0,294.24305555555554,common0.5,base,1.0,0.0,0.5,0.0,0.0,0.0,26.11530849152407,26.131715877711763,1.2914987017174562,9.004407109033222,9.017726313197052,9.057654408602163,14.519291553898295,14.570257362797994,14.72213298172412,18.00573876428314,17.845056859708077,17.699627815446338
L2 Lyapunov (mid),3.0,294.24305555555554,clock10ms,base,1.0,0.0,0.0,0.01,0.0,0.0,26.11530849152407,26.11755799016302,0.35383281996376686,9.004385717181018,9.017921122752298,9.057654408602163,14.52566929064239,14.57686055310615,14.72213298172412,18.006976829359655,17.847284922869967,17.699627815446338
L2 Lyapunov (mid),3.0,294.24305555555554,srp_am0.005,base,1.0,0.0,0.0,0.0,0.0015,0.0,26.11530849152407,26.125323231746282,0.4070087248069366,9.154856651398928,9.110731801061318,9.057654408602163,14.953854919313125,15.004608163368696,14.72213298172412,18.092938362309077,17.98090692762063,17.699627815446338
L2 Lyapunov (mid),3.0,294.24305555555554,srp_am0.01,base,1.0,0.0,0.0,0.0,0.003,0.0,26.11530849152407,26.155344464091304,0.4074811912446543,9.153355318421559,9.109488120367514,9.057654408602163,14.944055077106926,14.993169653391186,14.72213298172412,18.091762031760076,17.978488986909564,17.699627815446338
L2 Lyapunov (mid),3.0,294.24305555555554,srp_am0.02,base,1.0,0.0,0.0,0.0,0.006,0.0,26.11530849152407,26.275086664226404,0.40939985205984947,9.144250255700069,9.100714215254731,9.057654408602163,14.899899497873232,14.939730464105416,14.72213298172412,18.082717872133504,17.96416982503413,17.699627815446338
L2 Lyapunov (mid),3.0,294.24305555555554,srp_am0.05,base,1.0,0.0,0.0,0.0,0.015,0.0,26.11530849152407,27.098482345724427,0.419057914934218,9.07142412219436,9.028928864894498,9.057654408602163,14.657296215717079,14.642236712892476,14.72213298172412,18.021180199430656,17.87136081880281,17.699627815446338
L2 Lyapunov (mid),3.0,294.24305555555554,nosrp_am0.01,base,1.0,0.0,0.0,0.0,0.0,0.01,26.11530849152407,26.11530849152407,0.3813588178052672,9.024342558318047,9.172918693769008,9.057654408602163,14.532785251531923,14.889548307397135,14.72213298172412,18.02188520044681,17.948776494697064,17.699627815446338
L2 Lyapunov (mid),3.0,294.24305555555554,nosrp_am0.05,base,1.0,0.0,0.0,0.0,0.0,0.05,26.11530849152407,26.11530849152407,0.3814202822743663,8.988586271837933,8.797708087085585,9.057654408602163,15.344268370412072,15.469585457471846,14.72213298172412,18.325828248653725,18.04696359233235,17.699627815446338
L2 Lyapunov (mid),3.0,294.24305555555554,nominal,base,1.0,0.1,0.0,0.001,0.003,0.0,26.11530849152407,28.68605909481754,0.43066576592039757,8.991772954927582,8.951755380155637,9.057654408602163,14.582777922922991,14.532140924997126,14.72213298172412,17.996989582505456,17.831283570608164,17.699627815446338
L2 Lyapunov (mid),3.0,294.24305555555554,conservative,base,1.0,0.5,0.1,0.01,0.015,0.0,26.11530849152407,64.83969730309332,0.8861242615098308,7.64514448353642,7.611028991760869,9.057654408602163,9.675982054447996,9.680600550851613,14.72213298172412,16.32303415019473,15.272103529342404,17.699627815446338
L2 Lyapunov (mid),3.0,294.24305555555554,nominal_0.3,base_0.3,0.3,0.1,0.0,0.001,0.003,0.0,7.834592586296953,14.221909151602183,0.18808284300572414,11.115573599461502,10.939403654793617,15.214886050231232,16.493162293791563,16.39703665079013,17.741839939316595,18.289394154289873,18.224959292382877,19.806909146684312
L2 Lyapunov (mid),3.0,294.24305555555554,conservative_0.3,base_0.3,0.3,0.5,0.1,0.01,0.015,0.0,7.834592586296953,59.8628956910613,0.8132001083721316,7.776588150912885,7.742784810651409,15.214886050231232,9.889437792018995,9.857869194864008,17.741839939316595,16.514254936980997,15.398543271579294,19.806909146684312
L2 Lyapunov (mid),7.0,294.24305555555554,base,base,1.0,0.0,0.0,0.0,0.0,0.0,14.058929012353785,14.058929012353785,0.36218331353262356,10.412454326159592,10.439500432893567,10.788729299576016,16.393731996155896,16.42189051459934,16.562746529330116,18.1844791273263,18.05725947068294,18.826396712970407
L2 Lyapunov (mid),7.0,294.24305555555554,base_0.3,base_0.3,0.3,0.0,0.0,0.0,0.0,0.0,4.217678802078871,4.217678802078871,0.10868882884806863,16.750160211568506,16.775602183644818,16.774698297564733,18.496045789266585,18.52179551531471,18.495711508574463,19.23685952815286,19.223009443893286,20.85119898648056
L2 Lyapunov (mid),7.0,294.24305555555554,bias0.05,base,1.0,0.05,0.0,0.0,0.0,0.0,14.058929012353785,14.340528124040752,0.3741237801234339,10.344303388914772,10.370998684209372,10.788729299576016,16.308132737613608,16.32544785188816,16.562746529330116,18.173147681599527,18.042532005251992,18.826396712970407
L2 Lyapunov (mid),7.0,294.24305555555554,bias0.1,base,1.0,0.1,0.0,0.0,0.0,0.0,14.058929012353785,15.153965548569332,0.40802359723247944,10.157933803571657,10.184119777292409,10.788729299576016,16.201416905814348,16.20417869297239,16.562746529330116,18.14350636652033,18.003103295866346,18.826396712970407
L2 Lyapunov (mid),7.0,294.24305555555554,bias0.2,base,1.0,0.2,0.0,0.0,0.0,0.0,14.058929012353785,18.04471223965756,0.5234199016916514,9.698406680820836,9.718008630742736,10.788729299576016,15.644395623488656,15.599686577044974,16.562746529330116,18.15216193945908,18.010022341027575,18.826396712970407
L2 Lyapunov (mid),7.0,294.24305555555554,bias0.5,base,1.0,0.5,0.0,0.0,0.0,0.0,14.058929012353785,31.581737275867457,0.988336702408555,8.671935351521826,8.690544769385758,10.788729299576016,13.568324664249241,13.355112812028183,16.562746529330116,17.705241183616355,17.035374628142442,18.826396712970407
L2 Lyapunov (mid),7.0,294.24305555555554,common0.1,base,1.0,0.0,0.1,0.0,0.0,0.0,14.058929012353785,14.062492486386308,0.45042475069464505,10.410546260559277,10.437679459165944,10.788729299576016,16.39364541994365,16.421875926838712,16.562746529330116,18.182849853006744,18.05522397408521,18.826396712970407
L2 Lyapunov (mid),7.0,294.24305555555554,common0.5,base,1.0,0.0,0.5,0.0,0.0,0.0,14.058929012353785,14.148221352739752,1.3735517418640835,10.407294572795623,10.43404077092412,10.788729299576016,16.37727225504062,16.403675513906684,16.562746529330116,18.197856146803222,18.073573865242036,18.826396712970407
L2 Lyapunov (mid),7.0,294.24305555555554,clock10ms,base,1.0,0.0,0.0,0.01,0.0,0.0,14.058929012353785,14.060364935726556,0.36226144320871656,10.412101529800289,10.439145665644809,10.788729299576016,16.393560932433147,16.421678759812327,16.562746529330116,18.184699333407146,18.057530583053083,18.826396712970407
L2 Lyapunov (mid),7.0,294.24305555555554,srp_am0.005,base,1.0,0.0,0.0,0.0,0.0015,0.0,14.058929012353785,14.131526475404536,0.3611462518286667,11.075619738478519,10.909053105324029,10.788729299576016,16.48710013755295,16.50479485050942,16.562746529330116,18.290313183156655,18.21275789965848,18.826396712970407
L2 Lyapunov (mid),7.0,294.24305555555554,srp_am0.01,base,1.0,0.0,0.0,0.0,0.003,0.0,14.058929012353785,14.347118339084355,0.36100509373824097,10.944854159361288,10.828638130772147,10.788729299576016,16.46249146706287,16.474454126055235,16.562746529330116,18.295355340360892,18.221649146500717,18.826396712970407
L2 Lyapunov (mid),7.0,294.24305555555554,srp_am0.02,base,1.0,0.0,0.0,0.0,0.006,0.0,14.058929012353785,15.178936563160942,0.3591899963661411,10.395211930310989,10.458260571638812,10.788729299576016,16.363575960166973,16.354106994612966,16.562746529330116,18.23623162596862,18.153899652633175,18.826396712970407
L2 Lyapunov (mid),7.0,294.24305555555554,srp_am0.05,base,1.0,0.0,0.0,0.0,0.015,0.0,14.058929012353785,20.058668323540292,0.38419567969565244,9.535112458031652,9.48561899514333,10.788729299576016,15.502744256101783,15.40575285504693,16.562746529330116,18.127515282294706,17.98307394077308,18.826396712970407
L2 Lyapunov (mid),7.0,294.24305555555554,nosrp_am0.01,base,1.0,0.0,0.0,0.0,0.0,0.01,14.058929012353785,14.058929012353785,0.3605400547951071,10.514830497092394,11.169855761169638,10.788729299576016,16.252304372926744,16.39438706332551,16.562746529330116,18.292677097091477,17.98800811606886,18.826396712970407
L2 Lyapunov (mid),7.0,294.24305555555554,nosrp_am0.05,base,1.0,0.0,0.0,0.0,0.0,0.05,14.058929012353785,14.058929012353785,0.3605793568333517,14.677953479068606,8.74218499149082,10.788729299576016,15.419341509808552,15.33425096530996,16.562746529330116,18.517457261786618,16.08750394162487,18.826396712970407
L2 Lyapunov (mid),7.0,294.24305555555554,nominal,base,1.0,0.1,0.0,0.001,0.003,0.0,14.058929012353785,15.421712644979625,0.3981103882448607,10.391994738474056,10.430514443248393,10.788729299576016,16.36151686928868,16.35134531299867,16.562746529330116,18.20671766527551,18.118644660505726,18.826396712970407
L2 Lyapunov (mid),7.0,294.24305555555554,conservative,base,1.0,0.5,0.1,0.01,0.015,0.0,14.058929012353785,34.672641006636766,0.9424653262744199,8.63849504574687,8.60256988414955,10.788729299576016,13.50862614200378,13.158094270562398,16.562746529330116,17.61704788506042,16.63621416289385,18.826396712970407
L2 Lyapunov (mid),7.0,294.24305555555554,nominal_0.3,base_0.3,0.3,0.1,0.0,0.001,0.003,0.0,4.217678802078871,7.613476110305015,0.19922879353201567,15.478277803843962,15.362654162659835,16.774698297564733,17.78521168710139,17.762896956649676,18.495711508574463,18.48675764590829,18.476265750823217,20.85119898648056
L2 Lyapunov (mid),7.0,294.24305555555554,conservative_0.3,base_0.3,0.3,0.5,0.1,0.01,0.015,0.0,4.217678802078871,31.973905979893928,0.876752328483263,8.768056300754115,8.732742053433922,16.774698297564733,13.909148498955089,13.506519829076893,18.495711508574463,17.79284271248287,17.15247965778466,20.85119898648056
L2 Lyapunov (mid),1.0,336.86805555555554,base,base,1.0,0.0,0.0,0.0,0.0,0.0,1359.5332437614306,1359.5332437614306,23.382260463038573,2.735257536956636,2.6851950113109027,2.6052500096956153,5.163186613883855,5.218842288111277,4.996869802201337,6.455946720727809,6.422317134525601,7.210289118696246
L2 Lyapunov (mid),1.0,336.86805555555554,base_0.3,base_0.3,0.3,0.0,0.0,0.0,0.0,0.0,407.91088504990176,407.91088504990165,6.977993338415763,5.007142422511056,4.989504988485059,5.003716873902776,6.7242178181096,6.7089248511542,6.883030777388628,7.691571515142016,7.6817764968027245,9.45022200713734
L2 Lyapunov (mid),1.0,336.86805555555554,bias0.05,base,1.0,0.05,0.0,0.0,0.0,0.0,1359.5332437614306,1359.6051070954372,23.383685057821392,2.7329479949453366,2.6830156601493975,2.6052500096956153,5.163148454312678,5.219237802964751,4.996869802201337,6.455301815110754,6.4217783506855675,7.210289118696246
L2 Lyapunov (mid),1.0,336.86805555555554,bias0.1,base,1.0,0.1,0.0,0.0,0.0,0.0,1359.5332437614306,1359.8206743138574,23.387992994318004,2.7263534403960796,2.676755672493107,2.6052500096956153,5.1630323484156095,5.220423006498258,4.996869802201337,6.45345604542189,6.420234883061106,7.210289118696246
L2 Lyapunov (mid),1.0,336.86805555555554,bias0.2,base,1.0,0.2,0.0,0.0,0.0,0.0,1359.5332437614306,1360.6826017221726,23.405619450423192,2.7037107498173585,2.6552098849186048,2.6052500096956153,5.162545954935136,5.225172131706732,4.996869802201337,6.451502540258249,6.418415130728167,7.210289118696246
L2 Lyapunov (mid),1.0,336.86805555555554,bias0.5,base,1.0,0.5,0.0,0.0,0.0,0.0,1359.5332437614306,1366.7008754176472,23.5351375834775,2.677856803359076,2.632955194543571,2.6052500096956153,5.184728482615019,5.265532960062681,4.996869802201337,6.450709254986053,6.418471748666649,7.210289118696246
L2 Lyapunov (mid),1.0,336.86805555555554,common0.1,base,1.0,0.0,0.1,0.0,0.0,0.0,1359.5332437614306,1359.533314636859,23.385236314688385,2.728210645494795,2.678521447986723,2.6052500096956153,5.163278172154982,5.2203316525347745,4.996869802201337,6.454211646552638,6.420877578637196,7.210289118696246
L2 Lyapunov (mid),1.0,336.86805555555554,common0.5,base,1.0,0.0,0.5,0.0,0.0,0.0,1359.5332437614306,1359.5350156470017,23.459293352578374,2.6616711283195587,2.6551253291368133,2.6052500096956153,5.176876651930698,5.257790558271334,4.996869802201337,6.451413107824104,6.4190457631104,7.210289118696246
L2 Lyapunov (mid),1.0,336.86805555555554,clock10ms,base,1.0,0.0,0.0,0.01,0.0,0.0,1359.5332437614306,1359.5332575064792,23.38227223835544,2.7352476393094904,2.6851854906223473,2.6052500096956153,5.1631895100311676,5.218850024250064,4.996869802201337,6.455941760843166,6.422313203253135,7.210289118696246
L2 Lyapunov (mid),1.0,336.86805555555554,srp_am0.005,base,1.0,0.0,0.0,0.0,0.0015,0.0,1359.5332437614306,1359.533243928996,21.62172605400984,2.7073896377847357,2.7053962660166193,2.6052500096956153,5.366079872941241,5.420643932409254,4.996869802201337,6.405257611405522,6.3696978746369375,7.210289118696246
L2 Lyapunov (mid),1.0,336.86805555555554,srp_am0.01,base,1.0,0.0,0.0,0.0,0.003,0.0,1359.5332437614306,1359.5332444316914,21.62172605619334,2.7072369733970527,2.705254611579376,2.6052500096956153,5.36609442151498,5.420650686405736,4.996869802201337,6.405265074144023,6.369704330581215,7.210289118696246
L2 Lyapunov (mid),1.0,336.86805555555554,srp_am0.02,base,1.0,0.0,0.0,0.0,0.006,0.0,1359.5332437614306,1359.5332464424732,21.62172605837683,2.7069300650810946,2.7049696987823735,2.6052500096956153,5.366123123896549,5.420663811966202,4.996869802201337,6.405278996032534,6.36971628543087,7.210289118696246
L2 Lyapunov (mid),1.0,336.86805555555554,srp_am0.05,base,1.0,0.0,0.0,0.0,0.015,0.0,1359.5332437614306,1359.533260517946,21.621726705020137,2.705996889595804,2.7041023020021298,2.6052500096956153,5.366206059236595,5.420700123563574,4.996869802201337,6.405313354109153,6.369745211573691,7.210289118696246
L2 Lyapunov (mid),1.0,336.86805555555554,nosrp_am0.01,base,1.0,0.0,0.0,0.0,0.0,0.01,1359.5332437614306,1359.5332437614306,19.782162598813652,2.6637913139461538,2.6115980234203966,2.6052500096956153,5.127999077606347,5.095166442784886,4.996869802201337,6.51601477450993,6.5090349830490934,7.210289118696246
L2 Lyapunov (mid),1.0,336.86805555555554,nosrp_am0.05,base,1.0,0.0,0.0,0.0,0.0,0.05,1359.5332437614306,1359.5332437614306,19.782213979540593,2.6637063445677347,2.612577446150011,2.6052500096956153,5.127883593404829,5.096185736514799,4.996869802201337,6.518395850466373,6.511469478034363,7.210289118696246
L2 Lyapunov (mid),1.0,336.86805555555554,nominal,base,1.0,0.1,0.0,0.001,0.003,0.0,1359.5332437614306,1359.8206751213975,21.622449933293403,2.7012110071480393,2.699394194461141,2.6052500096956153,5.368098223701584,5.422530680171458,4.996869802201337,6.406593676647721,6.370802993134515,7.210289118696246
L2 Lyapunov (mid),1.0,336.86805555555554,conservative,base,1.0,0.5,0.1,0.01,0.015,0.0,1359.5332437614306,1366.7009762589846,21.660933729638334,2.6314402949030606,2.6312114550732715,2.6052500096956153,5.264884175324523,5.315324465043285,4.996869802201337,6.427968152926062,6.388628360572405,7.210289118696246
L2 Lyapunov (mid),1.0,336.86805555555554,nominal_0.3,base_0.3,0.3,0.1,0.0,0.001,0.003,0.0,407.91088504990176,408.86830401200115,6.4850543936893645,5.102318811546876,5.09814707196043,5.003716873902776,6.8572237872104465,6.850710377869168,6.883030777388628,7.982392606980815,7.973355030410967,9.45022200713734
L2 Lyapunov (mid),1.0,336.86805555555554,conservative_0.3,base_0.3,0.3,0.5,0.1,0.01,0.015,0.0,407.91088504990176,431.2094364369536,6.754306971182483,4.986224508669124,4.982992110335749,5.003716873902776,6.785956175714025,6.772744340431789,6.883030777388628,7.931327614399616,7.920372339796355,9.45022200713734
L2 Lyapunov (mid),3.0,336.86805555555554,base,base,1.0,0.0,0.0,0.0,0.0,0.0,1356.9184779585235,1356.9184779585212,23.333509115088386,2.7402289977357825,2.6900584152497453,2.6100834054601063,5.167243665160005,5.22303614239125,5.002394129851745,6.4572153057379005,6.42368091927032,7.215015241052503
L2 Lyapunov (mid),3.0,336.86805555555554,base_0.3,base_0.3,0.3,0.0,0.0,0.0,0.0,0.0,407.839909207929,407.839909207929,6.97668329367587,5.007653305707269,4.989981024491513,5.004207695551607,6.724503904726538,6.709282132297261,6.88335099406604,7.691813236150256,7.682014970667369,9.450613799230075
L2 Lyapunov (mid),3.0,336.86805555555554,bias0.05,base,1.0,0.05,0.0,0.0,0.0,0.0,1356.9184779585235,1356.989967972231,23.33493220518018,2.7379144888361866,2.68787411526849,2.6100834054601063,5.167249266158155,5.223492130610305,5.002394129851745,6.457160873833386,6.423611479192541,7.215015241052503
L2 Lyapunov (mid),3.0,336.86805555555554,bias0.1,base,1.0,0.1,0.0,0.0,0.0,0.0,1356.9184779585235,1357.2044154224188,23.339235894623737,2.731265732923778,2.6816002284889042,2.6100834054601063,5.167254990032345,5.224842783850678,5.002394129851745,6.456216874663618,6.4227839759343945,7.215015241052503
L2 Lyapunov (mid),3.0,336.86805555555554,bias0.2,base,1.0,0.2,0.0,0.0,0.0,0.0,1356.9184779585235,1358.0618666443127,23.356842622907973,2.7085745372492713,2.6600103530892767,2.6100834054601063,5.167119498347241,5.230008624905931,5.002394129851745,6.451474884985251,6.418736779160932,7.215015241052503
L2 Lyapunov (mid),3.0,336.86805555555554,bias0.5,base,1.0,0.5,0.0,0.0,0.0,0.0,1356.9184779585235,1364.0489354216047,23.48619308663482,2.6831298254904543,2.6378663768156927,2.6100834054601063,5.190941974624525,5.271866400388909,5.002394129851745,6.449883343131193,6.418361038171805,7.215015241052503
L2 Lyapunov (mid),3.0,336.86805555555554,common0.1,base,1.0,0.0,0.1,0.0,0.0,0.0,1356.9184779585235,1356.9185484566347,23.33648946737236,2.733141575097843,2.683368390581721,2.6100834054601063,5.167474883887034,5.2247203742767105,5.002394129851745,6.457000315882306,6.423450379586092,7.215015241052503
L2 Lyapunov (mid),3.0,336.86805555555554,common0.5,base,1.0,0.0,0.5,0.0,0.0,0.0,1356.9184779585235,1356.9202404112318,23.41061060344065,2.6667154940327027,2.6600325679266796,2.6100834054601063,5.183026025384442,5.264049797249317,5.002394129851745,6.450567130815829,6.418858266584168,7.215015241052503
L2 Lyapunov (mid),3.0,336.86805555555554,clock10ms,base,1.0,0.0,0.0,0.01,0.0,0.0,1356.9184779585235,1356.9184912925343,23.33352112135455,2.7402190793166996,2.69004887325825,2.6100834054601063,5.167246995050559,5.223044461864902,5.002394129851745,6.457215095079061,6.423680571784589,7.215015241052503
L2 Lyapunov (mid),3.0,336.86805555555554,srp_am0.005,base,1.0,0.0,0.0,0.0,0.0015,0.0,1356.9184779585235,1356.9184781445388,21.57674487475027,2.7123431680985863,2.7103851993949,2.6100834054601063,5.371022082843652,5.4257778532785546,5.002394129851745,6.4037992614109305,6.368698038477937,7.215015241052503
L2 Lyapunov (mid),3.0,336.86805555555554,srp_am0.01,base,1.0,0.0,0.0,0.0,0.003,0.0,1356.9184779585235,1356.9184787025922,21.5767446623999,2.712189782266943,2.710242868069882,2.6100834054601063,5.3710366276750445,5.425784647944257,5.002394129851745,6.403806986920072,6.368704677788131,7.215015241052503
L2 Lyapunov (mid),3.0,336.86805555555554,srp_am0.02,base,1.0,0.0,0.0,0.0,0.006,0.0,1356.9184779585235,1356.9184809348053,21.576744660211848,2.711881423056211,2.7099565932713308,2.6100834054601063,5.371065322167245,5.425797852167284,5.002394129851745,6.40382111549595,6.368716793831833,7.215015241052503
L2 Lyapunov (mid),3.0,336.86805555555554,srp_am0.05,base,1.0,0.0,0.0,0.0,0.015,0.0,1356.9184779585235,1356.9184965602965,21.57674509585284,2.7109438329546416,2.709085046699316,2.6100834054601063,5.37114823052384,5.425834378279972,5.002394129851745,6.4038562474332545,6.368746184543432,7.215015241052503
L2 Lyapunov (mid),3.0,336.86805555555554,nosrp_am0.01,base,1.0,0.0,0.0,0.0,0.0,0.01,1356.9184779585235,1356.9184779585212,19.446537134431416,2.673045474576673,2.6209614129376133,2.6100834054601063,5.1365051199379925,5.103849708985242,5.002394129851745,6.52063652618843,6.513565507094666,7.215015241052503
L2 Lyapunov (mid),3.0,336.86805555555554,nosrp_am0.05,base,1.0,0.0,0.0,0.0,0.0,0.05,1356.9184779585235,1356.9184779585212,19.446590637213564,2.6729610414897196,2.6219667134505036,2.6100834054601063,5.136395058235754,5.10489727903537,5.002394129851745,6.52301207455219,6.515991537742406,7.215015241052503
L2 Lyapunov (mid),3.0,336.86805555555554,nominal,base,1.0,0.1,0.0,0.001,0.003,0.0,1356.9184779585235,1357.2044162996451,21.57745809645179,2.706152310517212,2.7043709760934473,2.6100834054601063,5.373049254984623,5.4276855473469245,5.002394129851745,6.4050736988500585,6.369749318675145,7.215015241052503
L2 Lyapunov (mid),3.0,336.86805555555554,conservative,base,1.0,0.5,0.1,0.01,0.015,0.0,1356.9184779585235,1364.0490373160615,21.615690622192375,2.636315865645346,2.636120548181731,2.6100834054601063,5.26987554651075,5.320240285516761,5.002394129851745,6.43067861626484,6.390221810527699,7.215015241052503
L2 Lyapunov (mid),3.0,336.86805555555554,nominal_0.3,base_0.3,0.3,0.1,0.0,0.001,0.003,0.0,407.839909207929,408.7968769562779,6.483839833264044,5.102733506627989,5.0985626877734465,5.004207695551607,6.8574979664383715,6.851006823190538,6.88335099406604,7.982671570707458,7.973625165032095,9.450613799230075
L2 Lyapunov (mid),3.0,336.86805555555554,conservative_0.3,base_0.3,0.3,0.5,0.1,0.01,0.015,0.0,407.839909207929,431.12765954051935,6.752993448539225,4.986732621232525,4.983499389436418,5.004207695551607,6.786298012174776,6.77308583898543,6.88335099406604,7.931664419943697,7.920704687448677,9.450613799230075
DRO (~70k km),1.0,32.270833333333336,base,base,1.0,0.0,0.0,0.0,0.0,0.0,39.86288309281515,39.86288309281515,2.078580970698156,14.56820370671755,14.57241393933576,14.595865981521694,inf,inf,inf,inf,inf,inf
DRO (~70k km),1.0,32.270833333333336,base_0.3,base_0.3,0.3,0.0,0.0,0.0,0.0,0.0,11.95886563996582,11.95886563996582,0.623605273828791,inf,inf,inf,inf,inf,inf,inf,inf,inf
DRO (~70k km),1.0,32.270833333333336,bias0.05,base,1.0,0.05,0.0,0.0,0.0,0.0,39.86288309281515,40.2807874738433,2.0870183376645763,14.56174315986335,14.565956768178633,14.595865981521694,inf,inf,inf,inf,inf,inf
DRO (~70k km),1.0,32.270833333333336,bias0.1,base,1.0,0.1,0.0,0.0,0.0,0.0,39.86288309281515,41.509268040948015,2.1146698699830773,14.542530549773701,14.546755272472113,14.595865981521694,inf,inf,inf,inf,inf,inf
DRO (~70k km),1.0,32.270833333333336,bias0.2,base,1.0,0.2,0.0,0.0,0.0,0.0,39.86288309281515,46.096994529563375,2.1959893493789164,14.458369925466016,14.462908102602135,14.595865981521694,inf,inf,inf,inf,inf,inf
DRO (~70k km),1.0,32.270833333333336,bias0.5,base,1.0,0.5,0.0,0.0,0.0,0.0,39.86288309281515,70.27361392140926,2.7644932393040396,13.774761941246291,13.771603079301265,14.595865981521694,inf,inf,inf,inf,inf,inf
DRO (~70k km),1.0,32.270833333333336,common0.1,base,1.0,0.0,0.1,0.0,0.0,0.0,39.86288309281515,39.86291508484235,2.0963153813028366,14.55207577828952,14.555532066678273,14.595865981521694,inf,inf,inf,inf,inf,inf
DRO (~70k km),1.0,32.270833333333336,common0.5,base,1.0,0.0,0.5,0.0,0.0,0.0,39.86288309281515,39.86368321769745,2.4828688580157348,14.576248340445408,14.585052422269555,14.595865981521694,inf,inf,inf,inf,inf,inf
DRO (~70k km),1.0,32.270833333333336,clock10ms,base,1.0,0.0,0.0,0.01,0.0,0.0,39.86288309281515,39.86321935777737,2.0786128297813184,14.568104467053242,14.572314451663823,14.595865981521694,inf,inf,inf,inf,inf,inf
DRO (~70k km),1.0,32.270833333333336,srp_am0.005,base,1.0,0.0,0.0,0.0,0.0015,0.0,39.86288309281515,39.86293623543072,2.2283866884434747,14.559652196134497,14.589050732160178,14.595865981521694,inf,inf,inf,inf,inf,inf
DRO (~70k km),1.0,32.270833333333336,srp_am0.01,base,1.0,0.0,0.0,0.0,0.003,0.0,39.86288309281515,39.86309566285241,2.228382470161995,14.54989381601234,14.57862904696083,14.595865981521694,inf,inf,inf,inf,inf,inf
DRO (~70k km),1.0,32.270833333333336,srp_am0.02,base,1.0,0.0,0.0,0.0,0.006,0.0,39.86288309281515,39.863733366164396,2.228386836005056,14.52896110446125,14.556387112277928,14.595865981521694,inf,inf,inf,inf,inf,inf
DRO (~70k km),1.0,32.270833333333336,srp_am0.05,base,1.0,0.0,0.0,0.0,0.015,0.0,39.86288309281515,39.86819700379621,2.2284087493988327,14.645235077574705,14.603508246888948,14.595865981521694,inf,inf,inf,inf,inf,inf
DRO (~70k km),1.0,32.270833333333336,nosrp_am0.01,base,1.0,0.0,0.0,0.0,0.0,0.01,39.86288309281515,39.86288309281515,2.2018295551820875,15.047043400746903,15.123531292646202,14.595865981521694,inf,inf,inf,inf,inf,inf
DRO (~70k km),1.0,32.270833333333336,nosrp_am0.05,base,1.0,0.0,0.0,0.0,0.0,0.05,39.86288309281515,39.86288309281515,2.201840341932066,15.047727077967027,15.046733782934346,14.595865981521694,inf,inf,inf,inf,inf,inf
DRO (~70k km),1.0,32.270833333333336,nominal,base,1.0,0.1,0.0,0.001,0.003,0.0,39.86288309281515,41.50947541047994,2.248433378026149,14.498911276208096,14.527150251741512,14.595865981521694,inf,inf,inf,inf,inf,inf
DRO (~70k km),1.0,32.270833333333336,conservative,base,1.0,0.5,0.1,0.01,0.015,0.0,39.86288309281515,70.27683721560713,2.7175270980919746,13.753578908034989,13.741454126387252,14.595865981521694,inf,inf,inf,inf,inf,inf
DRO (~70k km),1.0,32.270833333333336,nominal_0.3,base_0.3,0.3,0.1,0.0,0.001,0.003,0.0,11.95886563996582,16.64343357020067,0.7294507357193016,inf,inf,inf,inf,inf,inf,inf,inf,inf
DRO (~70k km),1.0,32.270833333333336,conservative_0.3,base_0.3,0.3,0.5,0.1,0.01,0.015,0.0,11.95886563996582,59.10024614328394,1.8726438006993926,14.509938623841506,14.496413298191236,inf,inf,inf,inf,inf,inf,inf
DRO (~70k km),3.0,32.270833333333336,base,base,1.0,0.0,0.0,0.0,0.0,0.0,15.823436443450243,15.823436443450243,1.0864547266388922,inf,inf,inf,inf,inf,inf,inf,inf,inf
DRO (~70k km),3.0,32.270833333333336,base_0.3,base_0.3,0.3,0.0,0.0,0.0,0.0,0.0,4.7470310744306214,4.7470310744306214,0.3259613243656816,inf,inf,inf,inf,inf,inf,inf,inf,inf
DRO (~70k km),3.0,32.270833333333336,bias0.05,base,1.0,0.05,0.0,0.0,0.0,0.0,15.823436443450243,16.550121862591563,1.0998361992899026,inf,inf,inf,inf,inf,inf,inf,inf,inf
DRO (~70k km),3.0,32.270833333333336,bias0.1,base,1.0,0.1,0.0,0.0,0.0,0.0,15.823436443450243,18.560254418779046,1.129206997678529,inf,inf,inf,inf,inf,inf,inf,inf,inf
DRO (~70k km),3.0,32.270833333333336,bias0.2,base,1.0,0.2,0.0,0.0,0.0,0.0,15.823436443450243,25.035795853719076,1.2295273028590692,inf,inf,inf,inf,inf,inf,inf,inf,inf
DRO (~70k km),3.0,32.270833333333336,bias0.5,base,1.0,0.5,0.0,0.0,0.0,0.0,15.823436443450243,51.01917920971951,1.8277262270489707,inf,inf,inf,inf,inf,inf,inf,inf,inf
DRO (~70k km),3.0,32.270833333333336,common0.1,base,1.0,0.0,0.1,0.0,0.0,0.0,15.823436443450243,15.82377648300062,1.1157004446629777,inf,inf,inf,inf,inf,inf,inf,inf,inf
DRO (~70k km),3.0,32.270833333333336,common0.5,base,1.0,0.0,0.5,0.0,0.0,0.0,15.823436443450243,15.831956157546083,1.690052987621587,inf,inf,inf,inf,inf,inf,inf,inf,inf
DRO (~70k km),3.0,32.270833333333336,clock10ms,base,1.0,0.0,0.0,0.01,0.0,0.0,15.823436443450243,15.823657808494733,1.0864982446600946,inf,inf,inf,inf,inf,inf,inf,inf,inf
DRO (~70k km),3.0,32.270833333333336,srp_am0.005,base,1.0,0.0,0.0,0.0,0.0015,0.0,15.823436443450243,15.826526229259466,1.1109214854172247,inf,inf,inf,inf,inf,inf,inf,inf,inf
DRO (~70k km),3.0,32.270833333333336,srp_am0.01,base,1.0,0.0,0.0,0.0,0.003,0.0,15.823436443450243,15.835791988247022,1.1108423628601807,inf,inf,inf,inf,inf,inf,inf,inf,inf
DRO (~70k km),3.0,32.270833333333336,srp_am0.02,base,1.0,0.0,0.0,0.0,0.006,0.0,15.823436443450243,15.872801213811904,1.1104541458193151,inf,inf,inf,inf,inf,inf,inf,inf,inf
DRO (~70k km),3.0,32.270833333333336,srp_am0.05,base,1.0,0.0,0.0,0.0,0.015,0.0,15.823436443450243,16.129500085162345,1.1076046316203338,inf,inf,inf,inf,inf,inf,inf,inf,inf
DRO (~70k km),3.0,32.270833333333336,nosrp_am0.01,base,1.0,0.0,0.0,0.0,0.0,0.01,15.823436443450243,15.823436443450243,1.1309129573290149,inf,inf,inf,inf,inf,inf,inf,inf,inf
DRO (~70k km),3.0,32.270833333333336,nosrp_am0.05,base,1.0,0.0,0.0,0.0,0.0,0.05,15.823436443450243,15.823436443450243,1.1309545610194043,inf,inf,inf,inf,inf,inf,inf,inf,inf
DRO (~70k km),3.0,32.270833333333336,nominal,base,1.0,0.1,0.0,0.001,0.003,0.0,15.823436443450243,18.57079029466784,1.1399716276852614,inf,inf,inf,inf,inf,inf,inf,inf,inf
DRO (~70k km),3.0,32.270833333333336,conservative,base,1.0,0.5,0.1,0.01,0.015,0.0,15.823436443450243,51.11507865114542,1.839920454961722,inf,inf,inf,inf,inf,inf,inf,inf,inf
DRO (~70k km),3.0,32.270833333333336,nominal_0.3,base_0.3,0.3,0.1,0.0,0.001,0.003,0.0,4.7470310744306214,10.817962567028454,0.4389737455773301,inf,inf,inf,inf,inf,inf,inf,inf,inf
DRO (~70k km),3.0,32.270833333333336,conservative_0.3,base_0.3,0.3,0.5,0.1,0.01,0.015,0.0,4.7470310744306214,48.83552309228943,1.4897138898789588,inf,inf,inf,inf,inf,inf,inf,inf,inf
DRO (~70k km),7.0,32.270833333333336,base,base,1.0,0.0,0.0,0.0,0.0,0.0,1.4748796654098708,1.4748796654098713,0.616033945174923,inf,inf,inf,inf,inf,inf,inf,inf,inf
DRO (~70k km),7.0,32.270833333333336,base_0.3,base_0.3,0.3,0.0,0.0,0.0,0.0,0.0,0.4424638999454601,0.44246389994546226,0.18483279292636026,inf,inf,inf,inf,inf,inf,inf,inf,inf
DRO (~70k km),7.0,32.270833333333336,bias0.05,base,1.0,0.05,0.0,0.0,0.0,0.0,1.4748796654098708,1.4987544315012011,0.6228659006498459,inf,inf,inf,inf,inf,inf,inf,inf,inf
DRO (~70k km),7.0,32.270833333333336,bias0.1,base,1.0,0.1,0.0,0.0,0.0,0.0,1.4748796654098708,1.5683367795768584,0.642110236740391,inf,inf,inf,inf,inf,inf,inf,inf,inf
DRO (~70k km),7.0,32.270833333333336,bias0.2,base,1.0,0.2,0.0,0.0,0.0,0.0,1.4748796654098708,1.821427032796549,0.7077425836365472,inf,inf,inf,inf,inf,inf,inf,inf,inf
DRO (~70k km),7.0,32.270833333333336,bias0.5,base,1.0,0.5,0.0,0.0,0.0,0.0,1.4748796654098708,3.0608605859320175,1.064096215376295,inf,inf,inf,inf,inf,inf,inf,inf,inf
DRO (~70k km),7.0,32.270833333333336,common0.1,base,1.0,0.0,0.1,0.0,0.0,0.0,1.4748796654098708,1.4761202560598288,0.6874068843503539,inf,inf,inf,inf,inf,inf,inf,inf,inf
DRO (~70k km),7.0,32.270833333333336,common0.5,base,1.0,0.0,0.5,0.0,0.0,0.0,1.4748796654098708,1.5254622268888716,1.5002616278189111,inf,inf,inf,inf,inf,inf,inf,inf,inf
DRO (~70k km),7.0,32.270833333333336,clock10ms,base,1.0,0.0,0.0,0.01,0.0,0.0,1.4748796654098708,1.4749217536283246,0.6160877604354039,inf,inf,inf,inf,inf,inf,inf,inf,inf
DRO (~70k km),7.0,32.270833333333336,srp_am0.005,base,1.0,0.0,0.0,0.0,0.0015,0.0,1.4748796654098708,1.6507533220868713,0.6229873189250099,inf,inf,inf,inf,inf,inf,inf,inf,inf
DRO (~70k km),7.0,32.270833333333336,srp_am0.01,base,1.0,0.0,0.0,0.0,0.003,0.0,1.4748796654098708,2.09363430184018,0.6418670938941726,inf,inf,inf,inf,inf,inf,inf,inf,inf
DRO (~70k km),7.0,32.270833333333336,srp_am0.02,base,1.0,0.0,0.0,0.0,0.006,0.0,1.4748796654098708,3.323075147823964,0.6951334757440188,inf,inf,inf,inf,inf,inf,inf,inf,inf
DRO (~70k km),7.0,32.270833333333336,srp_am0.05,base,1.0,0.0,0.0,0.0,0.015,0.0,1.4748796654098708,7.596912109939445,1.0379128880577178,inf,inf,inf,inf,inf,inf,inf,inf,inf
DRO (~70k km),7.0,32.270833333333336,nosrp_am0.01,base,1.0,0.0,0.0,0.0,0.0,0.01,1.4748796654098708,1.4748796654098713,0.5618771171960837,inf,inf,inf,inf,inf,inf,inf,inf,inf
DRO (~70k km),7.0,32.270833333333336,nosrp_am0.05,base,1.0,0.0,0.0,0.0,0.0,0.05,1.4748796654098708,1.4748796654098713,0.5619192316484591,inf,inf,inf,inf,inf,inf,inf,inf,inf
DRO (~70k km),7.0,32.270833333333336,nominal,base,1.0,0.1,0.0,0.001,0.003,0.0,1.4748796654098708,2.161168661020677,0.6687021576600242,inf,inf,inf,inf,inf,inf,inf,inf,inf
DRO (~70k km),7.0,32.270833333333336,conservative,base,1.0,0.5,0.1,0.01,0.015,0.0,1.4748796654098708,8.058267714331695,1.3546334044855712,inf,inf,inf,inf,inf,inf,inf,inf,inf
DRO (~70k km),7.0,32.270833333333336,nominal_0.3,base_0.3,0.3,0.1,0.0,0.001,0.003,0.0,0.4424638999454601,1.6445722525456583,0.29448547655900964,inf,inf,inf,inf,inf,inf,inf,inf,inf
DRO (~70k km),7.0,32.270833333333336,conservative_0.3,base_0.3,0.3,0.5,0.1,0.01,0.015,0.0,0.4424638999454601,7.936107151179879,1.2203722430916384,inf,inf,inf,inf,inf,inf,inf,inf,inf
DRO (~70k km),1.0,60.75,base,base,1.0,0.0,0.0,0.0,0.0,0.0,31.819310076402118,31.819310076402118,1.0657822636102523,inf,inf,inf,inf,inf,inf,inf,inf,inf
DRO (~70k km),1.0,60.75,base_0.3,base_0.3,0.3,0.0,0.0,0.0,0.0,0.0,9.545793403016571,9.545793403016571,0.3197633925180316,inf,inf,inf,inf,inf,inf,inf,inf,inf
DRO (~70k km),1.0,60.75,bias0.05,base,1.0,0.05,0.0,0.0,0.0,0.0,31.819310076402118,32.227883423538294,1.0815135507286293,inf,inf,inf,inf,inf,inf,inf,inf,inf
DRO (~70k km),1.0,60.75,bias0.1,base,1.0,0.1,0.0,0.0,0.0,0.0,31.819310076402118,33.42365257011426,1.1273294719633824,inf,inf,inf,inf,inf,inf,inf,inf,inf
DRO (~70k km),1.0,60.75,bias0.2,base,1.0,0.2,0.0,0.0,0.0,0.0,31.819310076402118,37.83065547982593,1.2938939867890926,inf,inf,inf,inf,inf,inf,inf,inf,inf
DRO (~70k km),1.0,60.75,bias0.5,base,1.0,0.5,0.0,0.0,0.0,0.0,31.819310076402118,60.243712044767406,2.1138081277470606,13.829941073005118,13.837325042204391,inf,inf,inf,inf,inf,inf,inf
DRO (~70k km),1.0,60.75,common0.1,base,1.0,0.0,0.1,0.0,0.0,0.0,31.819310076402118,31.819395994051415,1.1020430261529788,inf,inf,inf,inf,inf,inf,inf,inf,inf
DRO (~70k km),1.0,60.75,common0.5,base,1.0,0.0,0.5,0.0,0.0,0.0,31.819310076402118,31.82145913447475,1.8090947886037712,inf,inf,inf,inf,inf,inf,inf,inf,inf
DRO (~70k km),1.0,60.75,clock10ms,base,1.0,0.0,0.0,0.01,0.0,0.0,31.819310076402118,31.819375596219412,1.0659074408064884,inf,inf,inf,inf,inf,inf,inf,inf,inf
DRO (~70k km),1.0,60.75,srp_am0.005,base,1.0,0.0,0.0,0.0,0.0015,0.0,31.819310076402118,31.819319269287373,1.0879349955392479,inf,inf,inf,inf,inf,inf,inf,inf,inf
DRO (~70k km),1.0,60.75,srp_am0.01,base,1.0,0.0,0.0,0.0,0.003,0.0,31.819310076402118,31.819346847927207,1.0879436358883892,inf,inf,inf,inf,inf,inf,inf,inf,inf
DRO (~70k km),1.0,60.75,srp_am0.02,base,1.0,0.0,0.0,0.0,0.006,0.0,31.819310076402118,31.819457162247538,1.0879393372124482,inf,inf,inf,inf,inf,inf,inf,inf,inf
DRO (~70k km),1.0,60.75,srp_am0.05,base,1.0,0.0,0.0,0.0,0.015,0.0,31.819310076402118,31.820229351781958,1.0879523621280915,inf,inf,inf,inf,inf,inf,inf,inf,inf
DRO (~70k km),1.0,60.75,nosrp_am0.01,base,1.0,0.0,0.0,0.0,0.0,0.01,31.819310076402118,31.819310076402118,1.148143278820914,inf,inf,inf,inf,inf,inf,inf,inf,inf
DRO (~70k km),1.0,60.75,nosrp_am0.05,base,1.0,0.0,0.0,0.0,0.0,0.05,31.819310076402118,31.819310076402118,1.1481596537013774,inf,inf,inf,inf,inf,inf,inf,inf,inf
DRO (~70k km),1.0,60.75,nominal,base,1.0,0.1,0.0,0.001,0.003,0.0,31.819310076402118,33.423688200356715,1.1479330561706622,inf,inf,inf,inf,inf,inf,inf,inf,inf
DRO (~70k km),1.0,60.75,conservative,base,1.0,0.5,0.1,0.01,0.015,0.0,31.819310076402118,60.24427810363968,2.157583392632082,13.658673579399105,13.675477375637382,inf,inf,inf,inf,inf,inf,inf
DRO (~70k km),1.0,60.75,nominal_0.3,base_0.3,0.3,0.1,0.0,0.001,0.003,0.0,9.545793403016571,13.992769873819912,0.49175712546647254,inf,inf,inf,inf,inf,inf,inf,inf,inf
DRO (~70k km),1.0,60.75,conservative_0.3,base_0.3,0.3,0.5,0.1,0.01,0.015,0.0,9.545793403016571,52.03883938782107,1.8821072790510487,inf,inf,inf,inf,inf,inf,inf,inf,inf
DRO (~70k km),3.0,60.75,base,base,1.0,0.0,0.0,0.0,0.0,0.0,14.383504205997289,14.383504205997289,0.6658087679438022,inf,inf,inf,inf,inf,inf,inf,inf,inf
DRO (~70k km),3.0,60.75,base_0.3,base_0.3,0.3,0.0,0.0,0.0,0.0,0.0,4.315051311149604,4.315051311149604,0.19973928584024908,inf,inf,inf,inf,inf,inf,inf,inf,inf
DRO (~70k km),3.0,60.75,bias0.05,base,1.0,0.05,0.0,0.0,0.0,0.0,14.383504205997289,15.070062612227044,0.6757426313300278,inf,inf,inf,inf,inf,inf,inf,inf,inf
DRO (~70k km),3.0,60.75,bias0.1,base,1.0,0.1,0.0,0.0,0.0,0.0,14.383504205997289,16.963851062647343,0.700945740439667,inf,inf,inf,inf,inf,inf,inf,inf,inf
DRO (~70k km),3.0,60.75,bias0.2,base,1.0,0.2,0.0,0.0,0.0,0.0,14.383504205997289,23.03123984507301,0.7855475287577542,inf,inf,inf,inf,inf,inf,inf,inf,inf
DRO (~70k km),3.0,60.75,bias0.5,base,1.0,0.5,0.0,0.0,0.0,0.0,14.383504205997289,47.21351886295533,1.3667416814589566,inf,inf,inf,inf,inf,inf,inf,inf,inf
DRO (~70k km),3.0,60.75,common0.1,base,1.0,0.0,0.1,0.0,0.0,0.0,14.383504205997289,14.383702819725098,0.7359218573020001,inf,inf,inf,inf,inf,inf,inf,inf,inf
DRO (~70k km),3.0,60.75,common0.5,base,1.0,0.0,0.5,0.0,0.0,0.0,14.383504205997289,14.388479698914237,1.6061965094586164,inf,inf,inf,inf,inf,inf,inf,inf,inf
DRO (~70k km),3.0,60.75,clock10ms,base,1.0,0.0,0.0,0.01,0.0,0.0,14.383504205997289,14.383580655054553,0.665901554335949,inf,inf,inf,inf,inf,inf,inf,inf,inf
DRO (~70k km),3.0,60.75,srp_am0.005,base,1.0,0.0,0.0,0.0,0.0015,0.0,14.383504205997289,14.384062636485451,0.602711811513464,inf,inf,inf,inf,inf,inf,inf,inf,inf
DRO (~70k km),3.0,60.75,srp_am0.01,base,1.0,0.0,0.0,0.0,0.003,0.0,14.383504205997289,14.385737798095867,0.6027740593783069,inf,inf,inf,inf,inf,inf,inf,inf,inf
DRO (~70k km),3.0,60.75,srp_am0.02,base,1.0,0.0,0.0,0.0,0.006,0.0,14.383504205997289,14.392436497931614,0.60306946233148,inf,inf,inf,inf,inf,inf,inf,inf,inf
DRO (~70k km),3.0,60.75,srp_am0.05,base,1.0,0.0,0.0,0.0,0.015,0.0,14.383504205997289,14.43924052128005,0.6050096486613026,inf,inf,inf,inf,inf,inf,inf,inf,inf
DRO (~70k km),3.0,60.75,nosrp_am0.01,base,1.0,0.0,0.0,0.0,0.0,0.01,14.383504205997289,14.383504205997289,0.5805629886223643,inf,inf,inf,inf,inf,inf,inf,inf,inf
DRO (~70k km),3.0,60.75,nosrp_am0.05,base,1.0,0.0,0.0,0.0,0.0,0.05,14.383504205997289,14.383504205997289,0.580546952546982,inf,inf,inf,inf,inf,inf,inf,inf,inf
DRO (~70k km),3.0,60.75,nominal,base,1.0,0.1,0.0,0.001,0.003,0.0,14.383504205997289,16.965745723950658,0.6473692013890922,inf,inf,inf,inf,inf,inf,inf,inf,inf
DRO (~70k km),3.0,60.75,conservative,base,1.0,0.5,0.1,0.01,0.015,0.0,14.383504205997289,47.23061435536716,1.407576341778255,inf,inf,inf,inf,inf,inf,inf,inf,inf
DRO (~70k km),3.0,60.75,nominal_0.3,base_0.3,0.3,0.1,0.0,0.001,0.003,0.0,4.315051311149604,9.978621125930578,0.3077407731706898,inf,inf,inf,inf,inf,inf,inf,inf,inf
DRO (~70k km),3.0,60.75,conservative_0.3,base_0.3,0.3,0.5,0.1,0.01,0.015,0.0,4.315051311149604,45.193725804735664,1.2719308715701039,inf,inf,inf,inf,inf,inf,inf,inf,inf
DRO (~70k km),7.0,60.75,base,base,1.0,0.0,0.0,0.0,0.0,0.0,6.359454048128253,6.359454048128257,0.5612327829044186,inf,inf,inf,inf,inf,inf,inf,inf,inf
DRO (~70k km),7.0,60.75,base_0.3,base_0.3,0.3,0.0,0.0,0.0,0.0,0.0,1.9078362922967635,1.90783629229676,0.1683453056809083,inf,inf,inf,inf,inf,inf,inf,inf,inf
DRO (~70k km),7.0,60.75,bias0.05,base,1.0,0.05,0.0,0.0,0.0,0.0,6.359454048128253,6.838165748449689,0.5705596685069536,inf,inf,inf,inf,inf,inf,inf,inf,inf
DRO (~70k km),7.0,60.75,bias0.1,base,1.0,0.1,0.0,0.0,0.0,0.0,6.359454048128253,8.106433732970022,0.597516094836663,inf,inf,inf,inf,inf,inf,inf,inf,inf
DRO (~70k km),7.0,60.75,bias0.2,base,1.0,0.2,0.0,0.0,0.0,0.0,6.359454048128253,11.896643168407728,0.6947132707962037,inf,inf,inf,inf,inf,inf,inf,inf,inf
DRO (~70k km),7.0,60.75,bias0.5,base,1.0,0.5,0.0,0.0,0.0,0.0,6.359454048128253,25.927661594439897,1.1686743320280892,inf,inf,inf,inf,inf,inf,inf,inf,inf
DRO (~70k km),7.0,60.75,common0.1,base,1.0,0.0,0.1,0.0,0.0,0.0,6.359454048128253,6.362120098829383,0.6347189837507913,inf,inf,inf,inf,inf,inf,inf,inf,inf
DRO (~70k km),7.0,60.75,common0.5,base,1.0,0.0,0.5,0.0,0.0,0.0,6.359454048128253,6.426559279168773,1.5401558309623713,inf,inf,inf,inf,inf,inf,inf,inf,inf
DRO (~70k km),7.0,60.75,clock10ms,base,1.0,0.0,0.0,0.01,0.0,0.0,6.359454048128253,6.359489995454193,0.561426074609825,inf,inf,inf,inf,inf,inf,inf,inf,inf
DRO (~70k km),7.0,60.75,srp_am0.005,base,1.0,0.0,0.0,0.0,0.0015,0.0,6.359454048128253,6.409283757456094,0.47253829805393516,inf,inf,inf,inf,inf,inf,inf,inf,inf
DRO (~70k km),7.0,60.75,srp_am0.01,base,1.0,0.0,0.0,0.0,0.003,0.0,6.359454048128253,6.556506516554166,0.4716728987569965,inf,inf,inf,inf,inf,inf,inf,inf,inf
DRO (~70k km),7.0,60.75,srp_am0.02,base,1.0,0.0,0.0,0.0,0.006,0.0,6.359454048128253,7.115059889079713,0.46760320985907483,inf,inf,inf,inf,inf,inf,inf,inf,inf
DRO (~70k km),7.0,60.75,srp_am0.05,base,1.0,0.0,0.0,0.0,0.015,0.0,6.359454048128253,10.202617294654058,0.4764769681011834,inf,inf,inf,inf,inf,inf,inf,inf,inf
DRO (~70k km),7.0,60.75,nosrp_am0.01,base,1.0,0.0,0.0,0.0,0.0,0.01,6.359454048128253,6.359454048128257,0.4374883341809803,inf,inf,inf,inf,inf,inf,inf,inf,inf
DRO (~70k km),7.0,60.75,nosrp_am0.05,base,1.0,0.0,0.0,0.0,0.0,0.05,6.359454048128253,6.359454048128257,0.43752072385576196,inf,inf,inf,inf,inf,inf,inf,inf,inf
DRO (~70k km),7.0,60.75,nominal,base,1.0,0.1,0.0,0.001,0.003,0.0,6.359454048128253,8.261934179425769,0.50614184368149,inf,inf,inf,inf,inf,inf,inf,inf,inf
DRO (~70k km),7.0,60.75,conservative,base,1.0,0.5,0.1,0.01,0.015,0.0,6.359454048128253,27.127800349181786,1.1321564901399306,inf,inf,inf,inf,inf,inf,inf,inf,inf
DRO (~70k km),7.0,60.75,nominal_0.3,base_0.3,0.3,0.1,0.0,0.001,0.003,0.0,1.9078362922967635,5.608689095345789,0.24416394359523766,inf,inf,inf,inf,inf,inf,inf,inf,inf
DRO (~70k km),7.0,60.75,conservative_0.3,base_0.3,0.3,0.5,0.1,0.01,0.015,0.0,1.9078362922967635,26.44081168859474,1.0409418410474331,inf,inf,inf,inf,inf,inf,inf,inf,inf
DRO (~70k km),1.0,89.78472222222223,base,base,1.0,0.0,0.0,0.0,0.0,0.0,301.45946962232665,301.45946962232665,7.301172074236567,2.8283045101161024,2.815411464896217,2.561716089366812,7.809387176319027,7.8227381158590745,7.600343622522863,9.92515358294404,9.934118480754346,9.965038722822108
DRO (~70k km),1.0,89.78472222222223,base_0.3,base_0.3,0.3,0.0,0.0,0.0,0.0,0.0,90.44034752955542,90.44034752955541,2.194329486281176,7.949262645629242,7.961119651333234,7.761081427137402,10.19514222264974,10.201468492919053,10.09628192724261,inf,inf,inf
DRO (~70k km),1.0,89.78472222222223,bias0.05,base,1.0,0.05,0.0,0.0,0.0,0.0,301.45946962232665,301.5522576506945,7.301631910890526,2.829742406236085,2.8167439746825034,2.561716089366812,7.8121580332350105,7.825738184289264,7.600343622522863,9.927408551729984,9.936430383509489,9.965038722822108
DRO (~70k km),1.0,89.78472222222223,bias0.1,base,1.0,0.1,0.0,0.0,0.0,0.0,301.45946962232665,301.83045065544434,7.303036986947752,2.83388444640519,2.820573805361774,2.561716089366812,7.820100534205472,7.834535161002902,7.600343622522863,9.933912893523456,9.943102224861368,9.965038722822108
DRO (~70k km),1.0,89.78472222222223,bias0.2,base,1.0,0.2,0.0,0.0,0.0,0.0,301.45946962232665,302.940669017004,7.309023981613574,2.797638343068502,2.783779793661824,2.561716089366812,7.845587758761285,7.842119566096787,7.600343622522863,9.95656860626603,9.966698423146084,9.965038722822108
DRO (~70k km),1.0,89.78472222222223,bias0.5,base,1.0,0.5,0.0,0.0,0.0,0.0,301.45946962232665,310.60114389715403,7.376068799730754,2.6193468324744686,2.635120847860137,2.561716089366812,7.80351591708312,7.7754356407875695,7.600343622522863,10.001212474468558,10.015004614670115,9.965038722822108
DRO (~70k km),1.0,89.78472222222223,common0.1,base,1.0,0.0,0.1,0.0,0.0,0.0,301.45946962232665,301.4594789625368,7.293090033778333,2.8330794650963016,2.8199113263577003,2.561716089366812,7.817024825017843,7.8310620461861955,7.600343622522863,9.930864882618689,9.939998667419424,9.965038722822108
DRO (~70k km),1.0,89.78472222222223,common0.5,base,1.0,0.0,0.5,0.0,0.0,0.0,301.45946962232665,301.4597031290187,7.17605090678351,2.6818453745788795,2.667560685983752,2.561716089366812,7.717163669573231,7.6943152400475485,7.600343622522863,10.019289359399023,10.032149336482188,9.965038722822108
DRO (~70k km),1.0,89.78472222222223,clock10ms,base,1.0,0.0,0.0,0.01,0.0,0.0,301.45946962232665,301.4596716378668,7.301166439273558,2.8283365188147607,2.8154409381900836,2.561716089366812,7.809419064546938,7.822774400709855,7.600343622522863,9.925195388957052,9.934161729330267,9.965038722822108
DRO (~70k km),1.0,89.78472222222223,srp_am0.005,base,1.0,0.0,0.0,0.0,0.0015,0.0,301.45946962232665,301.4594701028325,6.796026783623574,2.7290516940731977,2.7002731617801268,2.561716089366812,7.828000442353685,7.793464963573653,7.600343622522863,10.017241285185206,10.028398424831042,9.965038722822108
DRO (~70k km),1.0,89.78472222222223,srp_am0.01,base,1.0,0.0,0.0,0.0,0.003,0.0,301.45946962232665,301.4594715443499,6.796028153645286,2.7290183293713026,2.7002410439122193,2.561716089366812,7.82817421136499,7.793627016874001,7.600343622522863,10.01754644618806,10.028718220352348,9.965038722822108
DRO (~70k km),1.0,89.78472222222223,srp_am0.02,base,1.0,0.0,0.0,0.0,0.006,0.0,301.45946962232665,301.45947731041963,6.796028153645286,2.7289509301630304,2.7001761761683345,2.561716089366812,7.828524655418578,7.793953827152585,7.600343622522863,10.018155746285375,10.029356857098122,9.965038722822108
DRO (~70k km),1.0,89.78472222222223,srp_am0.05,base,1.0,0.0,0.0,0.0,0.015,0.0,301.45946962232665,301.45951767290427,6.796028160333572,2.7287433823900904,2.6999765248468024,2.561716089366812,7.829599274118854,7.794955920125194,7.600343622522863,10.019975394429645,10.031265053929227,9.965038722822108
DRO (~70k km),1.0,89.78472222222223,nosrp_am0.01,base,1.0,0.0,0.0,0.0,0.0,0.01,301.45946962232665,301.45946962232665,6.545911708857984,2.669073229919678,2.6569185145902727,2.561716089366812,7.650532155181466,7.67992952055005,7.600343622522863,9.926436024341642,9.915645384256436,9.965038722822108
DRO (~70k km),1.0,89.78472222222223,nosrp_am0.05,base,1.0,0.0,0.0,0.0,0.0,0.05,301.45946962232665,301.45946962232665,6.545931206017857,2.6689722798764577,2.655627784531058,2.561716089366812,7.6495688677322065,7.689509992765868,7.600343622522863,9.921178987222339,9.92150387024647,9.965038722822108
DRO (~70k km),1.0,89.78472222222223,nominal,base,1.0,0.1,0.0,0.001,0.003,0.0,301.45946962232665,301.8304545927794,6.81211105366109,2.7279476443248085,2.6991405555539685,2.561716089366812,7.826679363909589,7.792106218991985,7.600343622522863,10.020898697977401,10.032053612521105,9.965038722822108
DRO (~70k km),1.0,89.78472222222223,conservative,base,1.0,0.5,0.1,0.01,0.015,0.0,301.45946962232665,310.6013956902628,7.20857612829019,2.646230636427327,2.645496848796588,2.561716089366812,7.658844424962346,7.685366529347623,7.600343622522863,9.884047088040846,9.891356292395711,9.965038722822108
DRO (~70k km),1.0,89.78472222222223,nominal_0.3,base_0.3,0.3,0.1,0.0,0.001,0.003,0.0,90.44034752955542,91.66946448987906,2.0904154728255433,7.940139157232653,7.929845505457505,7.761081427137402,10.202151354077898,10.225896181176859,10.09628192724261,inf,inf,inf
DRO (~70k km),1.0,89.78472222222223,conservative_0.3,base_0.3,0.3,0.5,0.1,0.01,0.015,0.0,90.44034752955542,117.36959004991057,3.1488084331733126,6.9110485629914225,6.960928570242333,7.761081427137402,9.62933758703,9.637514687248972,10.09628192724261,25.609784157562913,25.632234174167216,inf
DRO (~70k km),3.0,89.78472222222223,base,base,1.0,0.0,0.0,0.0,0.0,0.0,12.897068240132475,12.897068240132475,0.7610568569936497,inf,inf,inf,inf,inf,inf,inf,inf,inf
DRO (~70k km),3.0,89.78472222222223,base_0.3,base_0.3,0.3,0.0,0.0,0.0,0.0,0.0,3.8691204921483937,3.8691204921483933,0.22829280897038284,inf,inf,inf,inf,inf,inf,inf,inf,inf
DRO (~70k km),3.0,89.78472222222223,bias0.05,base,1.0,0.05,0.0,0.0,0.0,0.0,12.897068240132475,13.127001071378514,0.7691741697597861,inf,inf,inf,inf,inf,inf,inf,inf,inf
DRO (~70k km),3.0,89.78472222222223,bias0.1,base,1.0,0.1,0.0,0.0,0.0,0.0,12.897068240132475,13.79384110778761,0.7928131428317653,inf,inf,inf,inf,inf,inf,inf,inf,inf
DRO (~70k km),3.0,89.78472222222223,bias0.2,base,1.0,0.2,0.0,0.0,0.0,0.0,12.897068240132475,16.18896828053396,0.8815911533611807,inf,inf,inf,inf,inf,inf,inf,inf,inf
DRO (~70k km),3.0,89.78472222222223,bias0.5,base,1.0,0.5,0.0,0.0,0.0,0.0,12.897068240132475,27.655419793119204,1.3768970084926562,inf,inf,inf,inf,inf,inf,inf,inf,inf
DRO (~70k km),3.0,89.78472222222223,common0.1,base,1.0,0.0,0.1,0.0,0.0,0.0,12.897068240132475,12.898917917664559,0.8074382931444901,inf,inf,inf,inf,inf,inf,inf,inf,inf
DRO (~70k km),3.0,89.78472222222223,common0.5,base,1.0,0.0,0.5,0.0,0.0,0.0,12.897068240132475,12.943363060535493,1.5561967793235805,inf,inf,inf,inf,inf,inf,inf,inf,inf
DRO (~70k km),3.0,89.78472222222223,clock10ms,base,1.0,0.0,0.0,0.01,0.0,0.0,12.897068240132475,12.898496858543876,0.7611313926818944,inf,inf,inf,inf,inf,inf,inf,inf,inf
DRO (~70k km),3.0,89.78472222222223,srp_am0.005,base,1.0,0.0,0.0,0.0,0.0015,0.0,12.897068240132475,12.898518390156893,0.7936244451534847,inf,inf,inf,inf,inf,inf,inf,inf,inf
DRO (~70k km),3.0,89.78472222222223,srp_am0.01,base,1.0,0.0,0.0,0.0,0.003,0.0,12.897068240132475,12.902867863831757,0.7936010381232418,inf,inf,inf,inf,inf,inf,inf,inf,inf
DRO (~70k km),3.0,89.78472222222223,srp_am0.02,base,1.0,0.0,0.0,0.0,0.006,0.0,12.897068240132475,12.920251138762497,0.7934836488492462,inf,inf,inf,inf,inf,inf,inf,inf,inf
DRO (~70k km),3.0,89.78472222222223,srp_am0.05,base,1.0,0.0,0.0,0.0,0.015,0.0,12.897068240132475,13.0412862622337,0.792726459161772,inf,inf,inf,inf,inf,inf,inf,inf,inf
DRO (~70k km),3.0,89.78472222222223,nosrp_am0.01,base,1.0,0.0,0.0,0.0,0.0,0.01,12.897068240132475,12.897068240132475,0.7701604810428185,inf,inf,inf,inf,inf,inf,inf,inf,inf
DRO (~70k km),3.0,89.78472222222223,nosrp_am0.05,base,1.0,0.0,0.0,0.0,0.0,0.05,12.897068240132475,12.897068240132475,0.7701850148268112,inf,inf,inf,inf,inf,inf,inf,inf,inf
DRO (~70k km),3.0,89.78472222222223,nominal,base,1.0,0.1,0.0,0.001,0.003,0.0,12.897068240132475,13.799277377253992,0.8427541650393913,inf,inf,inf,inf,inf,inf,inf,inf,inf
DRO (~70k km),3.0,89.78472222222223,conservative,base,1.0,0.5,0.1,0.01,0.015,0.0,12.897068240132475,27.724488818551336,1.5083518640239317,inf,inf,inf,inf,inf,inf,inf,inf,inf
DRO (~70k km),3.0,89.78472222222223,nominal_0.3,base_0.3,0.3,0.1,0.0,0.001,0.003,0.0,3.8691204921483937,6.249691683070028,0.35301081399583845,inf,inf,inf,inf,inf,inf,inf,inf,inf
DRO (~70k km),3.0,89.78472222222223,conservative_0.3,base_0.3,0.3,0.5,0.1,0.01,0.015,0.0,3.8691204921483937,24.845742674470344,1.2820948279669895,inf,inf,inf,inf,inf,inf,inf,inf,inf
DRO (~70k km),7.0,89.78472222222223,base,base,1.0,0.0,0.0,0.0,0.0,0.0,2.0647028958313065,2.064702895831306,0.6731765053060411,inf,inf,inf,inf,inf,inf,inf,inf,inf
DRO (~70k km),7.0,89.78472222222223,base_0.3,base_0.3,0.3,0.0,0.0,0.0,0.0,0.0,0.619410868955436,0.619410868955436,0.20193310506790912,inf,inf,inf,inf,inf,inf,inf,inf,inf
DRO (~70k km),7.0,89.78472222222223,bias0.05,base,1.0,0.05,0.0,0.0,0.0,0.0,2.0647028958313065,2.0812872234365827,0.6806176255544477,inf,inf,inf,inf,inf,inf,inf,inf,inf
DRO (~70k km),7.0,89.78472222222223,bias0.1,base,1.0,0.1,0.0,0.0,0.0,0.0,2.0647028958313065,2.1303014708699,0.7021951342110263,inf,inf,inf,inf,inf,inf,inf,inf,inf
DRO (~70k km),7.0,89.78472222222223,bias0.2,base,1.0,0.2,0.0,0.0,0.0,0.0,2.0647028958313065,2.3164005502241967,0.816596248764862,inf,inf,inf,inf,inf,inf,inf,inf,inf
DRO (~70k km),7.0,89.78472222222223,bias0.5,base,1.0,0.5,0.0,0.0,0.0,0.0,2.0647028958313065,3.345112329245157,1.4288995860389577,inf,inf,inf,inf,inf,inf,inf,inf,inf
DRO (~70k km),7.0,89.78472222222223,common0.1,base,1.0,0.0,0.1,0.0,0.0,0.0,2.0647028958313065,2.0882878410276846,0.7129461864076585,inf,inf,inf,inf,inf,inf,inf,inf,inf
DRO (~70k km),7.0,89.78472222222223,common0.5,base,1.0,0.0,0.5,0.0,0.0,0.0,2.0647028958313065,2.611876959106993,1.4282692536168127,inf,inf,inf,inf,inf,inf,inf,inf,inf
DRO (~70k km),7.0,89.78472222222223,clock10ms,base,1.0,0.0,0.0,0.01,0.0,0.0,2.0647028958313065,2.064732310909759,0.673281960302874,inf,inf,inf,inf,inf,inf,inf,inf,inf
DRO (~70k km),7.0,89.78472222222223,srp_am0.005,base,1.0,0.0,0.0,0.0,0.0015,0.0,2.0647028958313065,2.0953080419945804,0.6582685501476826,inf,inf,inf,inf,inf,inf,inf,inf,inf
DRO (~70k km),7.0,89.78472222222223,srp_am0.01,base,1.0,0.0,0.0,0.0,0.003,0.0,2.0647028958313065,2.1848221556482788,0.6633324332166408,inf,inf,inf,inf,inf,inf,inf,inf,inf
DRO (~70k km),7.0,89.78472222222223,srp_am0.02,base,1.0,0.0,0.0,0.0,0.006,0.0,2.0647028958313065,2.5135498250163018,0.6861685453506636,inf,inf,inf,inf,inf,inf,inf,inf,inf
DRO (~70k km),7.0,89.78472222222223,srp_am0.05,base,1.0,0.0,0.0,0.0,0.015,0.0,2.0647028958313065,4.155152616857123,0.7154179424019625,inf,inf,inf,inf,inf,inf,inf,inf,inf
DRO (~70k km),7.0,89.78472222222223,nosrp_am0.01,base,1.0,0.0,0.0,0.0,0.0,0.01,2.0647028958313065,2.064702895831306,0.6565743651688044,inf,inf,inf,inf,inf,inf,inf,inf,inf
DRO (~70k km),7.0,89.78472222222223,nosrp_am0.05,base,1.0,0.0,0.0,0.0,0.0,0.05,2.0647028958313065,2.064702895831306,0.6566029300408244,inf,inf,inf,inf,inf,inf,inf,inf,inf
DRO (~70k km),7.0,89.78472222222223,nominal,base,1.0,0.1,0.0,0.001,0.003,0.0,2.0647028958313065,2.2467341960198026,0.6917130036451172,inf,inf,inf,inf,inf,inf,inf,inf,inf
DRO (~70k km),7.0,89.78472222222223,conservative,base,1.0,0.5,0.1,0.01,0.015,0.0,2.0647028958313065,4.9075386216799055,1.3300016137013861,inf,inf,inf,inf,inf,inf,inf,inf,inf
DRO (~70k km),7.0,89.78472222222223,nominal_0.3,base_0.3,0.3,0.1,0.0,0.001,0.003,0.0,0.619410868955436,1.0825121716479722,0.3005307087309057,inf,inf,inf,inf,inf,inf,inf,inf,inf
DRO (~70k km),7.0,89.78472222222223,conservative_0.3,base_0.3,0.3,0.5,0.1,0.01,0.015,0.0,0.619410868955436,4.497694003308925,1.1670787004035483,inf,inf,inf,inf,inf,inf,inf,inf,inf
DRO (~70k km),1.0,118.79861111111111,base,base,1.0,0.0,0.0,0.0,0.0,0.0,103.69165337165286,103.69165337165286,2.31269256676224,8.202209723451347,8.207901009697846,8.366187660656603,inf,inf,inf,inf,inf,inf
DRO (~70k km),1.0,118.79861111111111,base_0.3,base_0.3,0.3,0.0,0.0,0.0,0.0,0.0,31.10750893938624,31.10750893938624,0.694056909776958,inf,inf,inf,inf,inf,inf,inf,inf,inf
DRO (~70k km),1.0,118.79861111111111,bias0.05,base,1.0,0.05,0.0,0.0,0.0,0.0,103.69165337165286,103.88319502465521,2.3173537140194895,8.199972470829316,8.205674662235998,8.366187660656603,inf,inf,inf,inf,inf,inf
DRO (~70k km),1.0,118.79861111111111,bias0.1,base,1.0,0.1,0.0,0.0,0.0,0.0,103.69165337165286,104.45571341818712,2.3313088728724627,8.193291193299089,8.19902502755633,8.366187660656603,inf,inf,inf,inf,inf,inf
DRO (~70k km),1.0,118.79861111111111,bias0.2,base,1.0,0.2,0.0,0.0,0.0,0.0,103.69165337165286,106.71508740377664,2.386728912526354,8.167030857707516,8.172876460276967,8.366187660656603,inf,inf,inf,inf,inf,inf
DRO (~70k km),1.0,118.79861111111111,bias0.5,base,1.0,0.5,0.0,0.0,0.0,0.0,103.69165337165286,121.35890934024114,2.755881035965545,8.003555807223224,8.009754174197589,8.366187660656603,inf,inf,inf,inf,inf,inf
DRO (~70k km),1.0,118.79861111111111,common0.1,base,1.0,0.0,0.1,0.0,0.0,0.0,103.69165337165286,103.69165665260246,2.3252726862740807,8.201586259090984,8.20723774661824,8.366187660656603,inf,inf,inf,inf,inf,inf
DRO (~70k km),1.0,118.79861111111111,common0.5,base,1.0,0.0,0.5,0.0,0.0,0.0,103.69165337165286,103.69173540132563,2.72270839177427,8.196472936657559,8.196844346379482,8.366187660656603,inf,inf,inf,inf,inf,inf
DRO (~70k km),1.0,118.79861111111111,clock10ms,base,1.0,0.0,0.0,0.01,0.0,0.0,103.69165337165286,103.69180970904492,2.312696899695226,8.20220563600805,8.207896976947879,8.366187660656603,inf,inf,inf,inf,inf,inf
DRO (~70k km),1.0,118.79861111111111,srp_am0.005,base,1.0,0.0,0.0,0.0,0.0015,0.0,103.69165337165286,103.69166904400817,2.1713060018983197,8.421175580758307,8.368198979234114,8.366187660656603,inf,inf,inf,inf,inf,inf
DRO (~70k km),1.0,118.79861111111111,srp_am0.01,base,1.0,0.0,0.0,0.0,0.003,0.0,103.69165337165286,103.69171606105981,2.1713080964125635,8.419634670033666,8.367844060665533,8.366187660656603,inf,inf,inf,inf,inf,inf
DRO (~70k km),1.0,118.79861111111111,srp_am0.02,base,1.0,0.0,0.0,0.0,0.006,0.0,103.69165337165286,103.69190412905326,2.171312427183443,8.416349704965658,8.36408564821863,8.366187660656603,inf,inf,inf,inf,inf,inf
DRO (~70k km),1.0,118.79861111111111,srp_am0.05,base,1.0,0.0,0.0,0.0,0.015,0.0,103.69165337165286,103.69322059545658,2.1713298919282824,8.404213487764908,8.354324733071536,8.366187660656603,inf,inf,inf,inf,inf,inf
DRO (~70k km),1.0,118.79861111111111,nosrp_am0.01,base,1.0,0.0,0.0,0.0,0.0,0.01,103.69165337165286,103.69165337165286,2.1926156699218997,8.431705516396521,8.412328882957356,8.366187660656603,inf,inf,inf,inf,inf,inf
DRO (~70k km),1.0,118.79861111111111,nosrp_am0.05,base,1.0,0.0,0.0,0.0,0.0,0.05,103.69165337165286,103.69165337165286,2.192630813322214,8.428296272183285,8.33785365814343,8.366187660656603,inf,inf,inf,inf,inf,inf
DRO (~70k km),1.0,118.79861111111111,nominal,base,1.0,0.1,0.0,0.001,0.003,0.0,103.69165337165286,104.45577720097486,2.187225570194104,8.410749711694574,8.354805960727528,8.366187660656603,inf,inf,inf,inf,inf,inf
DRO (~70k km),1.0,118.79861111111111,conservative,base,1.0,0.5,0.1,0.01,0.015,0.0,103.69165337165286,121.36038487784765,2.813673968136797,8.131894218216614,8.098020040292342,8.366187660656603,inf,inf,inf,inf,inf,inf
DRO (~70k km),1.0,118.79861111111111,nominal_0.3,base_0.3,0.3,0.1,0.0,0.001,0.003,0.0,31.10750893938624,33.56679527913456,0.7260833156086374,inf,inf,inf,inf,inf,inf,inf,inf,inf
DRO (~70k km),1.0,118.79861111111111,conservative_0.3,base_0.3,0.3,0.5,0.1,0.01,0.015,0.0,31.10750893938624,70.3155340214457,1.9098261464066053,9.002686478140658,8.976072337627699,inf,inf,inf,inf,inf,inf,inf
DRO (~70k km),3.0,118.79861111111111,base,base,1.0,0.0,0.0,0.0,0.0,0.0,20.47697907045611,20.476979070456107,1.315979292092402,inf,inf,inf,inf,inf,inf,inf,inf,inf
DRO (~70k km),3.0,118.79861111111111,base_0.3,base_0.3,0.3,0.0,0.0,0.0,0.0,0.0,6.143094044459054,6.143094044459051,0.3947702837593486,inf,inf,inf,inf,inf,inf,inf,inf,inf
DRO (~70k km),3.0,118.79861111111111,bias0.05,base,1.0,0.05,0.0,0.0,0.0,0.0,20.47697907045611,21.02054064342407,1.322742365869713,inf,inf,inf,inf,inf,inf,inf,inf,inf
DRO (~70k km),3.0,118.79861111111111,bias0.1,base,1.0,0.1,0.0,0.0,0.0,0.0,20.47697907045611,22.572841464218858,1.3429363831511247,inf,inf,inf,inf,inf,inf,inf,inf,inf
DRO (~70k km),3.0,118.79861111111111,bias0.2,base,1.0,0.2,0.0,0.0,0.0,0.0,20.47697907045611,27.932396153398184,1.4217981396032595,inf,inf,inf,inf,inf,inf,inf,inf,inf
DRO (~70k km),3.0,118.79861111111111,bias0.5,base,1.0,0.5,0.0,0.0,0.0,0.0,20.47697907045611,51.7209615123277,1.8929437529872974,9.615818222939511,9.638721638950896,inf,inf,inf,inf,inf,inf,inf
DRO (~70k km),3.0,118.79861111111111,common0.1,base,1.0,0.0,0.1,0.0,0.0,0.0,20.47697907045611,20.4770367333178,1.338796303561987,inf,inf,inf,inf,inf,inf,inf,inf,inf
DRO (~70k km),3.0,118.79861111111111,common0.5,base,1.0,0.0,0.5,0.0,0.0,0.0,20.47697907045611,20.47842281253258,1.8002247793672725,inf,inf,inf,inf,inf,inf,inf,inf,inf
DRO (~70k km),3.0,118.79861111111111,clock10ms,base,1.0,0.0,0.0,0.01,0.0,0.0,20.47697907045611,20.4781394279908,1.3160004009759916,inf,inf,inf,inf,inf,inf,inf,inf,inf
DRO (~70k km),3.0,118.79861111111111,srp_am0.005,base,1.0,0.0,0.0,0.0,0.0015,0.0,20.47697907045611,20.477793287321667,1.5362421116188767,inf,inf,inf,inf,inf,inf,inf,inf,inf
DRO (~70k km),3.0,118.79861111111111,srp_am0.01,base,1.0,0.0,0.0,0.0,0.003,0.0,20.47697907045611,20.480235744221666,1.5362334561067361,inf,inf,inf,inf,inf,inf,inf,inf,inf
DRO (~70k km),3.0,118.79861111111111,srp_am0.02,base,1.0,0.0,0.0,0.0,0.006,0.0,20.47697907045611,20.490002668208216,1.5361863343049573,inf,inf,inf,inf,inf,inf,inf,inf,inf
DRO (~70k km),3.0,118.79861111111111,srp_am0.05,base,1.0,0.0,0.0,0.0,0.015,0.0,20.47697907045611,20.55824156093321,1.5358780481689214,inf,inf,inf,inf,inf,inf,inf,inf,inf
DRO (~70k km),3.0,118.79861111111111,nosrp_am0.01,base,1.0,0.0,0.0,0.0,0.0,0.01,20.47697907045611,20.476979070456107,1.4030877386592724,inf,inf,inf,inf,inf,inf,inf,inf,inf
DRO (~70k km),3.0,118.79861111111111,nosrp_am0.05,base,1.0,0.0,0.0,0.0,0.0,0.05,20.47697907045611,20.476979070456107,1.4031013032898154,inf,inf,inf,inf,inf,inf,inf,inf,inf
DRO (~70k km),3.0,118.79861111111111,nominal,base,1.0,0.1,0.0,0.001,0.003,0.0,20.47697907045611,22.575806490503737,1.5738911475477897,inf,inf,inf,inf,inf,inf,inf,inf,inf
DRO (~70k km),3.0,118.79861111111111,conservative,base,1.0,0.5,0.1,0.01,0.015,0.0,20.47697907045611,51.75367824079263,2.2249278284110656,10.005493550970408,10.04369223911484,inf,inf,inf,inf,inf,inf,inf
DRO (~70k km),3.0,118.79861111111111,nominal_0.3,base_0.3,0.3,0.1,0.0,0.001,0.003,0.0,6.143094044459054,11.318163362771536,0.5625929127307491,inf,inf,inf,inf,inf,inf,inf,inf,inf
DRO (~70k km),3.0,118.79861111111111,conservative_0.3,base_0.3,0.3,0.5,0.1,0.01,0.015,0.0,6.143094044459054,47.92591580481034,1.7517605235844897,10.329245335639186,10.405592783630913,inf,inf,inf,inf,inf,inf,inf
DRO (~70k km),7.0,118.79861111111111,base,base,1.0,0.0,0.0,0.0,0.0,0.0,1.392872160899531,1.3928721608995316,0.9958354149823455,inf,inf,inf,inf,inf,inf,inf,inf,inf
DRO (~70k km),7.0,118.79861111111111,base_0.3,base_0.3,0.3,0.0,0.0,0.0,0.0,0.0,0.4178616482862349,0.417861648286235,0.29875218544585086,inf,inf,inf,inf,inf,inf,inf,inf,inf
DRO (~70k km),7.0,118.79861111111111,bias0.05,base,1.0,0.05,0.0,0.0,0.0,0.0,1.392872160899531,1.4005482178014965,1.0077392624729888,inf,inf,inf,inf,inf,inf,inf,inf,inf
DRO (~70k km),7.0,118.79861111111111,bias0.1,base,1.0,0.1,0.0,0.0,0.0,0.0,1.392872160899531,1.4234022024482869,1.0426809817646674,inf,inf,inf,inf,inf,inf,inf,inf,inf
DRO (~70k km),7.0,118.79861111111111,bias0.2,base,1.0,0.2,0.0,0.0,0.0,0.0,1.392872160899531,1.5122655967229708,1.1723310795014392,inf,inf,inf,inf,inf,inf,inf,inf,inf
DRO (~70k km),7.0,118.79861111111111,bias0.5,base,1.0,0.5,0.0,0.0,0.0,0.0,1.392872160899531,2.042626729927657,1.8444957014526218,inf,inf,inf,inf,inf,inf,inf,inf,inf
DRO (~70k km),7.0,118.79861111111111,common0.1,base,1.0,0.0,0.1,0.0,0.0,0.0,1.392872160899531,1.4122562013662294,1.0449930865875452,inf,inf,inf,inf,inf,inf,inf,inf,inf
DRO (~70k km),7.0,118.79861111111111,common0.5,base,1.0,0.0,0.5,0.0,0.0,0.0,1.392872160899531,1.869945560579709,1.9108232019014464,inf,inf,inf,inf,inf,inf,inf,inf,inf
DRO (~70k km),7.0,118.79861111111111,clock10ms,base,1.0,0.0,0.0,0.01,0.0,0.0,1.392872160899531,1.392888231092789,0.9958829856864665,inf,inf,inf,inf,inf,inf,inf,inf,inf
DRO (~70k km),7.0,118.79861111111111,srp_am0.005,base,1.0,0.0,0.0,0.0,0.0015,0.0,1.392872160899531,1.49084175171172,0.9160417636057524,inf,inf,inf,inf,inf,inf,inf,inf,inf
DRO (~70k km),7.0,118.79861111111111,srp_am0.01,base,1.0,0.0,0.0,0.0,0.003,0.0,1.392872160899531,1.7655440939423854,0.9166779269130981,inf,inf,inf,inf,inf,inf,inf,inf,inf
DRO (~70k km),7.0,118.79861111111111,srp_am0.02,base,1.0,0.0,0.0,0.0,0.006,0.0,1.392872160899531,2.6264193256738384,0.9261963004193825,inf,inf,inf,inf,inf,inf,inf,inf,inf
DRO (~70k km),7.0,118.79861111111111,srp_am0.05,base,1.0,0.0,0.0,0.0,0.015,0.0,1.392872160899531,5.824894953944878,1.1681647470784617,inf,inf,inf,inf,inf,inf,inf,inf,inf
DRO (~70k km),7.0,118.79861111111111,nosrp_am0.01,base,1.0,0.0,0.0,0.0,0.0,0.01,1.392872160899531,1.3928721608995316,0.9542908637668817,inf,inf,inf,inf,inf,inf,inf,inf,inf
DRO (~70k km),7.0,118.79861111111111,nosrp_am0.05,base,1.0,0.0,0.0,0.0,0.0,0.05,1.392872160899531,1.3928721608995316,0.9543305544476292,inf,inf,inf,inf,inf,inf,inf,inf,inf
DRO (~70k km),7.0,118.79861111111111,nominal,base,1.0,0.1,0.0,0.001,0.003,0.0,1.392872160899531,1.7872300219971857,0.9585988036088021,inf,inf,inf,inf,inf,inf,inf,inf,inf
DRO (~70k km),7.0,118.79861111111111,conservative,base,1.0,0.5,0.1,0.01,0.015,0.0,1.392872160899531,5.958383939220052,1.8335917077308181,inf,inf,inf,inf,inf,inf,inf,inf,inf
DRO (~70k km),7.0,118.79861111111111,nominal_0.3,base_0.3,0.3,0.1,0.0,0.001,0.003,0.0,0.4178616482862349,1.22728410638031,0.40637771456443805,inf,inf,inf,inf,inf,inf,inf,inf,inf
DRO (~70k km),7.0,118.79861111111111,conservative_0.3,base_0.3,0.3,0.5,0.1,0.01,0.015,0.0,0.4178616482862349,5.8248822248073715,1.6325748923630992,inf,inf,inf,inf,inf,inf,inf,inf,inf
DRO (~70k km),1.0,147.80555555555554,base,base,1.0,0.0,0.0,0.0,0.0,0.0,80.31866486117221,80.31866486117221,1.3850819996003665,7.644237317007424,7.679342612689806,7.638516616154661,inf,inf,inf,inf,inf,inf
DRO (~70k km),1.0,147.80555555555554,base_0.3,base_0.3,0.3,0.0,0.0,0.0,0.0,0.0,24.09560407292219,24.09560407292219,0.41543044273593377,inf,inf,inf,inf,inf,inf,inf,inf,inf
DRO (~70k km),1.0,147.80555555555554,bias0.05,base,1.0,0.05,0.0,0.0,0.0,0.0,80.31866486117221,80.844826447267,1.393915900541153,7.629146884793562,7.665125789503571,7.638516616154661,inf,inf,inf,inf,inf,inf
DRO (~70k km),1.0,147.80555555555554,bias0.1,base,1.0,0.1,0.0,0.0,0.0,0.0,80.31866486117221,82.40315674657103,1.4201212491879502,7.585210433841099,7.623745336382758,7.638516616154661,inf,inf,inf,inf,inf,inf
DRO (~70k km),1.0,147.80555555555554,bias0.2,base,1.0,0.2,0.0,0.0,0.0,0.0,80.31866486117221,88.36209247746933,1.5210429850028426,7.431371076858666,7.474804675911031,7.638516616154661,inf,inf,inf,inf,inf,inf
DRO (~70k km),1.0,147.80555555555554,bias0.5,base,1.0,0.5,0.0,0.0,0.0,0.0,80.31866486117221,122.19227977228374,2.1155109751227075,6.825248235965328,6.8825234795399055,7.638516616154661,inf,inf,inf,inf,inf,inf
DRO (~70k km),1.0,147.80555555555554,common0.1,base,1.0,0.0,0.1,0.0,0.0,0.0,80.31866486117221,80.31867822910505,1.4050750822255018,7.636808156791256,7.675359077023882,7.638516616154661,inf,inf,inf,inf,inf,inf
DRO (~70k km),1.0,147.80555555555554,common0.5,base,1.0,0.0,0.5,0.0,0.0,0.0,80.31866486117221,80.31899911054151,1.9638058588900558,7.55878234856841,7.630385867086823,7.638516616154661,inf,inf,inf,inf,inf,inf
DRO (~70k km),1.0,147.80555555555554,clock10ms,base,1.0,0.0,0.0,0.01,0.0,0.0,80.31866486117221,80.31890517689502,1.3850819996003665,7.644218753476183,7.679328692562178,7.638516616154661,inf,inf,inf,inf,inf,inf
DRO (~70k km),1.0,147.80555555555554,srp_am0.005,base,1.0,0.0,0.0,0.0,0.0015,0.0,80.31866486117221,80.31867167771806,1.357100468631574,7.569565654339969,7.565370733974239,7.638516616154661,inf,inf,inf,inf,inf,inf
DRO (~70k km),1.0,147.80555555555554,srp_am0.01,base,1.0,0.0,0.0,0.0,0.003,0.0,80.31866486117221,80.31869212735212,1.3570970565503226,7.5696964196254095,7.565525375600938,7.638516616154661,inf,inf,inf,inf,inf,inf
DRO (~70k km),1.0,147.80555555555554,srp_am0.02,base,1.0,0.0,0.0,0.0,0.006,0.0,80.31866486117221,80.3187739258363,1.3570970907939364,7.570227410685177,7.566101703363297,7.638516616154661,inf,inf,inf,inf,inf,inf
DRO (~70k km),1.0,147.80555555555554,srp_am0.05,base,1.0,0.0,0.0,0.0,0.015,0.0,80.31866486117221,80.31934651289362,1.3571006398492167,7.573757297766457,7.5697421726235,7.638516616154661,inf,inf,inf,inf,inf,inf
DRO (~70k km),1.0,147.80555555555554,nosrp_am0.01,base,1.0,0.0,0.0,0.0,0.0,0.01,80.31866486117221,80.31866486117221,1.4948828529782816,7.395994993150742,7.453968985164191,7.638516616154661,inf,inf,inf,inf,inf,inf
DRO (~70k km),1.0,147.80555555555554,nosrp_am0.05,base,1.0,0.0,0.0,0.0,0.0,0.05,80.31866486117221,80.31866486117221,1.4948891414586158,7.394326355802394,7.522560193439807,7.638516616154661,inf,inf,inf,inf,inf,inf
DRO (~70k km),1.0,147.80555555555554,nominal,base,1.0,0.1,0.0,0.001,0.003,0.0,80.31866486117221,82.40318566544518,1.4004646795696751,7.50893209989312,7.505139327990039,7.638516616154661,inf,inf,inf,inf,inf,inf
DRO (~70k km),1.0,147.80555555555554,conservative,base,1.0,0.5,0.1,0.01,0.015,0.0,80.31866486117221,122.19289474706034,2.220562253755266,6.7559517147165,6.756584512551888,7.638516616154661,inf,inf,inf,inf,inf,inf
DRO (~70k km),1.0,147.80555555555554,nominal_0.3,base_0.3,0.3,0.1,0.0,0.001,0.003,0.0,24.09560407292219,30.328153376317932,0.5342938074419047,inf,inf,inf,inf,inf,inf,inf,inf,inf
DRO (~70k km),1.0,147.80555555555554,conservative_0.3,base_0.3,0.3,0.5,0.1,0.01,0.015,0.0,24.09560407292219,95.18750406224096,1.8059051612202182,7.162167591071321,7.164385654804279,inf,inf,inf,inf,inf,inf,inf
DRO (~70k km),3.0,147.80555555555554,base,base,1.0,0.0,0.0,0.0,0.0,0.0,25.76472226228391,25.76472226228391,0.8056872232210645,inf,inf,inf,inf,inf,inf,inf,inf,inf
DRO (~70k km),3.0,147.80555555555554,base_0.3,base_0.3,0.3,0.0,0.0,0.0,0.0,0.0,7.729416783162241,7.729416783162241,0.2417027481889069,inf,inf,inf,inf,inf,inf,inf,inf,inf
DRO (~70k km),3.0,147.80555555555554,bias0.05,base,1.0,0.05,0.0,0.0,0.0,0.0,25.76472226228391,26.902529635713268,0.8095350234618128,inf,inf,inf,inf,inf,inf,inf,inf,inf
DRO (~70k km),3.0,147.80555555555554,bias0.1,base,1.0,0.1,0.0,0.0,0.0,0.0,25.76472226228391,30.058659855722457,0.8248158001433502,inf,inf,inf,inf,inf,inf,inf,inf,inf
DRO (~70k km),3.0,147.80555555555554,bias0.2,base,1.0,0.2,0.0,0.0,0.0,0.0,25.76472226228391,40.28199545487951,0.8864913361688933,inf,inf,inf,inf,inf,inf,inf,inf,inf
DRO (~70k km),3.0,147.80555555555554,bias0.5,base,1.0,0.5,0.0,0.0,0.0,0.0,25.76472226228391,81.58733323740081,1.431026751883548,7.664402353159887,7.724859898640054,inf,inf,inf,inf,inf,inf,inf
DRO (~70k km),3.0,147.80555555555554,common0.1,base,1.0,0.0,0.1,0.0,0.0,0.0,25.76472226228391,25.76606050362278,0.8634901905836414,inf,inf,inf,inf,inf,inf,inf,inf,inf
DRO (~70k km),3.0,147.80555555555554,common0.5,base,1.0,0.0,0.5,0.0,0.0,0.0,25.76472226228391,25.798200772736056,1.7601564349957923,inf,inf,inf,inf,inf,inf,inf,inf,inf
DRO (~70k km),3.0,147.80555555555554,clock10ms,base,1.0,0.0,0.0,0.01,0.0,0.0,25.76472226228391,25.765678970621877,0.8056930277124963,inf,inf,inf,inf,inf,inf,inf,inf,inf
DRO (~70k km),3.0,147.80555555555554,srp_am0.005,base,1.0,0.0,0.0,0.0,0.0015,0.0,25.76472226228391,25.766867927121385,0.7379373210491679,inf,inf,inf,inf,inf,inf,inf,inf,inf
DRO (~70k km),3.0,147.80555555555554,srp_am0.01,base,1.0,0.0,0.0,0.0,0.003,0.0,25.76472226228391,25.773303853312285,0.7385120262270156,inf,inf,inf,inf,inf,inf,inf,inf,inf
DRO (~70k km),3.0,147.80555555555554,srp_am0.02,base,1.0,0.0,0.0,0.0,0.006,0.0,25.76472226228391,25.799031554431387,0.7404249975124229,inf,inf,inf,inf,inf,inf,inf,inf,inf
DRO (~70k km),3.0,147.80555555555554,srp_am0.05,base,1.0,0.0,0.0,0.0,0.015,0.0,25.76472226228391,25.978414309753266,0.7534795978981748,inf,inf,inf,inf,inf,inf,inf,inf,inf
DRO (~70k km),3.0,147.80555555555554,nosrp_am0.01,base,1.0,0.0,0.0,0.0,0.0,0.01,25.76472226228391,25.76472226228391,0.6782588992894855,inf,inf,inf,inf,inf,inf,inf,inf,inf
DRO (~70k km),3.0,147.80555555555554,nosrp_am0.05,base,1.0,0.0,0.0,0.0,0.0,0.05,25.76472226228391,25.76472226228391,0.6782659329363891,inf,inf,inf,inf,inf,inf,inf,inf,inf
DRO (~70k km),3.0,147.80555555555554,nominal,base,1.0,0.1,0.0,0.001,0.003,0.0,25.76472226228391,30.066024480644394,0.7884881806754309,inf,inf,inf,inf,inf,inf,inf,inf,inf
DRO (~70k km),3.0,147.80555555555554,conservative,base,1.0,0.5,0.1,0.01,0.015,0.0,25.76472226228391,81.65579951847468,1.535990547822943,7.909569251987004,7.915727063662083,inf,inf,inf,inf,inf,inf,inf
DRO (~70k km),3.0,147.80555555555554,nominal_0.3,base_0.3,0.3,0.1,0.0,0.001,0.003,0.0,7.729416783162241,17.317415208450207,0.33756372203968715,inf,inf,inf,inf,inf,inf,inf,inf,inf
DRO (~70k km),3.0,147.80555555555554,conservative_0.3,base_0.3,0.3,0.5,0.1,0.01,0.015,0.0,7.729416783162241,77.86918422302979,1.355632410535057,8.035074975932734,8.040828566361187,inf,inf,inf,inf,inf,inf,inf
DRO (~70k km),7.0,147.80555555555554,base,base,1.0,0.0,0.0,0.0,0.0,0.0,1.0469528504200691,1.0469528504200691,0.46887726605367697,inf,inf,inf,inf,inf,inf,inf,inf,inf
DRO (~70k km),7.0,147.80555555555554,base_0.3,base_0.3,0.3,0.0,0.0,0.0,0.0,0.0,0.3140858551355882,0.3140858551355881,0.1405955313753679,inf,inf,inf,inf,inf,inf,inf,inf,inf
DRO (~70k km),7.0,147.80555555555554,bias0.05,base,1.0,0.05,0.0,0.0,0.0,0.0,1.0469528504200691,1.0546332656047763,0.4804796777049993,inf,inf,inf,inf,inf,inf,inf,inf,inf
DRO (~70k km),7.0,147.80555555555554,bias0.1,base,1.0,0.1,0.0,0.0,0.0,0.0,1.0469528504200691,1.0773667968827005,0.5140873818660121,inf,inf,inf,inf,inf,inf,inf,inf,inf
DRO (~70k km),7.0,147.80555555555554,bias0.2,base,1.0,0.2,0.0,0.0,0.0,0.0,1.0469528504200691,1.1641138357495613,0.6311398935904395,inf,inf,inf,inf,inf,inf,inf,inf,inf
DRO (~70k km),7.0,147.80555555555554,bias0.5,base,1.0,0.5,0.0,0.0,0.0,0.0,1.0469528504200691,1.6517973646562036,1.1647086026776803,inf,inf,inf,inf,inf,inf,inf,inf,inf
DRO (~70k km),7.0,147.80555555555554,common0.1,base,1.0,0.0,0.1,0.0,0.0,0.0,1.0469528504200691,1.0498093576975278,0.5754688126216023,inf,inf,inf,inf,inf,inf,inf,inf,inf
DRO (~70k km),7.0,147.80555555555554,common0.5,base,1.0,0.0,0.5,0.0,0.0,0.0,1.0469528504200691,1.3123205261144046,1.6827496089655183,inf,inf,inf,inf,inf,inf,inf,inf,inf
DRO (~70k km),7.0,147.80555555555554,clock10ms,base,1.0,0.0,0.0,0.01,0.0,0.0,1.0469528504200691,1.047001029489887,0.46891756030420495,inf,inf,inf,inf,inf,inf,inf,inf,inf
DRO (~70k km),7.0,147.80555555555554,srp_am0.005,base,1.0,0.0,0.0,0.0,0.0015,0.0,1.0469528504200691,1.2928633315019435,0.49394990376470127,inf,inf,inf,inf,inf,inf,inf,inf,inf
DRO (~70k km),7.0,147.80555555555554,srp_am0.01,base,1.0,0.0,0.0,0.0,0.003,0.0,1.0469528504200691,1.8631755468759355,0.4690746254977068,inf,inf,inf,inf,inf,inf,inf,inf,inf
DRO (~70k km),7.0,147.80555555555554,srp_am0.02,base,1.0,0.0,0.0,0.0,0.006,0.0,1.0469528504200691,3.2827727367214705,0.4728676542404823,inf,inf,inf,inf,inf,inf,inf,inf,inf
DRO (~70k km),7.0,147.80555555555554,srp_am0.05,base,1.0,0.0,0.0,0.0,0.015,0.0,1.0469528504200691,7.875959679472905,0.7118147705510603,inf,inf,inf,inf,inf,inf,inf,inf,inf
DRO (~70k km),7.0,147.80555555555554,nosrp_am0.01,base,1.0,0.0,0.0,0.0,0.0,0.01,1.0469528504200691,1.0469528504200691,0.4656958384233262,inf,inf,inf,inf,inf,inf,inf,inf,inf
DRO (~70k km),7.0,147.80555555555554,nosrp_am0.05,base,1.0,0.0,0.0,0.0,0.0,0.05,1.0469528504200691,1.0469528504200691,0.4657263632039385,inf,inf,inf,inf,inf,inf,inf,inf,inf
DRO (~70k km),7.0,147.80555555555554,nominal,base,1.0,0.1,0.0,0.001,0.003,0.0,1.0469528504200691,1.87900557075483,0.5104195303841929,inf,inf,inf,inf,inf,inf,inf,inf,inf
DRO (~70k km),7.0,147.80555555555554,conservative,base,1.0,0.5,0.1,0.01,0.015,0.0,1.0469528504200691,7.965719148835061,1.2682869611639012,inf,inf,inf,inf,inf,inf,inf,inf,inf
DRO (~70k km),7.0,147.80555555555554,nominal_0.3,base_0.3,0.3,0.1,0.0,0.001,0.003,0.0,0.3140858551355882,1.608786417083455,0.25884408097810474,inf,inf,inf,inf,inf,inf,inf,inf,inf
DRO (~70k km),7.0,147.80555555555554,conservative_0.3,base_0.3,0.3,0.5,0.1,0.01,0.015,0.0,0.3140858551355882,7.907798504231481,1.2213808550691319,inf,inf,inf,inf,inf,inf,inf,inf,inf
DRO (~70k km),1.0,180.59722222222223,base,base,1.0,0.0,0.0,0.0,0.0,0.0,51.50811418753919,51.50811418753919,1.4528250815221424,15.571613520627036,15.530702954332716,15.680750170340298,inf,inf,inf,inf,inf,inf
DRO (~70k km),1.0,180.59722222222223,base_0.3,base_0.3,0.3,0.0,0.0,0.0,0.0,0.0,15.452436627484284,15.452436627484284,0.435818777145078,inf,inf,inf,inf,inf,inf,inf,inf,inf
DRO (~70k km),1.0,180.59722222222223,bias0.05,base,1.0,0.05,0.0,0.0,0.0,0.0,51.50811418753919,51.909081539444145,1.462496938488055,15.55763738409695,15.516943428164707,15.680750170340298,inf,inf,inf,inf,inf,inf
DRO (~70k km),1.0,180.59722222222223,bias0.1,base,1.0,0.1,0.0,0.0,0.0,0.0,51.50811418753919,53.09381847295195,1.4911266973172899,15.517207915376524,15.477138636251027,15.680750170340298,inf,inf,inf,inf,inf,inf
DRO (~70k km),1.0,180.59722222222223,bias0.2,base,1.0,0.2,0.0,0.0,0.0,0.0,51.50811418753919,57.58956061887978,1.600365239002319,15.374386987243724,15.336509048958197,15.680750170340298,inf,inf,inf,inf,inf,inf
DRO (~70k km),1.0,180.59722222222223,bias0.5,base,1.0,0.5,0.0,0.0,0.0,0.0,51.50811418753919,82.46088187088309,2.218244786900709,14.929882478689501,14.927410060998893,15.680750170340298,inf,inf,inf,inf,inf,inf
DRO (~70k km),1.0,180.59722222222223,common0.1,base,1.0,0.0,0.1,0.0,0.0,0.0,51.50811418753919,51.508129588085694,1.4829676905783002,15.576108232226362,15.53508776185536,15.680750170340298,inf,inf,inf,inf,inf,inf
DRO (~70k km),1.0,180.59722222222223,common0.5,base,1.0,0.0,0.5,0.0,0.0,0.0,51.50811418753919,51.50849932769552,2.1091229592627583,15.597492478100722,15.614872050030574,15.680750170340298,inf,inf,inf,inf,inf,inf
DRO (~70k km),1.0,180.59722222222223,clock10ms,base,1.0,0.0,0.0,0.01,0.0,0.0,51.50811418753919,51.50884762961519,1.452867468354795,15.571539267253089,15.53062936676418,15.680750170340298,inf,inf,inf,inf,inf,inf
DRO (~70k km),1.0,180.59722222222223,srp_am0.005,base,1.0,0.0,0.0,0.0,0.0015,0.0,51.50811418753919,51.50822830429459,1.3615944763943382,15.383321862646106,15.415697978032279,15.680750170340298,inf,inf,inf,inf,inf,inf
DRO (~70k km),1.0,180.59722222222223,srp_am0.01,base,1.0,0.0,0.0,0.0,0.003,0.0,51.50811418753919,51.50857065304391,1.3615980455709613,15.385044129021507,15.417621771148333,15.680750170340298,inf,inf,inf,inf,inf,inf
DRO (~70k km),1.0,180.59722222222223,srp_am0.02,base,1.0,0.0,0.0,0.0,0.006,0.0,51.50811418753919,51.50994002528869,1.3615946431604105,15.388320098542724,15.421281423669269,15.680750170340298,inf,inf,inf,inf,inf,inf
DRO (~70k km),1.0,180.59722222222223,srp_am0.05,base,1.0,0.0,0.0,0.0,0.015,0.0,51.50811418753919,51.519524611913035,1.3615849028069793,15.395947941514287,15.429844718439156,15.680750170340298,inf,inf,inf,inf,inf,inf
DRO (~70k km),1.0,180.59722222222223,nosrp_am0.01,base,1.0,0.0,0.0,0.0,0.0,0.01,51.50811418753919,51.50811418753919,1.6863391951124547,15.692031111133103,15.616209639500662,15.680750170340298,inf,inf,inf,inf,inf,inf
DRO (~70k km),1.0,180.59722222222223,nosrp_am0.05,base,1.0,0.0,0.0,0.0,0.0,0.05,51.50811418753919,51.50811418753919,1.686350399208242,15.699924445464267,15.432827754680831,15.680750170340298,inf,inf,inf,inf,inf,inf
DRO (~70k km),1.0,180.59722222222223,nominal,base,1.0,0.1,0.0,0.001,0.003,0.0,51.50811418753919,53.09426842140769,1.392299594343474,15.331082082788324,15.36299576543512,15.680750170340298,inf,inf,inf,inf,inf,inf
DRO (~70k km),1.0,180.59722222222223,conservative,base,1.0,0.5,0.1,0.01,0.015,0.0,51.50811418753919,82.46847738433272,2.043992353320541,14.713262895108114,14.744294287949788,15.680750170340298,inf,inf,inf,inf,inf,inf
DRO (~70k km),1.0,180.59722222222223,nominal_0.3,base_0.3,0.3,0.1,0.0,0.001,0.003,0.0,15.452436627484284,20.117004497483634,0.5015760860965118,inf,inf,inf,inf,inf,inf,inf,inf,inf
DRO (~70k km),1.0,180.59722222222223,conservative_0.3,base_0.3,0.3,0.5,0.1,0.01,0.015,0.0,15.452436627484284,66.23258432410549,1.6149672606927918,15.068129169789271,15.103395440587262,inf,inf,inf,inf,inf,inf,inf
DRO (~70k km),3.0,180.59722222222223,base,base,1.0,0.0,0.0,0.0,0.0,0.0,21.32147687257491,21.321476872574916,1.0419905754889909,inf,inf,inf,inf,inf,inf,inf,inf,inf
DRO (~70k km),3.0,180.59722222222223,base_0.3,base_0.3,0.3,0.0,0.0,0.0,0.0,0.0,6.396444161789848,6.396444161789845,0.3125724068645856,inf,inf,inf,inf,inf,inf,inf,inf,inf
DRO (~70k km),3.0,180.59722222222223,bias0.05,base,1.0,0.05,0.0,0.0,0.0,0.0,21.32147687257491,21.84477191155598,1.0468903076391918,inf,inf,inf,inf,inf,inf,inf,inf,inf
DRO (~70k km),3.0,180.59722222222223,bias0.1,base,1.0,0.1,0.0,0.0,0.0,0.0,21.32147687257491,23.344384027100112,1.061607701908338,inf,inf,inf,inf,inf,inf,inf,inf,inf
DRO (~70k km),3.0,180.59722222222223,bias0.2,base,1.0,0.2,0.0,0.0,0.0,0.0,21.32147687257491,28.56617539584051,1.1998575850705007,inf,inf,inf,inf,inf,inf,inf,inf,inf
DRO (~70k km),3.0,180.59722222222223,bias0.5,base,1.0,0.5,0.0,0.0,0.0,0.0,21.32147687257491,52.09125931140639,1.7204223663385987,inf,inf,inf,inf,inf,inf,inf,inf,inf
DRO (~70k km),3.0,180.59722222222223,common0.1,base,1.0,0.0,0.1,0.0,0.0,0.0,21.32147687257491,21.32158243173577,1.076025765510148,inf,inf,inf,inf,inf,inf,inf,inf,inf
DRO (~70k km),3.0,180.59722222222223,common0.5,base,1.0,0.0,0.5,0.0,0.0,0.0,21.32147687257491,21.324120652455953,1.7543112298992856,inf,inf,inf,inf,inf,inf,inf,inf,inf
DRO (~70k km),3.0,180.59722222222223,clock10ms,base,1.0,0.0,0.0,0.01,0.0,0.0,21.32147687257491,21.32175264874256,1.0420403498529525,inf,inf,inf,inf,inf,inf,inf,inf,inf
DRO (~70k km),3.0,180.59722222222223,srp_am0.005,base,1.0,0.0,0.0,0.0,0.0015,0.0,21.32147687257491,21.32304732946668,1.0716532005248545,inf,inf,inf,inf,inf,inf,inf,inf,inf
DRO (~70k km),3.0,180.59722222222223,srp_am0.01,base,1.0,0.0,0.0,0.0,0.003,0.0,21.32147687257491,21.327758006414918,1.0716619728668093,inf,inf,inf,inf,inf,inf,inf,inf,inf
DRO (~70k km),3.0,180.59722222222223,srp_am0.02,base,1.0,0.0,0.0,0.0,0.006,0.0,21.32147687257491,21.346590320542667,1.0717270972161288,inf,inf,inf,inf,inf,inf,inf,inf,inf
DRO (~70k km),3.0,180.59722222222223,srp_am0.05,base,1.0,0.0,0.0,0.0,0.015,0.0,21.32147687257491,21.477954245460264,1.0721793511760083,inf,inf,inf,inf,inf,inf,inf,inf,inf
DRO (~70k km),3.0,180.59722222222223,nosrp_am0.01,base,1.0,0.0,0.0,0.0,0.0,0.01,21.32147687257491,21.321476872574916,1.1057831663052298,inf,inf,inf,inf,inf,inf,inf,inf,inf
DRO (~70k km),3.0,180.59722222222223,nosrp_am0.05,base,1.0,0.0,0.0,0.0,0.0,0.05,21.32147687257491,21.321476872574916,1.1058044817407129,inf,inf,inf,inf,inf,inf,inf,inf,inf
DRO (~70k km),3.0,180.59722222222223,nominal,base,1.0,0.1,0.0,0.001,0.003,0.0,21.32147687257491,23.35012349050138,1.0900977546382662,inf,inf,inf,inf,inf,inf,inf,inf,inf
DRO (~70k km),3.0,180.59722222222223,conservative,base,1.0,0.5,0.1,0.01,0.015,0.0,21.32147687257491,52.15565648975772,1.638788812734367,inf,inf,inf,inf,inf,inf,inf,inf,inf
DRO (~70k km),3.0,180.59722222222223,nominal_0.3,base_0.3,0.3,0.1,0.0,0.001,0.003,0.0,6.396444161789848,11.46900724296811,0.405519369790348,inf,inf,inf,inf,inf,inf,inf,inf,inf
DRO (~70k km),3.0,180.59722222222223,conservative_0.3,base_0.3,0.3,0.5,0.1,0.01,0.015,0.0,6.396444161789848,48.02632688866699,1.3627447639980144,inf,inf,inf,inf,inf,inf,inf,inf,inf
DRO (~70k km),7.0,180.59722222222223,base,base,1.0,0.0,0.0,0.0,0.0,0.0,1.9915734006335521,1.9915734006335521,0.6873547535594677,inf,inf,inf,inf,inf,inf,inf,inf,inf
DRO (~70k km),7.0,180.59722222222223,base_0.3,base_0.3,0.3,0.0,0.0,0.0,0.0,0.0,0.5974720202151169,0.5974720202151169,0.20623483963004394,inf,inf,inf,inf,inf,inf,inf,inf,inf
DRO (~70k km),7.0,180.59722222222223,bias0.05,base,1.0,0.05,0.0,0.0,0.0,0.0,1.9915734006335521,1.9963130826819688,0.6935218229084031,inf,inf,inf,inf,inf,inf,inf,inf,inf
DRO (~70k km),7.0,180.59722222222223,bias0.1,base,1.0,0.1,0.0,0.0,0.0,0.0,1.9915734006335521,2.0104661711833356,0.7115633284201431,inf,inf,inf,inf,inf,inf,inf,inf,inf
DRO (~70k km),7.0,180.59722222222223,bias0.2,base,1.0,0.2,0.0,0.0,0.0,0.0,1.9915734006335521,2.0661240378435517,0.7788404662311418,inf,inf,inf,inf,inf,inf,inf,inf,inf
DRO (~70k km),7.0,180.59722222222223,bias0.5,base,1.0,0.5,0.0,0.0,0.0,0.0,1.9915734006335521,2.4205454215959046,1.1331908596490543,inf,inf,inf,inf,inf,inf,inf,inf,inf
DRO (~70k km),7.0,180.59722222222223,common0.1,base,1.0,0.0,0.1,0.0,0.0,0.0,1.9915734006335521,1.9960391296264324,0.7596363509425937,inf,inf,inf,inf,inf,inf,inf,inf,inf
DRO (~70k km),7.0,180.59722222222223,common0.5,base,1.0,0.0,0.5,0.0,0.0,0.0,1.9915734006335521,2.1213614904169478,1.4723006032458155,inf,inf,inf,inf,inf,inf,inf,inf,inf
DRO (~70k km),7.0,180.59722222222223,clock10ms,base,1.0,0.0,0.0,0.01,0.0,0.0,1.9915734006335521,1.991602393242745,0.6874095932322258,inf,inf,inf,inf,inf,inf,inf,inf,inf
DRO (~70k km),7.0,180.59722222222223,srp_am0.005,base,1.0,0.0,0.0,0.0,0.0015,0.0,1.9915734006335521,2.0874561066598587,0.8405033484886633,inf,inf,inf,inf,inf,inf,inf,inf,inf
DRO (~70k km),7.0,180.59722222222223,srp_am0.01,base,1.0,0.0,0.0,0.0,0.003,0.0,1.9915734006335521,2.3553063112087145,0.840372512884813,inf,inf,inf,inf,inf,inf,inf,inf,inf
DRO (~70k km),7.0,180.59722222222223,srp_am0.02,base,1.0,0.0,0.0,0.0,0.006,0.0,1.9915734006335521,3.225405986602284,0.8703553967462027,inf,inf,inf,inf,inf,inf,inf,inf,inf
DRO (~70k km),7.0,180.59722222222223,srp_am0.05,base,1.0,0.0,0.0,0.0,0.015,0.0,1.9915734006335521,6.693572813425923,0.9242668391869495,inf,inf,inf,inf,inf,inf,inf,inf,inf
DRO (~70k km),7.0,180.59722222222223,nosrp_am0.01,base,1.0,0.0,0.0,0.0,0.0,0.01,1.9915734006335521,1.9915734006335521,0.794091509536683,inf,inf,inf,inf,inf,inf,inf,inf,inf
DRO (~70k km),7.0,180.59722222222223,nosrp_am0.05,base,1.0,0.0,0.0,0.0,0.0,0.05,1.9915734006335521,1.9915734006335521,0.794115416575217,inf,inf,inf,inf,inf,inf,inf,inf,inf
DRO (~70k km),7.0,180.59722222222223,nominal,base,1.0,0.1,0.0,0.001,0.003,0.0,1.9915734006335521,2.37111658829529,0.856113856824298,inf,inf,inf,inf,inf,inf,inf,inf,inf
DRO (~70k km),7.0,180.59722222222223,conservative,base,1.0,0.5,0.1,0.01,0.015,0.0,1.9915734006335521,6.825761160207902,1.3536200265304679,inf,inf,inf,inf,inf,inf,inf,inf,inf
DRO (~70k km),7.0,180.59722222222223,nominal_0.3,base_0.3,0.3,0.1,0.0,0.001,0.003,0.0,0.5974720202151169,1.4334160207908369,0.32840655589338247,inf,inf,inf,inf,inf,inf,inf,inf,inf
DRO (~70k km),7.0,180.59722222222223,conservative_0.3,base_0.3,0.3,0.5,0.1,0.01,0.015,0.0,0.5974720202151169,6.567375865249505,1.060444735837944,inf,inf,inf,inf,inf,inf,inf,inf,inf
DRO (~70k km),1.0,210.20833333333334,base,base,1.0,0.0,0.0,0.0,0.0,0.0,58.14462914787597,58.14462914787597,2.178241453175579,inf,inf,inf,inf,inf,inf,inf,inf,inf
DRO (~70k km),1.0,210.20833333333334,base_0.3,base_0.3,0.3,0.0,0.0,0.0,0.0,0.0,17.443391237811696,17.443391237811696,0.653390036130561,inf,inf,inf,inf,inf,inf,inf,inf,inf
DRO (~70k km),1.0,210.20833333333334,bias0.05,base,1.0,0.05,0.0,0.0,0.0,0.0,58.14462914787597,58.40009083609833,2.186537082541348,inf,inf,inf,inf,inf,inf,inf,inf,inf
DRO (~70k km),1.0,210.20833333333334,bias0.1,base,1.0,0.1,0.0,0.0,0.0,0.0,58.14462914787597,59.15985762975289,2.211253924447172,14.589314097020376,inf,inf,inf,inf,inf,inf,inf,inf
DRO (~70k km),1.0,210.20833333333334,bias0.2,base,1.0,0.2,0.0,0.0,0.0,0.0,58.14462914787597,62.10605040998935,2.2919601650463663,14.308512909347671,14.409127915129229,inf,inf,inf,inf,inf,inf,inf
DRO (~70k km),1.0,210.20833333333334,bias0.5,base,1.0,0.5,0.0,0.0,0.0,0.0,58.14462914787597,79.7375356866922,2.8606759654843334,13.385823496593199,13.377973579137402,inf,inf,inf,inf,inf,inf,inf
DRO (~70k km),1.0,210.20833333333334,common0.1,base,1.0,0.0,0.1,0.0,0.0,0.0,58.14462914787597,58.14467455982164,2.199484161455494,inf,inf,inf,inf,inf,inf,inf,inf,inf
DRO (~70k km),1.0,210.20833333333334,common0.5,base,1.0,0.0,0.5,0.0,0.0,0.0,58.14462914787597,58.14576463732215,2.714965669732019,inf,inf,inf,inf,inf,inf,inf,inf,inf
DRO (~70k km),1.0,210.20833333333334,clock10ms,base,1.0,0.0,0.0,0.01,0.0,0.0,58.14462914787597,58.14470234274626,2.17837527421465,inf,inf,inf,inf,inf,inf,inf,inf,inf
DRO (~70k km),1.0,210.20833333333334,srp_am0.005,base,1.0,0.0,0.0,0.0,0.0015,0.0,58.14462914787597,58.144642143328795,1.8981973418537945,inf,inf,inf,inf,inf,inf,inf,inf,inf
DRO (~70k km),1.0,210.20833333333334,srp_am0.01,base,1.0,0.0,0.0,0.0,0.003,0.0,58.14462914787597,58.144681129669834,1.898202273266171,inf,inf,inf,inf,inf,inf,inf,inf,inf
DRO (~70k km),1.0,210.20833333333334,srp_am0.02,base,1.0,0.0,0.0,0.0,0.006,0.0,58.14462914787597,58.14483707477269,1.898199807561602,inf,inf,inf,inf,inf,inf,inf,inf,inf
DRO (~70k km),1.0,210.20833333333334,srp_am0.05,base,1.0,0.0,0.0,0.0,0.015,0.0,58.14462914787597,58.145928678785396,1.8982097846840607,14.602657547975454,inf,inf,inf,inf,inf,inf,inf,inf
DRO (~70k km),1.0,210.20833333333334,nosrp_am0.01,base,1.0,0.0,0.0,0.0,0.0,0.01,58.14462914787597,58.14462914787597,1.9769498072880605,inf,inf,inf,inf,inf,inf,inf,inf,inf
DRO (~70k km),1.0,210.20833333333334,nosrp_am0.05,base,1.0,0.0,0.0,0.0,0.0,0.05,58.14462914787597,58.14462914787597,1.976956975079369,inf,20.268202166559995,inf,inf,inf,inf,inf,inf,inf
DRO (~70k km),1.0,210.20833333333334,nominal,base,1.0,0.1,0.0,0.001,0.003,0.0,58.14462914787597,59.159909438941355,1.91652286496107,inf,inf,inf,inf,inf,inf,inf,inf,inf
DRO (~70k km),1.0,210.20833333333334,conservative,base,1.0,0.5,0.1,0.01,0.015,0.0,58.14462914787597,79.73856975630635,2.509723912343746,13.413696334863427,13.391965797730114,inf,inf,inf,inf,inf,inf,inf
DRO (~70k km),1.0,210.20833333333334,nominal_0.3,base_0.3,0.3,0.1,0.0,0.001,0.003,0.0,17.443391237811696,20.57593432787398,0.6499638700479223,inf,inf,inf,inf,inf,inf,inf,inf,inf
DRO (~70k km),1.0,210.20833333333334,conservative_0.3,base_0.3,0.3,0.5,0.1,0.01,0.015,0.0,17.443391237811696,57.286303552935735,1.7817580044566326,inf,14.556875831900985,inf,inf,inf,inf,inf,inf,inf
DRO (~70k km),3.0,210.20833333333334,base,base,1.0,0.0,0.0,0.0,0.0,0.0,17.960450388528134,17.960450388528134,1.178101350314088,inf,inf,inf,inf,inf,inf,inf,inf,inf
DRO (~70k km),3.0,210.20833333333334,base_0.3,base_0.3,0.3,0.0,0.0,0.0,0.0,0.0,5.388135256511797,5.388135256511797,0.35344882925450155,inf,inf,inf,inf,inf,inf,inf,inf,inf
DRO (~70k km),3.0,210.20833333333334,bias0.05,base,1.0,0.05,0.0,0.0,0.0,0.0,17.960450388528134,18.67287996915979,1.1928646992303011,inf,inf,inf,inf,inf,inf,inf,inf,inf
DRO (~70k km),3.0,210.20833333333334,bias0.1,base,1.0,0.1,0.0,0.0,0.0,0.0,17.960450388528134,20.66331532065355,1.2343013711525137,inf,inf,inf,inf,inf,inf,inf,inf,inf
DRO (~70k km),3.0,210.20833333333334,bias0.2,base,1.0,0.2,0.0,0.0,0.0,0.0,17.960450388528134,27.205848440547584,1.3615669131016834,inf,inf,inf,inf,inf,inf,inf,inf,inf
DRO (~70k km),3.0,210.20833333333334,bias0.5,base,1.0,0.5,0.0,0.0,0.0,0.0,17.960450388528134,54.1522160406642,1.924245292893249,inf,inf,inf,inf,inf,inf,inf,inf,inf
DRO (~70k km),3.0,210.20833333333334,common0.1,base,1.0,0.0,0.1,0.0,0.0,0.0,17.960450388528134,17.960609540064773,1.2085493054973988,inf,inf,inf,inf,inf,inf,inf,inf,inf
DRO (~70k km),3.0,210.20833333333334,common0.5,base,1.0,0.0,0.5,0.0,0.0,0.0,17.960450388528134,17.96443606755601,1.8260032371570618,inf,inf,inf,inf,inf,inf,inf,inf,inf
DRO (~70k km),3.0,210.20833333333334,clock10ms,base,1.0,0.0,0.0,0.01,0.0,0.0,17.960450388528134,17.960691255425015,1.1781736742377091,inf,inf,inf,inf,inf,inf,inf,inf,inf
DRO (~70k km),3.0,210.20833333333334,srp_am0.005,base,1.0,0.0,0.0,0.0,0.0015,0.0,17.960450388528134,17.962003365171558,1.0611585181353296,inf,inf,inf,inf,inf,inf,inf,inf,inf
DRO (~70k km),3.0,210.20833333333334,srp_am0.01,base,1.0,0.0,0.0,0.0,0.003,0.0,17.960450388528134,17.966661492686764,1.0611117478690673,inf,inf,inf,inf,inf,inf,inf,inf,inf
DRO (~70k km),3.0,210.20833333333334,srp_am0.02,base,1.0,0.0,0.0,0.0,0.006,0.0,17.960450388528134,17.98528198301989,1.0609204474757263,inf,inf,inf,inf,inf,inf,inf,inf,inf
DRO (~70k km),3.0,210.20833333333334,srp_am0.05,base,1.0,0.0,0.0,0.0,0.015,0.0,17.960450388528134,18.11509145657662,1.0594906607228958,inf,inf,inf,inf,inf,inf,inf,inf,inf
DRO (~70k km),3.0,210.20833333333334,nosrp_am0.01,base,1.0,0.0,0.0,0.0,0.0,0.01,17.960450388528134,17.960450388528134,1.085021883318148,inf,inf,inf,inf,inf,inf,inf,inf,inf
DRO (~70k km),3.0,210.20833333333334,nosrp_am0.05,base,1.0,0.0,0.0,0.0,0.0,0.05,17.960450388528134,17.960450388528134,1.085047916420403,inf,inf,inf,inf,inf,inf,inf,inf,inf
DRO (~70k km),3.0,210.20833333333334,nominal,base,1.0,0.1,0.0,0.001,0.003,0.0,17.960450388528134,20.668716107861247,1.1091615537446105,inf,inf,inf,inf,inf,inf,inf,inf,inf
DRO (~70k km),3.0,210.20833333333334,conservative,base,1.0,0.5,0.1,0.01,0.015,0.0,17.960450388528134,54.20382685349122,1.5957788725077418,inf,inf,inf,inf,inf,inf,inf,inf,inf
DRO (~70k km),3.0,210.20833333333334,nominal_0.3,base_0.3,0.3,0.1,0.0,0.001,0.003,0.0,5.388135256511797,11.560731567912075,0.3998194311905059,inf,inf,inf,inf,inf,inf,inf,inf,inf
DRO (~70k km),3.0,210.20833333333334,conservative_0.3,base_0.3,0.3,0.5,0.1,0.01,0.015,0.0,5.388135256511797,51.42481341304366,1.2781931323002151,inf,inf,inf,inf,inf,inf,inf,inf,inf
DRO (~70k km),7.0,210.20833333333334,base,base,1.0,0.0,0.0,0.0,0.0,0.0,2.621495042683862,2.621495042683862,0.6513433149169482,inf,inf,inf,inf,inf,inf,inf,inf,inf
DRO (~70k km),7.0,210.20833333333334,base_0.3,base_0.3,0.3,0.0,0.0,0.0,0.0,0.0,0.7864485172367429,0.7864485172367397,0.1953937221627065,inf,inf,inf,inf,inf,inf,inf,inf,inf
DRO (~70k km),7.0,210.20833333333334,bias0.05,base,1.0,0.05,0.0,0.0,0.0,0.0,2.621495042683862,2.656600227865816,0.6559151319001849,inf,inf,inf,inf,inf,inf,inf,inf,inf
DRO (~70k km),7.0,210.20833333333334,bias0.1,base,1.0,0.1,0.0,0.0,0.0,0.0,2.621495042683862,2.7592859500599998,0.6910648135408715,inf,inf,inf,inf,inf,inf,inf,inf,inf
DRO (~70k km),7.0,210.20833333333334,bias0.2,base,1.0,0.2,0.0,0.0,0.0,0.0,2.621495042683862,3.137038969170268,0.7646356435987591,inf,inf,inf,inf,inf,inf,inf,inf,inf
DRO (~70k km),7.0,210.20833333333334,bias0.5,base,1.0,0.5,0.0,0.0,0.0,0.0,2.621495042683862,5.046538486978356,1.160287366264646,inf,inf,inf,inf,inf,inf,inf,inf,inf
DRO (~70k km),7.0,210.20833333333334,common0.1,base,1.0,0.0,0.1,0.0,0.0,0.0,2.621495042683862,2.6386670519716646,0.7214537356823706,inf,inf,inf,inf,inf,inf,inf,inf,inf
DRO (~70k km),7.0,210.20833333333334,common0.5,base,1.0,0.0,0.5,0.0,0.0,0.0,2.621495042683862,3.0537516288020328,1.6202748037020693,inf,inf,inf,inf,inf,inf,inf,inf,inf
DRO (~70k km),7.0,210.20833333333334,clock10ms,base,1.0,0.0,0.0,0.01,0.0,0.0,2.621495042683862,2.6215417750854355,0.651366114934928,inf,inf,inf,inf,inf,inf,inf,inf,inf
DRO (~70k km),7.0,210.20833333333334,srp_am0.005,base,1.0,0.0,0.0,0.0,0.0015,0.0,2.621495042683862,2.6623858307019717,0.5881894707963768,inf,inf,inf,inf,inf,inf,inf,inf,inf
DRO (~70k km),7.0,210.20833333333334,srp_am0.01,base,1.0,0.0,0.0,0.0,0.003,0.0,2.621495042683862,2.781457648951746,0.6034427198474657,inf,inf,inf,inf,inf,inf,inf,inf,inf
DRO (~70k km),7.0,210.20833333333334,srp_am0.02,base,1.0,0.0,0.0,0.0,0.006,0.0,2.621495042683862,3.2139633932126563,0.6633709047565061,inf,inf,inf,inf,inf,inf,inf,inf,inf
DRO (~70k km),7.0,210.20833333333334,srp_am0.05,base,1.0,0.0,0.0,0.0,0.015,0.0,2.621495042683862,5.336982496804785,0.967636336889091,inf,inf,inf,inf,inf,inf,inf,inf,inf
DRO (~70k km),7.0,210.20833333333334,nosrp_am0.01,base,1.0,0.0,0.0,0.0,0.0,0.01,2.621495042683862,2.621495042683862,0.7155599878123177,inf,inf,inf,inf,inf,inf,inf,inf,inf
DRO (~70k km),7.0,210.20833333333334,nosrp_am0.05,base,1.0,0.0,0.0,0.0,0.0,0.05,2.621495042683862,2.621495042683862,0.7156193290642171,inf,inf,inf,inf,inf,inf,inf,inf,inf
DRO (~70k km),7.0,210.20833333333334,nominal,base,1.0,0.1,0.0,0.001,0.003,0.0,2.621495042683862,2.911654859567058,0.6231662446647871,inf,inf,inf,inf,inf,inf,inf,inf,inf
DRO (~70k km),7.0,210.20833333333334,conservative,base,1.0,0.5,0.1,0.01,0.015,0.0,2.621495042683862,6.864368980807798,1.2415703828642293,inf,inf,inf,inf,inf,inf,inf,inf,inf
DRO (~70k km),7.0,210.20833333333334,nominal_0.3,base_0.3,0.3,0.1,0.0,0.001,0.003,0.0,0.7864485172367429,1.4914959667166723,0.2755864459287966,inf,inf,inf,inf,inf,inf,inf,inf,inf
DRO (~70k km),7.0,210.20833333333334,conservative_0.3,base_0.3,0.3,0.5,0.1,0.01,0.015,0.0,0.7864485172367429,6.392933321158693,1.1074512173545958,inf,inf,inf,inf,inf,inf,inf,inf,inf
DRO (~70k km),1.0,237.94444444444446,base,base,1.0,0.0,0.0,0.0,0.0,0.0,31.961129140133878,31.961129140133878,0.837250369160077,inf,inf,inf,inf,inf,inf,inf,inf,inf
DRO (~70k km),1.0,237.94444444444446,base_0.3,base_0.3,0.3,0.0,0.0,0.0,0.0,0.0,9.588339120179018,9.588339120179018,0.2511632247329621,inf,inf,inf,inf,inf,inf,inf,inf,inf
DRO (~70k km),1.0,237.94444444444446,bias0.05,base,1.0,0.05,0.0,0.0,0.0,0.0,31.961129140133878,32.211066267629334,0.84568093827537,inf,inf,inf,inf,inf,inf,inf,inf,inf
DRO (~70k km),1.0,237.94444444444446,bias0.1,base,1.0,0.1,0.0,0.0,0.0,0.0,31.961129140133878,32.94950558471546,0.8702310341503695,inf,inf,inf,inf,inf,inf,inf,inf,inf
DRO (~70k km),1.0,237.94444444444446,bias0.2,base,1.0,0.2,0.0,0.0,0.0,0.0,31.961129140133878,35.75107631265291,1.0431434589124913,inf,inf,inf,inf,inf,inf,inf,inf,inf
DRO (~70k km),1.0,237.94444444444446,bias0.5,base,1.0,0.5,0.0,0.0,0.0,0.0,31.961129140133878,51.23909062457774,1.7760886258010602,inf,inf,inf,inf,inf,inf,inf,inf,inf
DRO (~70k km),1.0,237.94444444444446,common0.1,base,1.0,0.0,0.1,0.0,0.0,0.0,31.961129140133878,31.961185134467684,0.854622297954308,inf,inf,inf,inf,inf,inf,inf,inf,inf
DRO (~70k km),1.0,237.94444444444446,common0.5,base,1.0,0.0,0.5,0.0,0.0,0.0,31.961129140133878,31.962529738274494,1.6732954147687134,inf,inf,inf,inf,inf,inf,inf,inf,inf
DRO (~70k km),1.0,237.94444444444446,clock10ms,base,1.0,0.0,0.0,0.01,0.0,0.0,31.961129140133878,31.96134054374917,0.8373645980736302,inf,inf,inf,inf,inf,inf,inf,inf,inf
DRO (~70k km),1.0,237.94444444444446,srp_am0.005,base,1.0,0.0,0.0,0.0,0.0015,0.0,31.961129140133878,31.961134946421538,0.9890726761453027,inf,inf,inf,inf,inf,inf,inf,inf,inf
DRO (~70k km),1.0,237.94444444444446,srp_am0.01,base,1.0,0.0,0.0,0.0,0.003,0.0,31.961129140133878,31.961152365278195,0.9890679897702028,inf,inf,inf,inf,inf,inf,inf,inf,inf
DRO (~70k km),1.0,237.94444444444446,srp_am0.02,base,1.0,0.0,0.0,0.0,0.006,0.0,31.961129140133878,31.961222040609893,0.9890868693668314,inf,inf,inf,inf,inf,inf,inf,inf,inf
DRO (~70k km),1.0,237.94444444444446,srp_am0.05,base,1.0,0.0,0.0,0.0,0.015,0.0,31.961129140133878,31.961709763678883,0.9890869588556266,inf,inf,inf,inf,inf,inf,inf,inf,inf
DRO (~70k km),1.0,237.94444444444446,nosrp_am0.01,base,1.0,0.0,0.0,0.0,0.0,0.01,31.961129140133878,31.961129140133878,1.0152908329432278,inf,inf,inf,inf,inf,inf,inf,inf,inf
DRO (~70k km),1.0,237.94444444444446,nosrp_am0.05,base,1.0,0.0,0.0,0.0,0.0,0.05,31.961129140133878,31.961129140133878,1.0152954415966982,inf,inf,inf,inf,inf,inf,inf,inf,inf
DRO (~70k km),1.0,237.94444444444446,nominal,base,1.0,0.1,0.0,0.001,0.003,0.0,31.961129140133878,32.949530163848905,1.0477099032465755,inf,inf,inf,inf,inf,inf,inf,inf,inf
DRO (~70k km),1.0,237.94444444444446,conservative,base,1.0,0.5,0.1,0.01,0.015,0.0,31.961129140133878,51.23962011776419,2.057743495748886,13.776399760675332,13.799657062743487,inf,inf,inf,inf,inf,inf,inf
DRO (~70k km),1.0,237.94444444444446,nominal_0.3,base_0.3,0.3,0.1,0.0,0.001,0.003,0.0,9.588339120179018,12.493786841640542,0.463883852184899,inf,inf,inf,inf,inf,inf,inf,inf,inf
DRO (~70k km),1.0,237.94444444444446,conservative_0.3,base_0.3,0.3,0.5,0.1,0.01,0.015,0.0,9.588339120179018,41.181765958841495,1.864290276192879,inf,inf,inf,inf,inf,inf,inf,inf,inf
DRO (~70k km),3.0,237.94444444444446,base,base,1.0,0.0,0.0,0.0,0.0,0.0,13.700615821117758,13.700615821117758,0.465798933398336,inf,inf,inf,inf,inf,inf,inf,inf,inf
DRO (~70k km),3.0,237.94444444444446,base_0.3,base_0.3,0.3,0.0,0.0,0.0,0.0,0.0,4.110184793144664,4.110184793144664,0.13977154632074854,inf,inf,inf,inf,inf,inf,inf,inf,inf
DRO (~70k km),3.0,237.94444444444446,bias0.05,base,1.0,0.05,0.0,0.0,0.0,0.0,13.700615821117758,14.282081464865147,0.4732383504529954,inf,inf,inf,inf,inf,inf,inf,inf,inf
DRO (~70k km),3.0,237.94444444444446,bias0.1,base,1.0,0.1,0.0,0.0,0.0,0.0,13.700615821117758,15.899397289973786,0.4948068415739897,inf,inf,inf,inf,inf,inf,inf,inf,inf
DRO (~70k km),3.0,237.94444444444446,bias0.2,base,1.0,0.2,0.0,0.0,0.0,0.0,13.700615821117758,21.167028450763624,0.5744258223731739,inf,inf,inf,inf,inf,inf,inf,inf,inf
DRO (~70k km),3.0,237.94444444444446,bias0.5,base,1.0,0.5,0.0,0.0,0.0,0.0,13.700615821117758,42.60059332334157,0.9757377898706775,inf,inf,inf,inf,inf,inf,inf,inf,inf
DRO (~70k km),3.0,237.94444444444446,common0.1,base,1.0,0.0,0.1,0.0,0.0,0.0,13.700615821117758,13.701379948957596,0.5389373000074524,inf,inf,inf,inf,inf,inf,inf,inf,inf
DRO (~70k km),3.0,237.94444444444446,common0.5,base,1.0,0.0,0.5,0.0,0.0,0.0,13.700615821117758,13.719752920613017,1.4328824321359122,inf,inf,inf,inf,inf,inf,inf,inf,inf
DRO (~70k km),3.0,237.94444444444446,clock10ms,base,1.0,0.0,0.0,0.01,0.0,0.0,13.700615821117758,13.700947204379869,0.4659008059787503,inf,inf,inf,inf,inf,inf,inf,inf,inf
DRO (~70k km),3.0,237.94444444444446,srp_am0.005,base,1.0,0.0,0.0,0.0,0.0015,0.0,13.700615821117758,13.70137068114757,0.5552941942757827,inf,inf,inf,inf,inf,inf,inf,inf,inf
DRO (~70k km),3.0,237.94444444444446,srp_am0.01,base,1.0,0.0,0.0,0.0,0.003,0.0,13.700615821117758,13.703635011892583,0.5552860234090788,inf,inf,inf,inf,inf,inf,inf,inf,inf
DRO (~70k km),3.0,237.94444444444446,srp_am0.02,base,1.0,0.0,0.0,0.0,0.006,0.0,13.700615821117758,13.712688597996058,0.5552195615266542,inf,inf,inf,inf,inf,inf,inf,inf,inf
DRO (~70k km),3.0,237.94444444444446,srp_am0.05,base,1.0,0.0,0.0,0.0,0.015,0.0,13.700615821117758,13.775897194307339,0.5548546664628782,inf,inf,inf,inf,inf,inf,inf,inf,inf
DRO (~70k km),3.0,237.94444444444446,nosrp_am0.01,base,1.0,0.0,0.0,0.0,0.0,0.01,13.700615821117758,13.700615821117758,0.5221781005024781,inf,inf,inf,inf,inf,inf,inf,inf,inf
DRO (~70k km),3.0,237.94444444444446,nosrp_am0.05,base,1.0,0.0,0.0,0.0,0.0,0.05,13.700615821117758,13.700615821117758,0.5221872356071382,inf,inf,inf,inf,inf,inf,inf,inf,inf
DRO (~70k km),3.0,237.94444444444446,nominal,base,1.0,0.1,0.0,0.001,0.003,0.0,13.700615821117758,15.90200190458034,0.5953532779794289,inf,inf,inf,inf,inf,inf,inf,inf,inf
DRO (~70k km),3.0,237.94444444444446,conservative,base,1.0,0.5,0.1,0.01,0.015,0.0,13.700615821117758,42.62521765943484,1.1648316980578948,inf,inf,inf,inf,inf,inf,inf,inf,inf
DRO (~70k km),3.0,237.94444444444446,nominal_0.3,base_0.3,0.3,0.1,0.0,0.001,0.003,0.0,4.110184793144664,9.058729010373382,0.25720118116833224,inf,inf,inf,inf,inf,inf,inf,inf,inf
DRO (~70k km),3.0,237.94444444444446,conservative_0.3,base_0.3,0.3,0.5,0.1,0.01,0.015,0.0,4.110184793144664,40.57211721186242,1.0328372422039858,inf,inf,inf,inf,inf,inf,inf,inf,inf
DRO (~70k km),7.0,237.94444444444446,base,base,1.0,0.0,0.0,0.0,0.0,0.0,4.576038958893309,4.576038958893323,0.35236951146295553,inf,inf,inf,inf,inf,inf,inf,inf,inf
DRO (~70k km),7.0,237.94444444444446,base_0.3,base_0.3,0.3,0.0,0.0,0.0,0.0,0.0,1.3728117202667913,1.3728117202667949,0.10567607681511,inf,inf,inf,inf,inf,inf,inf,inf,inf
DRO (~70k km),7.0,237.94444444444446,bias0.05,base,1.0,0.05,0.0,0.0,0.0,0.0,4.576038958893309,4.7019203411470905,0.35925317966057374,inf,inf,inf,inf,inf,inf,inf,inf,inf
DRO (~70k km),7.0,237.94444444444446,bias0.1,base,1.0,0.1,0.0,0.0,0.0,0.0,4.576038958893309,5.060814505632838,0.37949993582632685,inf,inf,inf,inf,inf,inf,inf,inf,inf
DRO (~70k km),7.0,237.94444444444446,bias0.2,base,1.0,0.2,0.0,0.0,0.0,0.0,4.576038958893309,6.295011394300363,0.4571697200276561,inf,inf,inf,inf,inf,inf,inf,inf,inf
DRO (~70k km),7.0,237.94444444444446,bias0.5,base,1.0,0.5,0.0,0.0,0.0,0.0,4.576038958893309,11.736084134318226,0.8121495167847439,inf,inf,inf,inf,inf,inf,inf,inf,inf
DRO (~70k km),7.0,237.94444444444446,common0.1,base,1.0,0.0,0.1,0.0,0.0,0.0,4.576038958893309,4.593263671073713,0.4330623841236873,inf,inf,inf,inf,inf,inf,inf,inf,inf
DRO (~70k km),7.0,237.94444444444446,common0.5,base,1.0,0.0,0.5,0.0,0.0,0.0,4.576038958893309,4.9953199448665275,1.2761690535811714,inf,inf,inf,inf,inf,inf,inf,inf,inf
DRO (~70k km),7.0,237.94444444444446,clock10ms,base,1.0,0.0,0.0,0.01,0.0,0.0,4.576038958893309,4.576063643850314,0.3525041775043116,inf,inf,inf,inf,inf,inf,inf,inf,inf
DRO (~70k km),7.0,237.94444444444446,srp_am0.005,base,1.0,0.0,0.0,0.0,0.0015,0.0,4.576038958893309,4.609426198468339,0.3542787625806961,inf,inf,inf,inf,inf,inf,inf,inf,inf
DRO (~70k km),7.0,237.94444444444446,srp_am0.01,base,1.0,0.0,0.0,0.0,0.003,0.0,4.576038958893309,4.708168213441114,0.35506118793647845,inf,inf,inf,inf,inf,inf,inf,inf,inf
DRO (~70k km),7.0,237.94444444444446,srp_am0.02,base,1.0,0.0,0.0,0.0,0.006,0.0,4.576038958893309,5.084001755353342,0.35786256919411225,inf,inf,inf,inf,inf,inf,inf,inf,inf
DRO (~70k km),7.0,237.94444444444446,srp_am0.05,base,1.0,0.0,0.0,0.0,0.015,0.0,4.576038958893309,7.184010987344536,0.37434669011250404,inf,inf,inf,inf,inf,inf,inf,inf,inf
DRO (~70k km),7.0,237.94444444444446,nosrp_am0.01,base,1.0,0.0,0.0,0.0,0.0,0.01,4.576038958893309,4.576038958893323,0.40440590904543544,inf,inf,inf,inf,inf,inf,inf,inf,inf
DRO (~70k km),7.0,237.94444444444446,nosrp_am0.05,base,1.0,0.0,0.0,0.0,0.0,0.05,4.576038958893309,4.576038958893323,0.40441758891401175,inf,inf,inf,inf,inf,inf,inf,inf,inf
DRO (~70k km),7.0,237.94444444444446,nominal,base,1.0,0.1,0.0,0.001,0.003,0.0,4.576038958893309,5.180595495232095,0.3806459778147748,inf,inf,inf,inf,inf,inf,inf,inf,inf
DRO (~70k km),7.0,237.94444444444446,conservative,base,1.0,0.5,0.1,0.01,0.015,0.0,4.576038958893309,12.98317605885637,0.8289148077347421,inf,inf,inf,inf,inf,inf,inf,inf,inf
DRO (~70k km),7.0,237.94444444444446,nominal_0.3,base_0.3,0.3,0.1,0.0,0.001,0.003,0.0,1.3728117202667913,2.7898324166250714,0.17657639032193548,inf,inf,inf,inf,inf,inf,inf,inf,inf
DRO (~70k km),7.0,237.94444444444446,conservative_0.3,base_0.3,0.3,0.5,0.1,0.01,0.015,0.0,1.3728117202667913,12.227345862256739,0.7580732873899559,inf,inf,inf,inf,inf,inf,inf,inf,inf
DRO (~70k km),1.0,266.96527777777777,base,base,1.0,0.0,0.0,0.0,0.0,0.0,478.4893574946127,478.4893574946127,10.774374036291942,5.859934550602088,5.6670786899405545,5.014315839695221,9.13065487342723,9.099234457608585,8.979887165234064,11.135720002977301,11.073809180448043,10.990135691582635
DRO (~70k km),1.0,266.96527777777777,base_0.3,base_0.3,0.3,0.0,0.0,0.0,0.0,0.0,143.5479090904165,143.5479090904165,3.2378253783958284,9.27536015990213,9.27165993959499,9.080197389702228,11.317073925011888,11.279817854694613,11.12711992261989,inf,inf,inf
DRO (~70k km),1.0,266.96527777777777,bias0.05,base,1.0,0.05,0.0,0.0,0.0,0.0,478.4893574946127,478.5260734746417,10.778958591086248,5.802086254160209,5.6103988686981285,5.014315839695221,9.131233424142733,9.09972964965825,8.979887165234064,11.136399341632101,11.074385358888508,10.990135691582635
DRO (~70k km),1.0,266.96527777777777,bias0.1,base,1.0,0.1,0.0,0.0,0.0,0.0,478.4893574946127,478.6362045241746,10.792558845399897,5.641906949465728,5.49007374522118,5.014315839695221,9.132865500374265,9.101120824901427,8.979887165234064,11.138305294860656,11.07599215427613,10.990135691582635
DRO (~70k km),1.0,266.96527777777777,bias0.2,base,1.0,0.2,0.0,0.0,0.0,0.0,478.4893574946127,479.0764756742524,10.844938389984033,5.517892267992428,5.367032428629383,5.014315839695221,9.138141943110078,9.10554873395192,8.979887165234064,11.14433092912757,11.080951603257361,10.990135691582635
DRO (~70k km),1.0,266.96527777777777,bias0.5,base,1.0,0.5,0.0,0.0,0.0,0.0,478.4893574946127,482.14712236082,11.15369156015455,5.643721764147199,5.430174357078165,5.014315839695221,9.151298590730452,9.115237507073035,8.979887165234064,11.148149730557577,11.088052056803958,10.990135691582635
DRO (~70k km),1.0,266.96527777777777,common0.1,base,1.0,0.0,0.1,0.0,0.0,0.0,478.4893574946127,478.4893906807792,10.79116017306038,5.695231158459169,5.529630199523437,5.014315839695221,9.13223998096769,9.10061113032535,8.979887165234064,11.137454851116575,11.075318666295203,10.990135691582635
DRO (~70k km),1.0,266.96527777777777,common0.5,base,1.0,0.0,0.5,0.0,0.0,0.0,478.4893574946127,478.49018715019696,11.126481350404012,5.703860633116414,5.489116512557,5.014315839695221,9.151625177821012,9.117141042276115,8.979887165234064,11.146431529227602,11.09489327036505,10.990135691582635
DRO (~70k km),1.0,266.96527777777777,clock10ms,base,1.0,0.0,0.0,0.01,0.0,0.0,478.4893574946127,478.48936956334956,10.774443732915238,5.858583336475498,5.665759902756422,5.014315839695221,9.130670189293665,9.09924808154805,8.979887165234064,11.135739677347221,11.073826863627417,10.990135691582635
DRO (~70k km),1.0,266.96527777777777,srp_am0.005,base,1.0,0.0,0.0,0.0,0.0015,0.0,478.4893574946127,478.48935847995784,12.054394940824162,4.93695887252611,4.807778460664991,5.014315839695221,8.783291174232648,8.75914685276547,8.979887165234064,10.656167479233687,10.624952188477023,10.990135691582635
DRO (~70k km),1.0,266.96527777777777,srp_am0.01,base,1.0,0.0,0.0,0.0,0.003,0.0,478.4893574946127,478.48936143599354,12.05439493693562,4.936902079291501,4.807723167012098,5.014315839695221,8.783058875758416,8.758916363700722,8.979887165234064,10.655781737194518,10.624567751813071,10.990135691582635
DRO (~70k km),1.0,266.96527777777777,srp_am0.02,base,1.0,0.0,0.0,0.0,0.006,0.0,478.4893574946127,478.4893732601359,12.054394548978228,4.936787948889252,4.80761244298628,5.014315839695221,8.782576150184951,8.758436499240087,8.979887165234064,10.65497379648955,10.623761808961692,10.990135691582635
DRO (~70k km),1.0,266.96527777777777,srp_am0.05,base,1.0,0.0,0.0,0.0,0.015,0.0,478.4893574946127,478.4894560291243,12.054396508207772,4.936441538329512,4.807279500686011,5.014315839695221,8.780958091320176,8.756825479882645,8.979887165234064,10.652261576675633,10.621050695821655,10.990135691582635
DRO (~70k km),1.0,266.96527777777777,nosrp_am0.01,base,1.0,0.0,0.0,0.0,0.0,0.01,478.4893574946127,478.4893574946127,12.64115349357331,4.7758279869129465,4.7359376201864976,5.014315839695221,8.81767254596989,8.792785401022371,8.979887165234064,10.734351040247045,10.751202579540022,10.990135691582635
DRO (~70k km),1.0,266.96527777777777,nosrp_am0.05,base,1.0,0.0,0.0,0.0,0.0,0.05,478.4893574946127,478.4893574946127,12.641215571865366,4.774786343615306,4.720923882268031,5.014315839695221,8.814555402596744,8.776478986551062,8.979887165234064,10.728591457705852,10.729993495949824,10.990135691582635
DRO (~70k km),1.0,266.96527777777777,nominal,base,1.0,0.1,0.0,0.001,0.003,0.0,478.4893574946127,478.6362085849966,12.05552584177722,4.892171150679142,4.765194960359854,5.014315839695221,8.777492235680127,8.753116333983769,8.979887165234064,10.650066114398607,10.618659570136378,10.990135691582635
DRO (~70k km),1.0,266.96527777777777,conservative,base,1.0,0.5,0.1,0.01,0.015,0.0,478.4893574946127,482.1472650687918,12.074087972816633,4.403557654811229,4.306053332595464,5.014315839695221,8.733535046388981,8.70592399192183,8.979887165234064,10.636217760374079,10.60177065603802,10.990135691582635
DRO (~70k km),1.0,266.96527777777777,nominal_0.3,base_0.3,0.3,0.1,0.0,0.001,0.003,0.0,143.5479090904165,144.0366693742584,3.610419802543559,8.910145476716684,8.885936570504787,9.080197389702228,10.905016356472204,10.877978682550054,11.12711992261989,inf,inf,inf
DRO (~70k km),1.0,266.96527777777777,conservative_0.3,base_0.3,0.3,0.5,0.1,0.01,0.015,0.0,143.5479090904165,155.30647226390127,3.797218908972967,8.8297865573042,8.799196939290193,9.080197389702228,10.881500679769056,10.848975746586941,11.12711992261989,inf,inf,inf
DRO (~70k km),3.0,266.96527777777777,base,base,1.0,0.0,0.0,0.0,0.0,0.0,8.821154148872743,8.821154148872745,0.719415678348803,inf,inf,inf,inf,inf,inf,inf,inf,inf
DRO (~70k km),3.0,266.96527777777777,base_0.3,base_0.3,0.3,0.0,0.0,0.0,0.0,0.0,2.6463462509678295,2.6463462509678295,0.21582563336627603,inf,inf,inf,inf,inf,inf,inf,inf,inf
DRO (~70k km),3.0,266.96527777777777,bias0.05,base,1.0,0.05,0.0,0.0,0.0,0.0,8.821154148872743,9.056291318605266,0.7323257941133203,inf,inf,inf,inf,inf,inf,inf,inf,inf
DRO (~70k km),3.0,266.96527777777777,bias0.1,base,1.0,0.1,0.0,0.0,0.0,0.0,8.821154148872743,9.72767008525648,0.7717429992223142,inf,inf,inf,inf,inf,inf,inf,inf,inf
DRO (~70k km),3.0,266.96527777777777,bias0.2,base,1.0,0.2,0.0,0.0,0.0,0.0,8.821154148872743,12.044656954817045,0.9094490459696278,inf,inf,inf,inf,inf,inf,inf,inf,inf
DRO (~70k km),3.0,266.96527777777777,bias0.5,base,1.0,0.5,0.0,0.0,0.0,0.0,8.821154148872743,22.320591542554986,1.5025747004221026,inf,inf,inf,inf,inf,inf,inf,inf,inf
DRO (~70k km),3.0,266.96527777777777,common0.1,base,1.0,0.0,0.1,0.0,0.0,0.0,8.821154148872743,8.82204719779744,0.7678638495319073,inf,inf,inf,inf,inf,inf,inf,inf,inf
DRO (~70k km),3.0,266.96527777777777,common0.5,base,1.0,0.0,0.5,0.0,0.0,0.0,8.821154148872743,8.843610389905884,1.5190563457956145,inf,inf,inf,inf,inf,inf,inf,inf,inf
DRO (~70k km),3.0,266.96527777777777,clock10ms,base,1.0,0.0,0.0,0.01,0.0,0.0,8.821154148872743,8.824910988067963,0.7194183545771422,inf,inf,inf,inf,inf,inf,inf,inf,inf
DRO (~70k km),3.0,266.96527777777777,srp_am0.005,base,1.0,0.0,0.0,0.0,0.0015,0.0,8.821154148872743,8.822206559559955,0.7916021672787535,inf,inf,inf,inf,inf,inf,inf,inf,inf
DRO (~70k km),3.0,266.96527777777777,srp_am0.01,base,1.0,0.0,0.0,0.0,0.003,0.0,8.821154148872743,8.825363041322602,0.7916081935362728,inf,inf,inf,inf,inf,inf,inf,inf,inf
DRO (~70k km),3.0,266.96527777777777,srp_am0.02,base,1.0,0.0,0.0,0.0,0.006,0.0,8.821154148872743,8.837977735165488,0.7917090909548254,inf,inf,inf,inf,inf,inf,inf,inf,inf
DRO (~70k km),3.0,266.96527777777777,srp_am0.05,base,1.0,0.0,0.0,0.0,0.015,0.0,8.821154148872743,8.925783156798627,0.7923374580461745,inf,inf,inf,inf,inf,inf,inf,inf,inf
DRO (~70k km),3.0,266.96527777777777,nosrp_am0.01,base,1.0,0.0,0.0,0.0,0.0,0.01,8.821154148872743,8.821154148872745,0.7779611662316256,inf,inf,inf,inf,inf,inf,inf,inf,inf
DRO (~70k km),3.0,266.96527777777777,nosrp_am0.05,base,1.0,0.0,0.0,0.0,0.0,0.05,8.821154148872743,8.821154148872745,0.7779553354884884,inf,inf,inf,inf,inf,inf,inf,inf,inf
DRO (~70k km),3.0,266.96527777777777,nominal,base,1.0,0.1,0.0,0.001,0.003,0.0,8.821154148872743,9.73152079763868,0.8303628812102812,inf,inf,inf,inf,inf,inf,inf,inf,inf
DRO (~70k km),3.0,266.96527777777777,conservative,base,1.0,0.5,0.1,0.01,0.015,0.0,8.821154148872743,22.36397701815238,1.5507106466327631,inf,inf,inf,inf,inf,inf,inf,inf,inf
DRO (~70k km),3.0,266.96527777777777,nominal_0.3,base_0.3,0.3,0.1,0.0,0.001,0.003,0.0,2.6463462509678295,4.888117746154433,0.3545700163502399,inf,inf,inf,inf,inf,inf,inf,inf,inf
DRO (~70k km),3.0,266.96527777777777,conservative_0.3,base_0.3,0.3,0.5,0.1,0.01,0.015,0.0,2.6463462509678295,20.720599425497866,1.3379866544821841,inf,inf,inf,inf,inf,inf,inf,inf,inf
DRO (~70k km),7.0,266.96527777777777,base,base,1.0,0.0,0.0,0.0,0.0,0.0,2.1592728755195663,2.1592728755195663,0.6645436317538916,inf,inf,inf,inf,inf,inf,inf,inf,inf
DRO (~70k km),7.0,266.96527777777777,base_0.3,base_0.3,0.3,0.0,0.0,0.0,0.0,0.0,0.6477818629214803,0.6477818629214803,0.1993783405002572,inf,inf,inf,inf,inf,inf,inf,inf,inf
DRO (~70k km),7.0,266.96527777777777,bias0.05,base,1.0,0.05,0.0,0.0,0.0,0.0,2.1592728755195663,2.1864597626813627,0.6736091965733408,inf,inf,inf,inf,inf,inf,inf,inf,inf
DRO (~70k km),7.0,266.96527777777777,bias0.1,base,1.0,0.1,0.0,0.0,0.0,0.0,2.1592728755195663,2.2660841353622256,0.6998520520833496,inf,inf,inf,inf,inf,inf,inf,inf,inf
DRO (~70k km),7.0,266.96527777777777,bias0.2,base,1.0,0.2,0.0,0.0,0.0,0.0,2.1592728755195663,2.560121489422852,0.7938968671231118,inf,inf,inf,inf,inf,inf,inf,inf,inf
DRO (~70k km),7.0,266.96527777777777,bias0.5,base,1.0,0.5,0.0,0.0,0.0,0.0,2.1592728755195663,4.062047088826127,1.2496912384472383,inf,inf,inf,inf,inf,inf,inf,inf,inf
DRO (~70k km),7.0,266.96527777777777,common0.1,base,1.0,0.0,0.1,0.0,0.0,0.0,2.1592728755195663,2.1811438242674495,0.7132356709879143,inf,inf,inf,inf,inf,inf,inf,inf,inf
DRO (~70k km),7.0,266.96527777777777,common0.5,base,1.0,0.0,0.5,0.0,0.0,0.0,2.1592728755195663,2.6737093089270925,1.4125438794762262,inf,inf,inf,inf,inf,inf,inf,inf,inf
DRO (~70k km),7.0,266.96527777777777,clock10ms,base,1.0,0.0,0.0,0.01,0.0,0.0,2.1592728755195663,2.159612680812681,0.6647284117402135,inf,inf,inf,inf,inf,inf,inf,inf,inf
DRO (~70k km),7.0,266.96527777777777,srp_am0.005,base,1.0,0.0,0.0,0.0,0.0015,0.0,2.1592728755195663,2.2021485513324683,0.6767805315743625,inf,inf,inf,inf,inf,inf,inf,inf,inf
DRO (~70k km),7.0,266.96527777777777,srp_am0.01,base,1.0,0.0,0.0,0.0,0.003,0.0,2.1592728755195663,2.326389660185249,0.6896350552566501,inf,inf,inf,inf,inf,inf,inf,inf,inf
DRO (~70k km),7.0,266.96527777777777,srp_am0.02,base,1.0,0.0,0.0,0.0,0.006,0.0,2.1592728755195663,2.7708320599223932,0.7167407102913478,inf,inf,inf,inf,inf,inf,inf,inf,inf
DRO (~70k km),7.0,266.96527777777777,srp_am0.05,base,1.0,0.0,0.0,0.0,0.015,0.0,2.1592728755195663,4.865352040095955,0.7527500713895058,inf,inf,inf,inf,inf,inf,inf,inf,inf
DRO (~70k km),7.0,266.96527777777777,nosrp_am0.01,base,1.0,0.0,0.0,0.0,0.0,0.01,2.1592728755195663,2.1592728755195663,0.6983193922442692,inf,inf,inf,inf,inf,inf,inf,inf,inf
DRO (~70k km),7.0,266.96527777777777,nosrp_am0.05,base,1.0,0.0,0.0,0.0,0.0,0.05,2.1592728755195663,2.1592728755195663,0.6983397477512175,inf,inf,inf,inf,inf,inf,inf,inf,inf
DRO (~70k km),7.0,266.96527777777777,nominal,base,1.0,0.1,0.0,0.001,0.003,0.0,2.1592728755195663,2.425649813685041,0.7244247451775512,inf,inf,inf,inf,inf,inf,inf,inf,inf
DRO (~70k km),7.0,266.96527777777777,conservative,base,1.0,0.5,0.1,0.01,0.015,0.0,2.1592728755195663,5.949479628183029,1.484102435157,inf,inf,inf,inf,inf,inf,inf,inf,inf
DRO (~70k km),7.0,266.96527777777777,nominal_0.3,base_0.3,0.3,0.1,0.0,0.001,0.003,0.0,0.6477818629214803,1.2823880525600126,0.32993659857142843,inf,inf,inf,inf,inf,inf,inf,inf,inf
DRO (~70k km),7.0,266.96527777777777,conservative_0.3,base_0.3,0.3,0.5,0.1,0.01,0.015,0.0,0.6477818629214803,5.583233214545186,1.3414292033726396,inf,inf,inf,inf,inf,inf,inf,inf,inf
DRO (~70k km),1.0,295.625,base,base,1.0,0.0,0.0,0.0,0.0,0.0,51.74611598352592,51.74611598352592,1.39369507358772,10.25323854638879,10.251989482107174,10.00487236066748,inf,inf,inf,inf,inf,inf
DRO (~70k km),1.0,295.625,base_0.3,base_0.3,0.3,0.0,0.0,0.0,0.0,0.0,15.523836427232855,15.523836427232855,0.4181149077434285,inf,inf,inf,inf,inf,inf,inf,inf,inf
DRO (~70k km),1.0,295.625,bias0.05,base,1.0,0.05,0.0,0.0,0.0,0.0,51.74611598352592,52.08541200852294,1.4068845774403602,10.234898133785656,10.233759243915761,10.00487236066748,inf,inf,inf,inf,inf,inf
DRO (~70k km),1.0,295.625,bias0.1,base,1.0,0.1,0.0,0.0,0.0,0.0,51.74611598352592,53.09029126938714,1.4457244265680358,10.181574115502507,10.180759341826972,10.00487236066748,inf,inf,inf,inf,inf,inf
DRO (~70k km),1.0,295.625,bias0.2,base,1.0,0.2,0.0,0.0,0.0,0.0,51.74611598352592,56.93272054135495,1.5904820315609873,9.990287925445376,9.990685504932303,10.00487236066748,inf,inf,inf,inf,inf,inf
DRO (~70k km),1.0,295.625,bias0.5,base,1.0,0.5,0.0,0.0,0.0,0.0,51.74611598352592,78.74405564011012,2.3021752778198383,9.324433998528383,9.328310100567053,10.00487236066748,inf,inf,inf,inf,inf,inf
DRO (~70k km),1.0,295.625,common0.1,base,1.0,0.0,0.1,0.0,0.0,0.0,51.74611598352592,51.74629133358553,1.4379765034058571,10.25280607037275,10.25164851147058,10.00487236066748,inf,inf,inf,inf,inf,inf
DRO (~70k km),1.0,295.625,common0.5,base,1.0,0.0,0.5,0.0,0.0,0.0,51.74611598352592,51.750500716211214,2.0694818478059513,10.250538416573454,10.25000510997702,10.00487236066748,inf,inf,inf,inf,inf,inf
DRO (~70k km),1.0,295.625,clock10ms,base,1.0,0.0,0.0,0.01,0.0,0.0,51.74611598352592,51.74690237672736,1.3938234553423927,10.253173672851151,10.251926947222266,10.00487236066748,inf,inf,inf,inf,inf,inf
DRO (~70k km),1.0,295.625,srp_am0.005,base,1.0,0.0,0.0,0.0,0.0015,0.0,51.74611598352592,51.746239076875874,1.3499893213015024,9.897598814489585,9.974433014984854,10.00487236066748,inf,inf,inf,inf,inf,inf
DRO (~70k km),1.0,295.625,srp_am0.01,base,1.0,0.0,0.0,0.0,0.003,0.0,51.74611598352592,51.746608355169045,1.3500032828963728,9.900960375432387,9.958032386958667,10.00487236066748,inf,inf,inf,inf,inf,inf
DRO (~70k km),1.0,295.625,srp_am0.02,base,1.0,0.0,0.0,0.0,0.006,0.0,51.74611598352592,51.748085441992444,1.3500312736590714,9.905190393711194,9.925972004097927,10.00487236066748,inf,inf,inf,inf,inf,inf
DRO (~70k km),1.0,295.625,srp_am0.05,base,1.0,0.0,0.0,0.0,0.015,0.0,51.74611598352592,51.75842386958608,1.3502653675351832,9.900853620944554,9.902984341439415,10.00487236066748,inf,inf,inf,inf,inf,inf
DRO (~70k km),1.0,295.625,nosrp_am0.01,base,1.0,0.0,0.0,0.0,0.0,0.01,51.74611598352592,51.74611598352592,1.4047241215655455,10.371837122481903,10.34787200945915,10.00487236066748,inf,inf,inf,inf,inf,inf
DRO (~70k km),1.0,295.625,nosrp_am0.05,base,1.0,0.0,0.0,0.0,0.0,0.05,51.74611598352592,51.74611598352592,1.4047442967653965,10.3679806940961,10.053273082750383,10.00487236066748,inf,inf,inf,inf,inf,inf
DRO (~70k km),1.0,295.625,nominal,base,1.0,0.1,0.0,0.001,0.003,0.0,51.74611598352592,53.09077883945282,1.3883195597709914,9.84465608725487,9.901960585953734,10.00487236066748,inf,inf,inf,inf,inf,inf
DRO (~70k km),1.0,295.625,conservative,base,1.0,0.5,0.1,0.01,0.015,0.0,51.74611598352592,78.75277626933187,2.180613476853181,9.088063211015205,9.072761233268267,10.00487236066748,inf,inf,inf,inf,inf,inf
DRO (~70k km),1.0,295.625,nominal_0.3,base_0.3,0.3,0.1,0.0,0.001,0.003,0.0,15.523836427232855,19.54379463708382,0.5246186750502122,inf,inf,inf,inf,inf,inf,inf,inf,inf
DRO (~70k km),1.0,295.625,conservative_0.3,base_0.3,0.3,0.5,0.1,0.01,0.015,0.0,15.523836427232855,61.36230422083918,1.7694645131705196,9.47587733016998,9.463009543017494,inf,inf,inf,inf,inf,inf,inf
DRO (~70k km),3.0,295.625,base,base,1.0,0.0,0.0,0.0,0.0,0.0,9.753806939040064,9.753806939040064,0.6702150861821362,inf,inf,inf,inf,inf,inf,inf,inf,inf
DRO (~70k km),3.0,295.625,base_0.3,base_0.3,0.3,0.0,0.0,0.0,0.0,0.0,2.9261421057400785,2.926142105740079,0.20106554269518268,inf,inf,inf,inf,inf,inf,inf,inf,inf
DRO (~70k km),3.0,295.625,bias0.05,base,1.0,0.05,0.0,0.0,0.0,0.0,9.753806939040064,9.77231264970145,0.6775576720019092,inf,inf,inf,inf,inf,inf,inf,inf,inf
DRO (~70k km),3.0,295.625,bias0.1,base,1.0,0.1,0.0,0.0,0.0,0.0,9.753806939040064,9.827621123408402,0.6903137035528326,inf,inf,inf,inf,inf,inf,inf,inf,inf
DRO (~70k km),3.0,295.625,bias0.2,base,1.0,0.2,0.0,0.0,0.0,0.0,9.753806939040064,10.045816219808026,0.7381114892846089,inf,inf,inf,inf,inf,inf,inf,inf,inf
DRO (~70k km),3.0,295.625,bias0.5,base,1.0,0.5,0.0,0.0,0.0,0.0,9.753806939040064,11.457584614420393,1.0471840117007376,inf,inf,inf,inf,inf,inf,inf,inf,inf
DRO (~70k km),3.0,295.625,common0.1,base,1.0,0.0,0.1,0.0,0.0,0.0,9.753806939040064,9.755738401123782,0.7190734944489118,inf,inf,inf,inf,inf,inf,inf,inf,inf
DRO (~70k km),3.0,295.625,common0.5,base,1.0,0.0,0.5,0.0,0.0,0.0,9.753806939040064,9.802333380733714,1.4738731661236077,inf,inf,inf,inf,inf,inf,inf,inf,inf
DRO (~70k km),3.0,295.625,clock10ms,base,1.0,0.0,0.0,0.01,0.0,0.0,9.753806939040064,9.75413775353108,0.6702573709497582,inf,inf,inf,inf,inf,inf,inf,inf,inf
DRO (~70k km),3.0,295.625,srp_am0.005,base,1.0,0.0,0.0,0.0,0.0015,0.0,9.753806939040064,9.756218339627434,0.7998827102038708,inf,inf,inf,inf,inf,inf,inf,inf,inf
DRO (~70k km),3.0,295.625,srp_am0.01,base,1.0,0.0,0.0,0.0,0.003,0.0,9.753806939040064,9.76344899357444,0.799926502018541,inf,inf,inf,inf,inf,inf,inf,inf,inf
DRO (~70k km),3.0,295.625,srp_am0.02,base,1.0,0.0,0.0,0.0,0.006,0.0,9.753806939040064,9.792318598563416,0.8001777547263966,inf,inf,inf,inf,inf,inf,inf,inf,inf
DRO (~70k km),3.0,295.625,srp_am0.05,base,1.0,0.0,0.0,0.0,0.015,0.0,9.753806939040064,9.99208649894492,0.8016725803770398,inf,inf,inf,inf,inf,inf,inf,inf,inf
DRO (~70k km),3.0,295.625,nosrp_am0.01,base,1.0,0.0,0.0,0.0,0.0,0.01,9.753806939040064,9.753806939040064,0.6937062971831287,inf,inf,inf,inf,inf,inf,inf,inf,inf
DRO (~70k km),3.0,295.625,nosrp_am0.05,base,1.0,0.0,0.0,0.0,0.0,0.05,9.753806939040064,9.753806939040064,0.6937267240109309,inf,inf,inf,inf,inf,inf,inf,inf,inf
DRO (~70k km),3.0,295.625,nominal,base,1.0,0.1,0.0,0.001,0.003,0.0,9.753806939040064,9.837194335552226,0.8269668673993921,inf,inf,inf,inf,inf,inf,inf,inf,inf
DRO (~70k km),3.0,295.625,conservative,base,1.0,0.5,0.1,0.01,0.015,0.0,9.753806939040064,11.663069962921515,1.342681767639999,inf,inf,inf,inf,inf,inf,inf,inf,inf
DRO (~70k km),3.0,295.625,nominal_0.3,base_0.3,0.3,0.1,0.0,0.001,0.003,0.0,2.9261421057400785,3.1931313637162604,0.3189815617389608,inf,inf,inf,inf,inf,inf,inf,inf,inf
DRO (~70k km),3.0,295.625,conservative_0.3,base_0.3,0.3,0.5,0.1,0.01,0.015,0.0,2.9261421057400785,7.033175979276211,1.069236179503026,inf,inf,inf,inf,inf,inf,inf,inf,inf
DRO (~70k km),7.0,295.625,base,base,1.0,0.0,0.0,0.0,0.0,0.0,1.0558418226793314,1.0558418226793311,0.49075078289028445,inf,inf,inf,inf,inf,inf,inf,inf,inf
DRO (~70k km),7.0,295.625,base_0.3,base_0.3,0.3,0.0,0.0,0.0,0.0,0.0,0.3167525468155993,0.3167525468155993,0.14723922804168174,inf,inf,inf,inf,inf,inf,inf,inf,inf
DRO (~70k km),7.0,295.625,bias0.05,base,1.0,0.05,0.0,0.0,0.0,0.0,1.0558418226793314,1.0586504937040528,0.4962423223115971,inf,inf,inf,inf,inf,inf,inf,inf,inf
DRO (~70k km),7.0,295.625,bias0.1,base,1.0,0.1,0.0,0.0,0.0,0.0,1.0558418226793314,1.0670500506157397,0.512381958028306,inf,inf,inf,inf,inf,inf,inf,inf,inf
DRO (~70k km),7.0,295.625,bias0.2,base,1.0,0.2,0.0,0.0,0.0,0.0,1.0558418226793314,1.1002528184012825,0.5722783995100799,inf,inf,inf,inf,inf,inf,inf,inf,inf
DRO (~70k km),7.0,295.625,bias0.5,base,1.0,0.5,0.0,0.0,0.0,0.0,1.0558418226793314,1.3159421397894493,0.8841073799924393,inf,inf,inf,inf,inf,inf,inf,inf,inf
DRO (~70k km),7.0,295.625,common0.1,base,1.0,0.0,0.1,0.0,0.0,0.0,1.0558418226793314,1.079173452570913,0.5527536709385636,inf,inf,inf,inf,inf,inf,inf,inf,inf
DRO (~70k km),7.0,295.625,common0.5,base,1.0,0.0,0.5,0.0,0.0,0.0,1.0558418226793314,1.6246457897012792,1.3914623761940013,inf,inf,inf,inf,inf,inf,inf,inf,inf
DRO (~70k km),7.0,295.625,clock10ms,base,1.0,0.0,0.0,0.01,0.0,0.0,1.0558418226793314,1.0558552265966368,0.4908273045222228,inf,inf,inf,inf,inf,inf,inf,inf,inf
DRO (~70k km),7.0,295.625,srp_am0.005,base,1.0,0.0,0.0,0.0,0.0015,0.0,1.0558418226793314,1.1964023418674083,0.5367428278185724,inf,inf,inf,inf,inf,inf,inf,inf,inf
DRO (~70k km),7.0,295.625,srp_am0.01,base,1.0,0.0,0.0,0.0,0.003,0.0,1.0558418226793314,1.552404868770212,0.565635125743804,inf,inf,inf,inf,inf,inf,inf,inf,inf
DRO (~70k km),7.0,295.625,srp_am0.02,base,1.0,0.0,0.0,0.0,0.006,0.0,1.0558418226793314,2.5295104784906086,0.6197036594935998,inf,inf,inf,inf,inf,inf,inf,inf,inf
DRO (~70k km),7.0,295.625,srp_am0.05,base,1.0,0.0,0.0,0.0,0.015,0.0,1.0558418226793314,5.869356518896168,0.915544907508217,inf,inf,inf,inf,inf,inf,inf,inf,inf
DRO (~70k km),7.0,295.625,nosrp_am0.01,base,1.0,0.0,0.0,0.0,0.0,0.01,1.0558418226793314,1.0558418226793311,0.4952361478874061,inf,inf,inf,inf,inf,inf,inf,inf,inf
DRO (~70k km),7.0,295.625,nosrp_am0.05,base,1.0,0.0,0.0,0.0,0.0,0.05,1.0558418226793314,1.0558418226793311,0.49526466812051667,inf,inf,inf,inf,inf,inf,inf,inf,inf
DRO (~70k km),7.0,295.625,nominal,base,1.0,0.1,0.0,0.001,0.003,0.0,1.0558418226793314,1.5592522952815027,0.586774295523808,inf,inf,inf,inf,inf,inf,inf,inf,inf
DRO (~70k km),7.0,295.625,conservative,base,1.0,0.5,0.1,0.01,0.015,0.0,1.0558418226793314,5.912855031724507,1.2081958310967507,inf,inf,inf,inf,inf,inf,inf,inf,inf
DRO (~70k km),7.0,295.625,nominal_0.3,base_0.3,0.3,0.1,0.0,0.001,0.003,0.0,0.3167525468155993,1.204063516994187,0.26637018596591094,inf,inf,inf,inf,inf,inf,inf,inf,inf
DRO (~70k km),7.0,295.625,conservative_0.3,base_0.3,0.3,0.5,0.1,0.01,0.015,0.0,0.3167525468155993,5.831591263994092,1.0739549226816067,inf,inf,inf,inf,inf,inf,inf,inf,inf
DRO (~70k km),1.0,336.93055555555554,base,base,1.0,0.0,0.0,0.0,0.0,0.0,38.64084413396106,38.64084413396106,1.203497576819431,10.132006827536033,10.196702381329159,10.122486164718852,inf,inf,inf,inf,inf,inf
DRO (~70k km),1.0,336.93055555555554,base_0.3,base_0.3,0.3,0.0,0.0,0.0,0.0,0.0,11.592253763496513,11.592253763496513,0.36108965933143033,inf,inf,inf,inf,inf,inf,inf,inf,inf
DRO (~70k km),1.0,336.93055555555554,bias0.05,base,1.0,0.05,0.0,0.0,0.0,0.0,38.64084413396106,39.06317277779749,1.2240548730008,10.06809318798131,10.147751879802607,10.122486164718852,inf,inf,inf,inf,inf,inf
DRO (~70k km),1.0,336.93055555555554,bias0.1,base,1.0,0.1,0.0,0.0,0.0,0.0,38.64084413396106,40.30361539598298,1.2837013131627597,9.917711184907123,10.009499682534894,10.122486164718852,inf,inf,inf,inf,inf,inf
DRO (~70k km),1.0,336.93055555555554,bias0.2,base,1.0,0.2,0.0,0.0,0.0,0.0,38.64084413396106,44.92417787739212,1.4984579960209066,9.607888568603151,9.670825181685503,10.122486164718852,inf,inf,inf,inf,inf,inf
DRO (~70k km),1.0,336.93055555555554,bias0.5,base,1.0,0.5,0.0,0.0,0.0,0.0,38.64084413396106,69.09987086863498,2.533638166953822,8.71732234745736,8.646383923263295,10.122486164718852,inf,inf,inf,inf,inf,inf
DRO (~70k km),1.0,336.93055555555554,common0.1,base,1.0,0.0,0.1,0.0,0.0,0.0,38.64084413396106,38.640850600230294,1.236495940158636,10.121561254960275,10.194762325748153,10.122486164718852,inf,inf,inf,inf,inf,inf
DRO (~70k km),1.0,336.93055555555554,common0.5,base,1.0,0.0,0.5,0.0,0.0,0.0,38.64084413396106,38.641005873830586,1.9200344153996673,10.188892380439617,10.177804298060172,10.122486164718852,inf,inf,inf,inf,inf,inf
DRO (~70k km),1.0,336.93055555555554,clock10ms,base,1.0,0.0,0.0,0.01,0.0,0.0,38.64084413396106,38.64157530217643,1.2036116946016666,10.131581874327539,10.19655451929746,10.122486164718852,inf,inf,inf,inf,inf,inf
DRO (~70k km),1.0,336.93055555555554,srp_am0.005,base,1.0,0.0,0.0,0.0,0.0015,0.0,38.64084413396106,38.640887616907214,1.3069799224326404,10.067584313356889,10.086180909182069,10.122486164718852,inf,inf,inf,inf,inf,inf
DRO (~70k km),1.0,336.93055555555554,srp_am0.01,base,1.0,0.0,0.0,0.0,0.003,0.0,38.64084413396106,38.641018065452094,1.3069871860329592,10.069311485490147,10.087858220440902,10.122486164718852,inf,inf,inf,inf,inf,inf
DRO (~70k km),1.0,336.93055555555554,srp_am0.02,base,1.0,0.0,0.0,0.0,0.006,0.0,38.64084413396106,38.64153985522823,1.3069871504900399,10.071710711796879,10.089524369528307,10.122486164718852,inf,inf,inf,inf,inf,inf
DRO (~70k km),1.0,336.93055555555554,srp_am0.05,base,1.0,0.0,0.0,0.0,0.015,0.0,38.64084413396106,38.645192186411606,1.3070303047423446,10.06575485066933,10.08113300531004,10.122486164718852,inf,inf,inf,inf,inf,inf
DRO (~70k km),1.0,336.93055555555554,nosrp_am0.01,base,1.0,0.0,0.0,0.0,0.0,0.01,38.64084413396106,38.64084413396106,1.391788374361092,9.513396420425735,9.420768599927193,10.122486164718852,inf,inf,inf,inf,inf,inf
DRO (~70k km),1.0,336.93055555555554,nosrp_am0.05,base,1.0,0.0,0.0,0.0,0.0,0.05,38.64084413396106,38.64084413396106,1.3917816158051064,9.516523577777628,9.357242945457514,10.122486164718852,inf,inf,inf,inf,inf,inf
DRO (~70k km),1.0,336.93055555555554,nominal,base,1.0,0.1,0.0,0.001,0.003,0.0,38.64084413396106,40.303789161536336,1.3924000924216344,9.899021268302114,9.911288257327644,10.122486164718852,inf,inf,inf,inf,inf,inf
DRO (~70k km),1.0,336.93055555555554,conservative,base,1.0,0.5,0.1,0.01,0.015,0.0,38.64084413396106,69.10271475266205,2.7433125738151802,8.63543734730962,8.642900491304811,10.122486164718852,inf,inf,inf,inf,inf,inf
DRO (~70k km),1.0,336.93055555555554,nominal_0.3,base_0.3,0.3,0.1,0.0,0.001,0.003,0.0,11.592253763496513,16.29911976208753,0.6189807168554482,inf,inf,inf,inf,inf,inf,inf,inf,inf
DRO (~70k km),1.0,336.93055555555554,conservative_0.3,base_0.3,0.3,0.5,0.1,0.01,0.015,0.0,11.592253763496513,58.45046651973488,2.4415563097568924,8.889921398108491,8.897162319977202,inf,inf,inf,inf,inf,inf,inf
DRO (~70k km),3.0,336.93055555555554,base,base,1.0,0.0,0.0,0.0,0.0,0.0,28.467045890533814,28.467045890533814,0.8806220872728326,inf,inf,inf,inf,inf,inf,inf,inf,inf
DRO (~70k km),3.0,336.93055555555554,base_0.3,base_0.3,0.3,0.0,0.0,0.0,0.0,0.0,8.540114899867342,8.54011489986734,0.26423768154556737,inf,inf,inf,inf,inf,inf,inf,inf,inf
DRO (~70k km),3.0,336.93055555555554,bias0.05,base,1.0,0.05,0.0,0.0,0.0,0.0,28.467045890533814,28.895206278031196,0.8921591808085829,inf,inf,inf,inf,inf,inf,inf,inf,inf
DRO (~70k km),3.0,336.93055555555554,bias0.1,base,1.0,0.1,0.0,0.0,0.0,0.0,28.467045890533814,30.143221149471085,0.9259187932161103,inf,inf,inf,inf,inf,inf,inf,inf,inf
DRO (~70k km),3.0,336.93055555555554,bias0.2,base,1.0,0.2,0.0,0.0,0.0,0.0,28.467045890533814,34.68916493757683,1.0504361612814404,inf,inf,inf,inf,inf,inf,inf,inf,inf
DRO (~70k km),3.0,336.93055555555554,bias0.5,base,1.0,0.5,0.0,0.0,0.0,0.0,28.467045890533814,57.15260944161654,1.683125363768994,9.698443607905896,9.711004326764101,inf,inf,inf,inf,inf,inf,inf
DRO (~70k km),3.0,336.93055555555554,common0.1,base,1.0,0.0,0.1,0.0,0.0,0.0,28.467045890533814,28.467085670856413,0.9228105455861235,inf,inf,inf,inf,inf,inf,inf,inf,inf
DRO (~70k km),3.0,336.93055555555554,common0.5,base,1.0,0.0,0.5,0.0,0.0,0.0,28.467045890533814,28.468041295674446,1.7609505914541257,inf,inf,inf,inf,inf,inf,inf,inf,inf
DRO (~70k km),3.0,336.93055555555554,clock10ms,base,1.0,0.0,0.0,0.01,0.0,0.0,28.467045890533814,28.467629714260422,0.8806701008648884,inf,inf,inf,inf,inf,inf,inf,inf,inf
DRO (~70k km),3.0,336.93055555555554,srp_am0.005,base,1.0,0.0,0.0,0.0,0.0015,0.0,28.467045890533814,28.467213096938174,0.944405141360968,inf,inf,inf,inf,inf,inf,inf,inf,inf
DRO (~70k km),3.0,336.93055555555554,srp_am0.01,base,1.0,0.0,0.0,0.0,0.003,0.0,28.467045890533814,28.46771471026473,0.9444100934780336,inf,inf,inf,inf,inf,inf,inf,inf,inf
DRO (~70k km),3.0,336.93055555555554,srp_am0.02,base,1.0,0.0,0.0,0.0,0.006,0.0,28.467045890533814,28.469721075281285,0.9444101428771382,inf,inf,inf,inf,inf,inf,inf,inf,inf
DRO (~70k km),3.0,336.93055555555554,srp_am0.05,base,1.0,0.0,0.0,0.0,0.015,0.0,28.467045890533814,28.48376167731352,0.9444296546846249,inf,inf,inf,inf,inf,inf,inf,inf,inf
DRO (~70k km),3.0,336.93055555555554,nosrp_am0.01,base,1.0,0.0,0.0,0.0,0.0,0.01,28.467045890533814,28.467045890533814,0.8766776278356344,inf,inf,inf,inf,inf,inf,inf,inf,inf
DRO (~70k km),3.0,336.93055555555554,nosrp_am0.05,base,1.0,0.0,0.0,0.0,0.0,0.05,28.467045890533814,28.467045890533814,0.8766668518339099,inf,inf,inf,inf,inf,inf,inf,inf,inf
DRO (~70k km),3.0,336.93055555555554,nominal,base,1.0,0.1,0.0,0.001,0.003,0.0,28.467045890533814,30.143858287655537,0.9913645277750375,inf,inf,inf,inf,inf,inf,inf,inf,inf
DRO (~70k km),3.0,336.93055555555554,conservative,base,1.0,0.5,0.1,0.01,0.015,0.0,28.467045890533814,57.161247613132105,1.8079820433793647,9.741928551383367,9.774884484468762,inf,inf,inf,inf,inf,inf,inf
DRO (~70k km),3.0,336.93055555555554,nominal_0.3,base_0.3,0.3,0.1,0.0,0.001,0.003,0.0,8.540114899867342,13.084865855959693,0.4142715934975383,inf,inf,inf,inf,inf,inf,inf,inf,inf
DRO (~70k km),3.0,336.93055555555554,conservative_0.3,base_0.3,0.3,0.5,0.1,0.01,0.015,0.0,8.540114899867342,50.29888244161053,1.5695897162428278,10.082807402567807,10.134492979029345,inf,inf,inf,inf,inf,inf,inf
DRO (~70k km),7.0,336.93055555555554,base,base,1.0,0.0,0.0,0.0,0.0,0.0,28.466935459580434,28.4669354595761,0.8806380228624823,inf,inf,inf,inf,inf,inf,inf,inf,inf
DRO (~70k km),7.0,336.93055555555554,base_0.3,base_0.3,0.3,0.0,0.0,0.0,0.0,0.0,8.540111832007645,8.540111832007828,0.26420210018555695,inf,inf,inf,inf,inf,inf,inf,inf,inf
DRO (~70k km),7.0,336.93055555555554,bias0.05,base,1.0,0.05,0.0,0.0,0.0,0.0,28.466935459580434,28.89509081278255,0.8921591808085829,inf,inf,inf,inf,inf,inf,inf,inf,inf
DRO (~70k km),7.0,336.93055555555554,bias0.1,base,1.0,0.1,0.0,0.0,0.0,0.0,28.466935459580434,30.143091281475108,0.9259085903361779,inf,inf,inf,inf,inf,inf,inf,inf,inf
DRO (~70k km),7.0,336.93055555555554,bias0.2,base,1.0,0.2,0.0,0.0,0.0,0.0,28.466935459580434,34.68898541082935,1.050427212419191,inf,inf,inf,inf,inf,inf,inf,inf,inf
DRO (~70k km),7.0,336.93055555555554,bias0.5,base,1.0,0.5,0.0,0.0,0.0,0.0,28.466935459580434,57.152217183301076,1.6831197510296123,9.69846049868219,9.711020562620709,inf,inf,inf,inf,inf,inf,inf
DRO (~70k km),7.0,336.93055555555554,common0.1,base,1.0,0.0,0.1,0.0,0.0,0.0,28.466935459580434,28.46697524006267,0.9228054269758176,inf,inf,inf,inf,inf,inf,inf,inf,inf
DRO (~70k km),7.0,336.93055555555554,common0.5,base,1.0,0.0,0.5,0.0,0.0,0.0,28.466935459580434,28.4679308688269,1.7609506165110014,inf,inf,inf,inf,inf,inf,inf,inf,inf
DRO (~70k km),7.0,336.93055555555554,clock10ms,base,1.0,0.0,0.0,0.01,0.0,0.0,28.466935459580434,28.467519276165294,0.8806645815310906,inf,inf,inf,inf,inf,inf,inf,inf,inf
DRO (~70k km),7.0,336.93055555555554,srp_am0.005,base,1.0,0.0,0.0,0.0,0.0015,0.0,28.466935459580434,28.467102676265487,0.94440018921767,inf,inf,inf,inf,inf,inf,inf,inf,inf
DRO (~70k km),7.0,336.93055555555554,srp_am0.01,base,1.0,0.0,0.0,0.0,0.003,0.0,28.466935459580434,28.467604320446377,0.9444051907600728,inf,inf,inf,inf,inf,inf,inf,inf,inf
DRO (~70k km),7.0,336.93055555555554,srp_am0.02,base,1.0,0.0,0.0,0.0,0.006,0.0,28.466935459580434,28.46961080886906,0.9444050919616084,inf,inf,inf,inf,inf,inf,inf,inf,inf
DRO (~70k km),7.0,336.93055555555554,srp_am0.05,base,1.0,0.0,0.0,0.0,0.015,0.0,28.466935459580434,28.48365227424256,0.9444296052839891,inf,inf,inf,inf,inf,inf,inf,inf,inf
DRO (~70k km),7.0,336.93055555555554,nosrp_am0.01,base,1.0,0.0,0.0,0.0,0.0,0.01,28.466935459580434,28.4669354595761,0.8766830679834005,inf,inf,inf,inf,inf,inf,inf,inf,inf
DRO (~70k km),7.0,336.93055555555554,nosrp_am0.05,base,1.0,0.0,0.0,0.0,0.0,0.05,28.466935459580434,28.4669354595761,0.8766668518339099,inf,inf,inf,inf,inf,inf,inf,inf,inf
DRO (~70k km),7.0,336.93055555555554,nominal,base,1.0,0.1,0.0,0.001,0.003,0.0,28.466935459580434,30.143728458717224,0.9913692923795582,inf,inf,inf,inf,inf,inf,inf,inf,inf
DRO (~70k km),7.0,336.93055555555554,conservative,base,1.0,0.5,0.1,0.01,0.015,0.0,28.466935459580434,57.16085588930659,1.8079768182455076,9.741944920147574,9.774901503381928,inf,inf,inf,inf,inf,inf,inf
DRO (~70k km),7.0,336.93055555555554,nominal_0.3,base_0.3,0.3,0.1,0.0,0.001,0.003,0.0,8.540111832007645,13.084858406723042,0.41428265761971544,inf,inf,inf,inf,inf,inf,inf,inf,inf
DRO (~70k km),7.0,336.93055555555554,conservative_0.3,base_0.3,0.3,0.5,0.1,0.01,0.015,0.0,8.540111832007645,50.298846495961214,1.56958077763361,10.082810102074754,10.134495601763406,inf,inf,inf,inf,inf,inf,inf
