orbit,scenario,arc_d,t_end_day,phase,n_meas,sig0_pos_km,theta0_arcsec,blackout_d,ftle_7d_per_day,contain_lin_7d,contain_ut_7d,contain_lin_14d,contain_ut_14d,tc_ideal_N1,tc_lin_claim_N1,tc_lin_actual_N1,tc_ut_claim_N1,tc_ut_actual_N1,tc_ftle_N1,tc_strip_N1,tc_ideal_N10,tc_lin_claim_N10,tc_lin_actual_N10,tc_ut_claim_N10,tc_ut_actual_N10,tc_ftle_N10,tc_strip_N10,tc_ideal_N100,tc_lin_claim_N100,tc_lin_actual_N100,tc_ut_claim_N100,tc_ut_actual_N100,tc_ftle_N100,tc_strip_N100,ut_axis_ratio_14d
NRHO 9:2,phase,1.0,22.0,0.35245599063398547,218,13.367465445013423,0.5153264824441561,nan,0.29906143316161543,0.9966666666666667,0.9966666666666667,0.977637454425629,0.977637454425629,inf,inf,inf,inf,inf,inf,inf,inf,inf,inf,inf,inf,inf,inf,inf,inf,inf,inf,inf,inf,inf,0.03734593005669925
NRHO 9:2,phase,3.0,22.0,0.35245599063398547,387,3.8255200740346984,0.3864045223551897,nan,0.29906143316161543,0.9924514154071883,0.9924514154071883,0.99,0.99,inf,inf,inf,inf,inf,inf,inf,inf,inf,inf,inf,inf,inf,inf,inf,inf,inf,inf,inf,inf,inf,0.23558598474990067
NRHO 9:2,phase,7.0,22.0,0.35245599063398547,866,0.7127507355201669,0.202854183767345,nan,0.29906143316161543,0.9854409589630725,0.9854409589630725,0.9926861414940251,0.9926861414940251,inf,inf,inf,inf,inf,inf,inf,inf,inf,inf,inf,inf,inf,inf,inf,inf,inf,inf,inf,inf,inf,0.1123957464790991
NRHO 9:2,phase,1.0,30.743055555555557,0.6847609439746452,9,3223.713278471563,43.284082999656896,nan,0.36027102204543715,0.21227186754700983,0.9933333333333333,0.2559221006905661,0.9933333333333333,1.6352498149257755,1.5190317184401223,1.6244940227658995,1.5385106826474273,1.6162117930711637,1.9196974096782147,1.5364564851426534,2.105741456949235,1.9643224916787936,2.0691039838482608,2.053664761430389,2.100819706123655,1.991839846440703,2.1613804418181837,9.282672199140372,8.479797317762833,9.11805482321933,9.45911363341884,9.281779077750876,2.0466934197659006,9.13862504618036,0.6852456958895562
NRHO 9:2,phase,3.0,30.743055555555557,0.6847609439746452,130,4.700144400873392,0.8722508499318764,nan,0.36027102204543715,0.9912257077035941,0.9912257077035941,0.99,0.99,inf,inf,inf,inf,inf,8.585182647249631,inf,inf,inf,inf,inf,inf,inf,inf,inf,inf,inf,inf,inf,inf,inf,0.2504269827381822
NRHO 9:2,phase,7.0,30.743055555555557,0.6847609439746452,515,1.0153830019215153,0.5706126479934418,nan,0.36027102204543715,0.9933333333333333,0.9933333333333333,0.9933333333333333,0.9933333333333333,inf,inf,inf,inf,inf,8.627790875537565,inf,inf,inf,inf,inf,inf,inf,inf,inf,inf,inf,inf,inf,inf,inf,0.3604334632749422
NRHO 9:2,phase,1.0,51.861111111111114,0.9028223920469212,212,9.101755796863378,0.6639124396170263,nan,0.9746161858880241,0.9562779899241729,0.9857847487405216,0.99,0.99,inf,inf,inf,inf,inf,inf,inf,inf,inf,inf,inf,inf,inf,inf,inf,inf,inf,inf,inf,inf,inf,0.13654066607672163
NRHO 9:2,phase,3.0,51.861111111111114,0.9028223920469212,599,1.406941020227041,0.3687396905654587,nan,0.9746161858880241,0.9866666666666667,0.9866666666666667,0.9843041210922956,0.9843041210922956,inf,inf,inf,inf,inf,inf,inf,inf,inf,inf,inf,inf,inf,inf,inf,inf,inf,inf,inf,inf,inf,0.04788659222455009
NRHO 9:2,phase,7.0,51.861111111111114,0.9028223920469212,985,0.4842099649134418,0.2833281948663911,nan,0.9746161858880241,0.9912257077035941,0.9912257077035941,0.9863430707470126,0.9863430707470126,inf,inf,inf,inf,inf,inf,inf,inf,inf,inf,inf,inf,inf,inf,inf,inf,inf,inf,inf,inf,inf,0.07559039984093989
NRHO 9:2,phase,3.0,59.770833333333336,0.10814037609269155,106,9.477279184256984,0.9022363945401449,nan,0.5266859881815869,0.9921076256297392,0.99,0.99,0.99,inf,inf,inf,inf,inf,5.846376887485473,inf,inf,inf,inf,inf,inf,inf,inf,inf,inf,inf,inf,inf,inf,inf,0.2577788668160771
NRHO 9:2,phase,7.0,59.770833333333336,0.10814037609269155,598,0.9586107964501517,0.6839276300748579,nan,0.5266859881815869,0.9924514154071883,0.9924514154071883,0.99,0.99,inf,inf,inf,inf,inf,5.872929297539063,inf,inf,inf,inf,inf,inf,inf,inf,inf,inf,inf,inf,inf,inf,inf,0.46482323836954764
NRHO 9:2,phase,1.0,82.0,0.4955177832721266,178,15.833136336341962,0.6524327023895168,nan,0.29159664389326034,0.9966666666666667,0.9966666666666667,0.99,0.9933333333333333,inf,inf,inf,inf,inf,inf,inf,inf,inf,inf,inf,inf,inf,inf,inf,inf,inf,inf,inf,inf,inf,0.04574350425910409
NRHO 9:2,phase,3.0,82.0,0.4955177832721266,518,2.6855801366572676,0.3785373466644952,nan,0.29159664389326034,0.9933333333333333,0.9933333333333333,0.9933333333333333,0.9933333333333333,inf,inf,inf,inf,inf,inf,inf,inf,inf,inf,inf,inf,inf,inf,inf,inf,inf,inf,inf,inf,inf,0.1385104975623021
NRHO 9:2,phase,7.0,82.0,0.4955177832721266,938,0.6325700998180235,0.19549807930067833,nan,0.29159664389326034,0.99,0.99,0.99,0.99,inf,inf,inf,inf,inf,inf,inf,inf,inf,inf,inf,inf,inf,inf,inf,inf,inf,inf,inf,inf,inf,0.5331049847257798
NRHO 9:2,phase,3.0,90.78472222222223,0.8341720850562425,43,10.146929397461673,2.6435145096122716,nan,0.5525189544177381,0.9812257077035941,0.9812257077035941,0.9746277170119497,0.977637454425629,inf,inf,inf,inf,inf,26.803426709530935,inf,inf,inf,inf,inf,inf,27.219144646175092,inf,inf,inf,inf,inf,inf,inf,inf,0.09563796277958145
NRHO 9:2,phase,7.0,90.78472222222223,0.8341720850562425,257,1.5959370480691693,1.3579422255794826,nan,0.5525189544177381,0.9866666666666667,0.9866666666666667,0.9836569292529874,0.9836569292529874,inf,inf,inf,inf,inf,27.043181117875577,inf,inf,inf,inf,inf,inf,inf,inf,inf,inf,inf,inf,inf,inf,inf,0.12088407683473651
NRHO 9:2,phase,1.0,110.90972222222223,0.9009073946702877,179,11.201025218869965,0.7393784857189442,nan,0.9423581300107994,0.9752466205918257,0.99,0.9933333333333333,0.9933333333333333,inf,inf,inf,inf,inf,20.391620496753173,inf,inf,inf,inf,inf,inf,inf,inf,inf,inf,inf,inf,inf,inf,inf,0.12004654097858028
NRHO 9:2,phase,3.0,110.90972222222223,0.9009073946702877,517,1.57663858455894,0.4211711870186807,nan,0.9423581300107994,0.9966666666666667,0.9966666666666667,0.9866666666666667,0.9869902625863208,inf,inf,inf,inf,inf,inf,inf,inf,inf,inf,inf,inf,inf,inf,inf,inf,inf,inf,inf,inf,inf,0.04657057778931831
NRHO 9:2,phase,7.0,110.90972222222223,0.9009073946702877,877,0.5152500249478117,0.3029906486846284,nan,0.9423581300107994,0.9857847487405216,0.9857847487405216,0.9966666666666667,0.9966666666666667,inf,inf,inf,inf,inf,inf,inf,inf,inf,inf,inf,inf,inf,inf,inf,inf,inf,inf,inf,inf,inf,0.07262036245931257
NRHO 9:2,phase,1.0,119.79861111111111,0.25543506766948487,5,1501.7668081993738,21.74466999989512,nan,0.3459056076745303,0.4239015579360055,0.9666666666666667,0.5625572938479558,0.9666666666666667,2.271644187238792,2.3681985783835957,2.266403701399727,2.371874418122156,2.2662615109734885,4.65973282896546,2.0814014359839192,3.7680005251815802,3.870275864702855,3.771955449043351,3.877192853961374,3.771997400224593,4.7515695205021915,4.413627767083607,5.429968043056474,4.687425755754296,5.0984197611891835,12.549526269372205,5.421027965017353,4.845216182314472,4.995712439620955,0.3573242311111469
NRHO 9:2,phase,3.0,119.79861111111111,0.25543506766948487,18,11.666743437760745,1.4763280706024586,nan,0.3459056076745303,0.99,0.99,0.99,0.99,inf,inf,inf,inf,inf,inf,inf,inf,inf,inf,inf,inf,inf,inf,inf,inf,inf,inf,inf,inf,inf,0.32152166463309984
NRHO 9:2,phase,7.0,119.79861111111111,0.25543506766948487,314,1.8616499698883715,0.7160048174179658,nan,0.3459056076745303,0.9821076256297392,0.9821076256297392,0.9773138585059749,0.9773138585059749,inf,inf,inf,inf,inf,inf,inf,inf,inf,inf,inf,inf,inf,inf,inf,inf,inf,inf,inf,inf,inf,0.1511264365317799
NRHO 9:2,phase,1.0,141.80555555555554,0.6089492830558745,108,24.484086502387754,0.8439277515016491,nan,0.3225190618812691,0.9933333333333333,0.9933333333333333,0.99,0.9963430707470126,28.518085881608535,28.431688851717517,28.448618025549806,28.436307544490248,28.47722588459587,inf,27.53908885010794,inf,inf,inf,inf,inf,inf,inf,inf,inf,inf,inf,inf,inf,inf,0.045205405235736254
NRHO 9:2,phase,3.0,141.80555555555554,0.6089492830558745,382,2.756689905064918,0.38882982305098646,nan,0.3225190618812691,0.9870104564441157,0.9870104564441157,0.9833333333333333,0.9833333333333333,inf,inf,inf,inf,inf,inf,inf,inf,inf,inf,inf,inf,inf,inf,inf,inf,inf,inf,inf,inf,inf,0.20056912077992609
NRHO 9:2,phase,7.0,141.80555555555554,0.6089492830558745,736,0.7369449894747555,0.26805931038398906,nan,0.3225190618812691,0.9878923743702608,0.9878923743702608,0.9833333333333333,0.9833333333333333,inf,inf,inf,inf,inf,inf,inf,inf,inf,inf,inf,inf,inf,inf,inf,inf,inf,inf,inf,inf,inf,0.5936297356505811
NRHO 9:2,phase,1.0,149.80555555555554,0.8280241887409598,8,68.54081090474621,1.6827962364420879,nan,0.5370945910549468,0.9733333333333334,0.9733333333333334,0.9690292122410377,0.9703235959196541,20.04174316109834,20.129227391042395,20.04074197229462,20.130773551271556,20.05218257366901,27.174061037099918,19.556857995069407,inf,inf,27.153150568732617,inf,inf,inf,inf,inf,inf,inf,inf,inf,inf,inf,0.7861243039691549
NRHO 9:2,phase,3.0,149.80555555555554,0.8280241887409598,76,4.999667747873431,0.9845299581661546,nan,0.5370945910549468,0.9933333333333333,0.9933333333333333,0.9936569292529874,0.9936569292529874,inf,inf,inf,inf,inf,inf,inf,inf,inf,inf,inf,inf,inf,inf,inf,inf,inf,inf,inf,inf,inf,0.14007727660673647
NRHO 9:2,phase,7.0,149.80555555555554,0.8280241887409598,282,1.2237522196646577,0.6670576882065504,nan,0.5370945910549468,0.9933333333333333,0.9933333333333333,0.9933333333333333,0.9933333333333333,inf,inf,inf,inf,inf,inf,inf,inf,inf,inf,inf,inf,inf,inf,inf,inf,inf,inf,inf,inf,inf,0.19715973944718232
NRHO 9:2,phase,1.0,171.90972222222223,0.19635355051906447,103,26.58866113007297,0.8510506709425831,nan,0.3948148076923706,0.9158893131816792,0.9815694974810433,0.99,0.99,18.066417517381858,18.07400010235911,18.058219612491193,18.063773414099227,18.066987892621793,inf,17.747406823634094,inf,inf,inf,inf,inf,inf,inf,inf,inf,inf,inf,inf,inf,inf,0.17703015745051096
NRHO 9:2,phase,3.0,171.90972222222223,0.19635355051906447,250,4.080517268389579,0.4188923929160397,nan,0.3948148076923706,0.9829895435558843,0.9866666666666667,0.9930097374136791,0.9930097374136791,inf,inf,inf,inf,inf,inf,inf,inf,inf,inf,inf,inf,inf,inf,inf,inf,inf,inf,inf,inf,inf,0.2488909892056082
NRHO 9:2,phase,7.0,171.90972222222223,0.19635355051906447,712,1.0237667679297997,0.23728565103226623,nan,0.3948148076923706,0.9896562102225509,0.9896562102225509,0.9963430707470126,0.9963430707470126,inf,inf,inf,inf,inf,inf,inf,inf,inf,inf,inf,inf,inf,inf,inf,inf,inf,inf,inf,inf,inf,0.20176459254580656
NRHO 9:2,phase,1.0,178.8125,0.24822894660179623,22,33.95040602982816,1.1707106685405386,nan,0.3508899435497969,0.9826457537784351,0.9863228768892176,0.9833333333333333,0.99,inf,inf,inf,inf,inf,11.383227277504973,inf,inf,inf,inf,inf,inf,inf,inf,inf,inf,inf,inf,inf,inf,inf,0.21299191080612628
NRHO 9:2,phase,3.0,178.8125,0.24822894660179623,60,7.174012129321833,0.8801492842486364,nan,0.3508899435497969,0.9987742922964059,0.9966666666666667,0.9933333333333333,0.9933333333333333,inf,inf,inf,inf,inf,11.418801255279353,inf,inf,inf,inf,inf,inf,inf,inf,inf,inf,inf,inf,inf,inf,inf,0.29379204981759083
NRHO 9:2,phase,7.0,178.8125,0.24822894660179623,437,1.419444193285099,0.5441798847343298,nan,0.3508899435497969,0.9945590410369275,0.9945590410369275,0.9903235959196541,0.9903235959196541,inf,inf,inf,inf,inf,11.479010613145956,inf,inf,inf,inf,inf,inf,inf,inf,inf,inf,inf,inf,inf,inf,inf,0.15733359856036488
NRHO 9:2,phase,1.0,201.92361111111111,0.7700008963429407,143,18.21998573172789,0.7176095790219715,nan,0.43630682719249964,0.99,0.99,0.970486870683962,0.9856958789077044,inf,inf,inf,inf,inf,14.53234789428654,inf,inf,inf,inf,inf,inf,inf,inf,inf,inf,inf,inf,inf,inf,inf,0.3315632898515569
NRHO 9:2,phase,3.0,201.92361111111111,0.7700008963429407,452,2.422280584247089,0.40715439572712236,nan,0.43630682719249964,0.9866666666666667,0.9866666666666667,0.9883820204017295,0.9893528081606918,inf,inf,inf,inf,inf,inf,inf,inf,inf,inf,inf,inf,inf,inf,inf,inf,inf,inf,inf,inf,inf,0.17446971298139885
NRHO 9:2,phase,7.0,201.92361111111111,0.7700008963429407,813,0.6964762492504912,0.28816349594187673,nan,0.43630682719249964,0.9866666666666667,0.9866666666666667,0.9866666666666667,0.9866666666666667,inf,inf,inf,inf,inf,inf,inf,inf,inf,inf,inf,inf,inf,inf,inf,inf,inf,inf,inf,inf,inf,0.44090000072155716
NRHO 9:2,phase,1.0,208.93055555555554,0.8377496635697934,18,99.13073828295397,3.5127312109199913,nan,0.5621302002118982,0.990881917926145,0.9933333333333333,0.9866666666666667,0.9866666666666667,20.249288186618962,20.308770831725482,20.19812170470371,20.310396481754065,20.204300603219263,26.609649949421716,19.616183477129333,inf,27.24201081635723,inf,inf,inf,26.975461727726564,inf,inf,inf,inf,inf,inf,inf,inf,0.3207713820174504
NRHO 9:2,phase,3.0,208.93055555555554,0.8377496635697934,145,5.117864233009492,1.193979223559074,nan,0.5621302002118982,0.9921076256297392,0.9921076256297392,0.9869902625863208,0.9869902625863208,inf,inf,inf,inf,inf,26.952376909951063,inf,inf,inf,inf,inf,inf,inf,inf,inf,inf,inf,inf,inf,inf,inf,0.08044567930961656
NRHO 9:2,phase,7.0,208.93055555555554,0.8377496635697934,439,1.1080847629411004,0.6578921008246837,nan,0.5621302002118982,0.9966666666666667,0.9966666666666667,0.9933333333333333,0.9933333333333333,inf,inf,inf,inf,inf,27.143559363786096,inf,inf,inf,inf,inf,inf,inf,inf,inf,inf,inf,inf,inf,inf,inf,0.15454008803680622
NRHO 9:2,phase,1.0,232.0,0.3531722648674815,150,19.450914336068603,0.7196884080113638,nan,0.29884724436746046,0.9921076256297392,0.9921076256297392,0.9843041210922956,0.9873138585059749,inf,inf,inf,inf,inf,inf,inf,inf,inf,inf,inf,inf,inf,inf,inf,inf,inf,inf,inf,inf,inf,0.032017378780757506
NRHO 9:2,phase,3.0,232.0,0.3531722648674815,288,4.6400791970064095,0.4391992839898087,nan,0.29884724436746046,0.9866666666666667,0.9866666666666667,0.9903235959196541,0.9903235959196541,inf,inf,inf,inf,inf,inf,inf,inf,inf,inf,inf,inf,inf,inf,inf,inf,inf,inf,inf,inf,inf,0.24419600604683028
NRHO 9:2,phase,7.0,232.0,0.3531722648674815,935,0.7569912058266041,0.21438360777773374,nan,0.29884724436746046,0.9933333333333333,0.9933333333333333,0.9933333333333333,0.9933333333333333,inf,inf,inf,inf,inf,inf,inf,inf,inf,inf,inf,inf,inf,inf,inf,inf,inf,inf,inf,inf,inf,0.08736664773675093
NRHO 9:2,phase,1.0,237.94444444444446,0.25901264618303566,22,73.25135797045427,2.4298863356882388,nan,0.3435175266937321,0.9667115536317112,0.9942152512594784,0.9936569292529874,0.9966666666666667,17.51622065590101,4.847636506039694,17.521022462023268,17.48315441075242,17.517953968081862,4.79703055187792,16.975612463193627,inf,inf,inf,inf,inf,inf,inf,inf,inf,inf,inf,inf,inf,inf,0.22245481898593114
NRHO 9:2,phase,3.0,237.94444444444446,0.25901264618303566,83,8.844722656083665,1.178745677323862,nan,0.3435175266937321,0.9921076256297392,0.9921076256297392,0.9966666666666667,0.9966666666666667,inf,inf,inf,inf,inf,4.847662171249732,inf,inf,inf,inf,inf,inf,inf,inf,inf,inf,inf,inf,inf,inf,inf,0.24282214944273892
NRHO 9:2,phase,7.0,237.94444444444446,0.25901264618303566,611,1.2147152372866776,0.4338081598255897,nan,0.3435175266937321,1.0,1.0,0.9990292122410377,0.9990292122410377,inf,inf,inf,inf,inf,inf,inf,inf,inf,inf,inf,inf,inf,inf,inf,inf,inf,inf,inf,inf,inf,0.1448153854293121
NRHO 9:2,phase,1.0,261.8541666666667,0.9024804415280178,162,10.998382238250755,0.6556593057881683,nan,0.9685476170173125,0.9550522822205788,0.97823616414771,0.9866666666666667,0.9866666666666667,inf,inf,inf,inf,inf,inf,inf,inf,inf,inf,inf,inf,inf,inf,inf,inf,inf,inf,inf,inf,inf,0.12628655214676232
NRHO 9:2,phase,3.0,261.8541666666667,0.9024804415280178,524,1.477575836028907,0.40598051592643986,nan,0.9685476170173125,0.9878923743702608,0.9878923743702608,0.9839805251726415,0.9839805251726415,inf,inf,inf,inf,inf,inf,inf,inf,inf,inf,inf,inf,inf,inf,inf,inf,inf,inf,inf,inf,inf,0.047314589565655416
NRHO 9:2,phase,7.0,261.8541666666667,0.9024804415280178,1033,0.46440473617044725,0.2655312914821113,nan,0.9685476170173125,0.9812257077035941,0.9812257077035941,0.99,0.99,inf,inf,inf,inf,inf,inf,inf,inf,inf,inf,inf,inf,inf,inf,inf,inf,inf,inf,inf,inf,inf,0.07171988461624287
NRHO 9:2,phase,1.0,267.625,0.7818652042463805,36,30.039612184543447,1.227786726175224,nan,0.4521167519460584,0.9966666666666667,0.9966666666666667,0.9869587890770439,0.9947250911487422,inf,inf,inf,inf,inf,inf,inf,inf,inf,inf,inf,inf,inf,inf,inf,inf,inf,inf,inf,inf,inf,0.3920552726849072
NRHO 9:2,phase,3.0,267.625,0.7818652042463805,191,3.718618045202379,0.8388379667745997,nan,0.4521167519460584,0.9912257077035941,0.9912257077035941,0.9893528081606918,0.9903235959196541,inf,inf,inf,inf,inf,inf,inf,inf,inf,inf,inf,inf,inf,inf,inf,inf,inf,inf,inf,inf,inf,0.1703900757585526
NRHO 9:2,phase,7.0,267.625,0.7818652042463805,555,0.9006498516757925,0.5079512938822357,nan,0.4521167519460584,0.99,0.99,0.9903235959196541,0.9903235959196541,inf,inf,inf,inf,inf,inf,inf,inf,inf,inf,inf,inf,inf,inf,inf,inf,inf,inf,inf,inf,inf,0.2735883017498849
NRHO 9:2,phase,1.0,292.0,0.4962340575056197,143,21.573937008377563,0.6542645739855345,nan,0.2917093045768711,0.9933333333333333,0.9933333333333333,0.9996764040803459,0.9996764040803459,inf,inf,inf,inf,inf,inf,inf,inf,inf,inf,inf,inf,inf,inf,inf,inf,inf,inf,inf,inf,inf,0.042852430644786124
NRHO 9:2,phase,3.0,292.0,0.4962340575056197,437,2.9026414590971665,0.39940675895509614,nan,0.2917093045768711,0.9912257077035941,0.9912257077035941,0.9966666666666667,0.9966666666666667,inf,inf,inf,inf,inf,inf,inf,inf,inf,inf,inf,inf,inf,inf,inf,inf,inf,inf,inf,inf,inf,0.139358936236205
NRHO 9:2,phase,7.0,292.0,0.4962340575056197,1061,0.5973426446015639,0.2151382338069261,nan,0.2917093045768711,1.0,1.0,0.9933333333333333,0.9933333333333333,inf,inf,inf,inf,inf,inf,inf,inf,inf,inf,inf,inf,inf,inf,inf,inf,inf,inf,inf,inf,inf,0.5016005109067863
NRHO 9:2,phase,1.0,296.625,0.20101173735481095,13,84.28333078477318,2.2010639579980404,nan,0.39019667450110646,0.8799102260699108,0.9812257077035941,0.9863430707470126,0.99,5.29908206056557,17.546536163414263,5.282387878833628,17.54982064978177,5.287185021784957,inf,5.198105561918043,18.382337717016657,inf,18.348340212084487,inf,18.3700481759063,inf,inf,inf,inf,inf,inf,inf,inf,inf,0.2475292139406086
NRHO 9:2,phase,3.0,296.625,0.20101173735481095,111,4.540482140499851,1.1482033452974978,nan,0.39019667450110646,0.99,0.989118082073855,0.9966666666666667,0.9966666666666667,inf,inf,inf,inf,inf,inf,inf,inf,inf,inf,inf,inf,inf,inf,inf,inf,inf,inf,inf,inf,inf,0.4439571656259427
NRHO 9:2,phase,7.0,296.625,0.20101173735481095,682,0.9905316093324422,0.57353954956889,nan,0.39019667450110646,0.9987742922964059,0.9987742922964059,0.9966666666666667,0.9966666666666667,inf,inf,inf,inf,inf,inf,inf,inf,inf,inf,inf,inf,inf,inf,inf,inf,inf,inf,inf,inf,inf,0.3055537324780712
NRHO 9:2,phase,1.0,320.9166666666667,0.9026818936561867,161,11.444866004115294,0.6963743736603168,nan,0.9721054851658223,0.9668161180728689,0.99,0.99,0.99,inf,inf,inf,inf,inf,inf,inf,inf,inf,inf,inf,inf,inf,inf,inf,inf,inf,inf,inf,inf,inf,0.12244182870545867
NRHO 9:2,phase,3.0,320.9166666666667,0.9026818936561867,535,1.5073749735316082,0.4252074409260173,nan,0.9721054851658223,0.9857847487405216,0.9878923743702608,0.9926861414940251,0.9926861414940251,inf,inf,inf,inf,inf,inf,inf,inf,inf,inf,inf,inf,inf,inf,inf,inf,inf,inf,inf,inf,inf,0.04445588812114809
NRHO 9:2,phase,7.0,320.9166666666667,0.9026818936561867,1072,0.47450684731010545,0.3235824984244002,nan,0.9721054851658223,0.9833333333333333,0.9833333333333333,0.9869902625863208,0.9869902625863208,inf,inf,inf,inf,inf,inf,inf,inf,inf,inf,inf,inf,inf,inf,inf,inf,inf,inf,inf,inf,inf,0.07217724726702951
NRHO 9:2,phase,1.0,326.25694444444446,0.7164567222222982,28,63.66242328906295,2.259367962136131,nan,0.38272721149410577,0.9966666666666667,0.9966666666666667,0.9936569292529874,0.9966666666666667,27.897231431498632,21.37192867137339,27.839673826226957,21.372617083692973,27.903269766464955,21.295306444371544,20.74134609226479,inf,inf,inf,inf,inf,inf,inf,inf,inf,inf,inf,inf,inf,inf,0.20069393768793017
NRHO 9:2,phase,3.0,326.25694444444446,0.7164567222222982,175,5.200393628656611,0.9150493344219182,nan,0.38272721149410577,1.0,1.0,1.0,1.0,inf,inf,inf,inf,inf,inf,inf,inf,inf,inf,inf,inf,inf,inf,inf,inf,inf,inf,inf,inf,inf,0.18523944641882342
NRHO 9:2,phase,7.0,326.25694444444446,0.7164567222222982,566,0.9636080884649041,0.5035538352909171,nan,0.38272721149410577,1.0,1.0,1.0,1.0,inf,inf,inf,inf,inf,inf,inf,inf,inf,inf,inf,inf,inf,inf,inf,inf,inf,inf,inf,inf,inf,0.3345440614500861
NRHO 9:2,phase,1.0,352.0,0.6392958501437673,126,23.754788055015293,0.7244536836456842,nan,0.33551719420794107,0.9878923743702608,0.9878923743702608,0.9866666666666667,0.9833333333333333,28.334553109589528,28.250044728457045,28.332948313617003,28.27476481342561,28.338053665895423,28.27692140765189,27.361023845792122,inf,inf,inf,inf,inf,28.579550729423328,inf,inf,inf,inf,inf,inf,inf,inf,0.06273496751766793
NRHO 9:2,phase,3.0,352.0,0.6392958501437673,427,2.6343220216813683,0.4729480305471867,nan,0.33551719420794107,0.9833333333333333,0.9833333333333333,0.9803235959196541,0.9803235959196541,inf,inf,inf,inf,inf,28.38863814317637,inf,inf,inf,inf,inf,inf,inf,inf,inf,inf,inf,inf,inf,inf,inf,0.21497203104877227
NRHO 9:2,phase,7.0,352.0,0.6392958501437673,991,0.650947719078942,0.27851285040092877,nan,0.33551719420794107,0.9833333333333333,0.9833333333333333,0.9866666666666667,0.9866666666666667,inf,inf,inf,inf,inf,28.527976646484085,inf,inf,inf,inf,inf,inf,inf,inf,inf,inf,inf,inf,inf,inf,inf,0.5372017048250531
NRHO 9:2,blackout,1.0,30.743055555555557,0.6847609439746452,9,3223.713278471563,43.284082999656896,11.48611111111111,0.36027102204543715,0.21227186754700983,0.9933333333333333,0.2559221006905661,0.9933333333333333,1.6352498149257755,1.5190317184401223,1.6244940227658995,1.5385106826474273,1.6162117930711637,1.9196974096782147,1.5364564851426534,2.105741456949235,1.9643224916787936,2.0691039838482608,2.053664761430389,2.100819706123655,1.991839846440703,2.1613804418181837,9.282672199140372,8.479797317762833,9.11805482321933,9.45911363341884,9.281779077750876,2.0466934197659006,9.13862504618036,0.6852456958895562
NRHO 9:2,blackout,3.0,30.743055555555557,0.6847609439746452,130,4.700144400873392,0.8722508499318764,11.48611111111111,0.36027102204543715,0.9912257077035941,0.9912257077035941,0.99,0.99,inf,inf,inf,inf,inf,8.585182647249631,inf,inf,inf,inf,inf,inf,inf,inf,inf,inf,inf,inf,inf,inf,inf,0.2504269827381822
NRHO 9:2,blackout,7.0,30.743055555555557,0.6847609439746452,515,1.0153830019215153,0.5706126479934418,11.48611111111111,0.36027102204543715,0.9933333333333333,0.9933333333333333,0.9933333333333333,0.9933333333333333,inf,inf,inf,inf,inf,8.627790875537565,inf,inf,inf,inf,inf,inf,inf,inf,inf,inf,inf,inf,inf,inf,inf,0.3604334632749422
NRHO 9:2,blackout,3.0,59.770833333333336,0.10814037609269155,106,9.477279184256984,0.9022363945401449,13.083333333333334,0.5266859881815869,0.9921076256297392,0.99,0.99,0.99,inf,inf,inf,inf,inf,5.846376887485473,inf,inf,inf,inf,inf,inf,inf,inf,inf,inf,inf,inf,inf,inf,inf,0.2577788668160771
NRHO 9:2,blackout,7.0,59.770833333333336,0.10814037609269155,598,0.9586107964501517,0.6839276300748579,13.083333333333334,0.5266859881815869,0.9924514154071883,0.9924514154071883,0.99,0.99,inf,inf,inf,inf,inf,5.872929297539063,inf,inf,inf,inf,inf,inf,inf,inf,inf,inf,inf,inf,inf,inf,inf,0.46482323836954764
NRHO 9:2,blackout,3.0,90.78472222222223,0.8341720850562425,43,10.146929397461673,2.6435145096122716,10.458333333333334,0.5525189544177381,0.9812257077035941,0.9812257077035941,0.9746277170119497,0.977637454425629,inf,inf,inf,inf,inf,26.803426709530935,inf,inf,inf,inf,inf,inf,27.219144646175092,inf,inf,inf,inf,inf,inf,inf,inf,0.09563796277958145
NRHO 9:2,blackout,7.0,90.78472222222223,0.8341720850562425,257,1.5959370480691693,1.3579422255794826,10.458333333333334,0.5525189544177381,0.9866666666666667,0.9866666666666667,0.9836569292529874,0.9836569292529874,inf,inf,inf,inf,inf,27.043181117875577,inf,inf,inf,inf,inf,inf,inf,inf,inf,inf,inf,inf,inf,inf,inf,0.12088407683473651
NRHO 9:2,blackout,1.0,119.79861111111111,0.25543506766948487,5,1501.7668081993738,21.74466999989512,12.090277777777779,0.3459056076745303,0.4239015579360055,0.9666666666666667,0.5625572938479558,0.9666666666666667,2.271644187238792,2.3681985783835957,2.266403701399727,2.371874418122156,2.2662615109734885,4.65973282896546,2.0814014359839192,3.7680005251815802,3.870275864702855,3.771955449043351,3.877192853961374,3.771997400224593,4.7515695205021915,4.413627767083607,5.429968043056474,4.687425755754296,5.0984197611891835,12.549526269372205,5.421027965017353,4.845216182314472,4.995712439620955,0.3573242311111469
NRHO 9:2,blackout,3.0,119.79861111111111,0.25543506766948487,18,11.666743437760745,1.4763280706024586,12.090277777777779,0.3459056076745303,0.99,0.99,0.99,0.99,inf,inf,inf,inf,inf,inf,inf,inf,inf,inf,inf,inf,inf,inf,inf,inf,inf,inf,inf,inf,inf,0.32152166463309984
NRHO 9:2,blackout,7.0,119.79861111111111,0.25543506766948487,314,1.8616499698883715,0.7160048174179658,12.090277777777779,0.3459056076745303,0.9821076256297392,0.9821076256297392,0.9773138585059749,0.9773138585059749,inf,inf,inf,inf,inf,inf,inf,inf,inf,inf,inf,inf,inf,inf,inf,inf,inf,inf,inf,inf,inf,0.1511264365317799
NRHO 9:2,blackout,1.0,149.80555555555554,0.8280241887409598,8,68.54081090474621,1.6827962364420879,10.458333333333334,0.5370945910549468,0.9733333333333334,0.9733333333333334,0.9690292122410377,0.9703235959196541,20.04174316109834,20.129227391042395,20.04074197229462,20.130773551271556,20.05218257366901,27.174061037099918,19.556857995069407,inf,inf,27.153150568732617,inf,inf,inf,inf,inf,inf,inf,inf,inf,inf,inf,0.7861243039691549
NRHO 9:2,blackout,3.0,149.80555555555554,0.8280241887409598,76,4.999667747873431,0.9845299581661546,10.458333333333334,0.5370945910549468,0.9933333333333333,0.9933333333333333,0.9936569292529874,0.9936569292529874,inf,inf,inf,inf,inf,inf,inf,inf,inf,inf,inf,inf,inf,inf,inf,inf,inf,inf,inf,inf,inf,0.14007727660673647
NRHO 9:2,blackout,7.0,149.80555555555554,0.8280241887409598,282,1.2237522196646577,0.6670576882065504,10.458333333333334,0.5370945910549468,0.9933333333333333,0.9933333333333333,0.9933333333333333,0.9933333333333333,inf,inf,inf,inf,inf,inf,inf,inf,inf,inf,inf,inf,inf,inf,inf,inf,inf,inf,inf,inf,inf,0.19715973944718232
NRHO 9:2,blackout,1.0,178.8125,0.24822894660179623,22,33.95040602982816,1.1707106685405386,10.54861111111111,0.3508899435497969,0.9826457537784351,0.9863228768892176,0.9833333333333333,0.99,inf,inf,inf,inf,inf,11.383227277504973,inf,inf,inf,inf,inf,inf,inf,inf,inf,inf,inf,inf,inf,inf,inf,0.21299191080612628
NRHO 9:2,blackout,3.0,178.8125,0.24822894660179623,60,7.174012129321833,0.8801492842486364,10.54861111111111,0.3508899435497969,0.9987742922964059,0.9966666666666667,0.9933333333333333,0.9933333333333333,inf,inf,inf,inf,inf,11.418801255279353,inf,inf,inf,inf,inf,inf,inf,inf,inf,inf,inf,inf,inf,inf,inf,0.29379204981759083
NRHO 9:2,blackout,7.0,178.8125,0.24822894660179623,437,1.419444193285099,0.5441798847343298,10.54861111111111,0.3508899435497969,0.9945590410369275,0.9945590410369275,0.9903235959196541,0.9903235959196541,inf,inf,inf,inf,inf,11.479010613145956,inf,inf,inf,inf,inf,inf,inf,inf,inf,inf,inf,inf,inf,inf,inf,0.15733359856036488
NRHO 9:2,blackout,1.0,208.93055555555554,0.8377496635697934,18,99.13073828295397,3.5127312109199913,9.4375,0.5621302002118982,0.990881917926145,0.9933333333333333,0.9866666666666667,0.9866666666666667,20.249288186618962,20.308770831725482,20.19812170470371,20.310396481754065,20.204300603219263,26.609649949421716,19.616183477129333,inf,27.24201081635723,inf,inf,inf,26.975461727726564,inf,inf,inf,inf,inf,inf,inf,inf,0.3207713820174504
NRHO 9:2,blackout,3.0,208.93055555555554,0.8377496635697934,145,5.117864233009492,1.193979223559074,9.4375,0.5621302002118982,0.9921076256297392,0.9921076256297392,0.9869902625863208,0.9869902625863208,inf,inf,inf,inf,inf,26.952376909951063,inf,inf,inf,inf,inf,inf,inf,inf,inf,inf,inf,inf,inf,inf,inf,0.08044567930961656
NRHO 9:2,blackout,7.0,208.93055555555554,0.8377496635697934,439,1.1080847629411004,0.6578921008246837,9.4375,0.5621302002118982,0.9966666666666667,0.9966666666666667,0.9933333333333333,0.9933333333333333,inf,inf,inf,inf,inf,27.143559363786096,inf,inf,inf,inf,inf,inf,inf,inf,inf,inf,inf,inf,inf,inf,inf,0.15454008803680622
NRHO 9:2,blackout,1.0,237.94444444444446,0.25901264618303566,22,73.25135797045427,2.4298863356882388,10.4375,0.3435175266937321,0.9667115536317112,0.9942152512594784,0.9936569292529874,0.9966666666666667,17.51622065590101,4.847636506039694,17.521022462023268,17.48315441075242,17.517953968081862,4.79703055187792,16.975612463193627,inf,inf,inf,inf,inf,inf,inf,inf,inf,inf,inf,inf,inf,inf,0.22245481898593114
NRHO 9:2,blackout,3.0,237.94444444444446,0.25901264618303566,83,8.844722656083665,1.178745677323862,10.4375,0.3435175266937321,0.9921076256297392,0.9921076256297392,0.9966666666666667,0.9966666666666667,inf,inf,inf,inf,inf,4.847662171249732,inf,inf,inf,inf,inf,inf,inf,inf,inf,inf,inf,inf,inf,inf,inf,0.24282214944273892
NRHO 9:2,blackout,7.0,237.94444444444446,0.25901264618303566,611,1.2147152372866776,0.4338081598255897,10.4375,0.3435175266937321,1.0,1.0,0.9990292122410377,0.9990292122410377,inf,inf,inf,inf,inf,inf,inf,inf,inf,inf,inf,inf,inf,inf,inf,inf,inf,inf,inf,inf,inf,0.1448153854293121
NRHO 9:2,blackout,1.0,267.625,0.7818652042463805,36,30.039612184543447,1.227786726175224,9.76388888888889,0.4521167519460584,0.9966666666666667,0.9966666666666667,0.9869587890770439,0.9947250911487422,inf,inf,inf,inf,inf,inf,inf,inf,inf,inf,inf,inf,inf,inf,inf,inf,inf,inf,inf,inf,inf,0.3920552726849072
NRHO 9:2,blackout,3.0,267.625,0.7818652042463805,191,3.718618045202379,0.8388379667745997,9.76388888888889,0.4521167519460584,0.9912257077035941,0.9912257077035941,0.9893528081606918,0.9903235959196541,inf,inf,inf,inf,inf,inf,inf,inf,inf,inf,inf,inf,inf,inf,inf,inf,inf,inf,inf,inf,inf,0.1703900757585526
NRHO 9:2,blackout,7.0,267.625,0.7818652042463805,555,0.9006498516757925,0.5079512938822357,9.76388888888889,0.4521167519460584,0.99,0.99,0.9903235959196541,0.9903235959196541,inf,inf,inf,inf,inf,inf,inf,inf,inf,inf,inf,inf,inf,inf,inf,inf,inf,inf,inf,inf,inf,0.2735883017498849
NRHO 9:2,blackout,1.0,296.625,0.20101173735481095,13,84.28333078477318,2.2010639579980404,10.784722222222221,0.39019667450110646,0.8799102260699108,0.9812257077035941,0.9863430707470126,0.99,5.29908206056557,17.546536163414263,5.282387878833628,17.54982064978177,5.287185021784957,inf,5.198105561918043,18.382337717016657,inf,18.348340212084487,inf,18.3700481759063,inf,inf,inf,inf,inf,inf,inf,inf,inf,0.2475292139406086
NRHO 9:2,blackout,3.0,296.625,0.20101173735481095,111,4.540482140499851,1.1482033452974978,10.784722222222221,0.39019667450110646,0.99,0.989118082073855,0.9966666666666667,0.9966666666666667,inf,inf,inf,inf,inf,inf,inf,inf,inf,inf,inf,inf,inf,inf,inf,inf,inf,inf,inf,inf,inf,0.4439571656259427
NRHO 9:2,blackout,7.0,296.625,0.20101173735481095,682,0.9905316093324422,0.57353954956889,10.784722222222221,0.39019667450110646,0.9987742922964059,0.9987742922964059,0.9966666666666667,0.9966666666666667,inf,inf,inf,inf,inf,inf,inf,inf,inf,inf,inf,inf,inf,inf,inf,inf,inf,inf,inf,inf,inf,0.3055537324780712
NRHO 9:2,blackout,1.0,326.25694444444446,0.7164567222222982,28,63.66242328906295,2.259367962136131,10.95138888888889,0.38272721149410577,0.9966666666666667,0.9966666666666667,0.9936569292529874,0.9966666666666667,27.897231431498632,21.37192867137339,27.839673826226957,21.372617083692973,27.903269766464955,21.295306444371544,20.74134609226479,inf,inf,inf,inf,inf,inf,inf,inf,inf,inf,inf,inf,inf,inf,0.20069393768793017
NRHO 9:2,blackout,3.0,326.25694444444446,0.7164567222222982,175,5.200393628656611,0.9150493344219182,10.95138888888889,0.38272721149410577,1.0,1.0,1.0,1.0,inf,inf,inf,inf,inf,inf,inf,inf,inf,inf,inf,inf,inf,inf,inf,inf,inf,inf,inf,inf,inf,0.18523944641882342
NRHO 9:2,blackout,7.0,326.25694444444446,0.7164567222222982,566,0.9636080884649041,0.5035538352909171,10.95138888888889,0.38272721149410577,1.0,1.0,1.0,1.0,inf,inf,inf,inf,inf,inf,inf,inf,inf,inf,inf,inf,inf,inf,inf,inf,inf,inf,inf,inf,inf,0.3345440614500861
L1 halo (Az~30k km),phase,1.0,1.0069444444444444,0.08355888276491803,41,37.79209748322996,1.4198344044154685,nan,0.6778081333499191,0.6020627386646945,0.98,0.0399026258632076,0.8960509483366353,9.925950374868808,9.879393042306898,9.893393688442398,9.87738806859047,9.939653462196421,11.62623345155604,9.679662894792472,10.85278452132342,10.841883630952635,10.843931237863238,10.85378160720493,10.85564510904784,13.57277074230678,11.034627974194764,11.89114589035317,12.063180713936339,11.862933029041496,12.056786267501913,11.886438886739498,15.381426850185273,11.654012651494277,0.26394778699659216
L1 halo (Az~30k km),phase,1.0,22.0,0.8256175212804028,218,10.563141078548362,0.4704331608918294,nan,0.6842803187421608,0.7692675334800572,0.9833333333333333,0.02666666666666667,0.9726861414940252,8.902890359042397,8.843442944323051,8.878429917291228,8.853604326349084,8.874083291250662,13.63873892695144,8.525060083615907,12.891219620323714,13.228749058808157,12.798640756161886,13.157017419065335,12.878955364280301,15.605190245827304,12.75125898261018,13.95760012985118,14.241859565055789,13.885566779558381,13.918709062653205,13.9406850995429,17.511335809587557,13.668991604266546,0.6619381915053112
L1 halo (Az~30k km),phase,3.0,22.0,0.8256175212804028,498,6.310480163113058,0.3821389865171174,nan,0.6842803187421608,0.7662331029591284,0.9887742922964059,0.016666666666666666,0.9826861414940251,12.518821740535547,12.738779188764408,12.372304418137837,12.683150106859774,12.493983791261986,13.998925152617884,12.131860413302977,13.618484994858415,13.669718335934288,13.56903793070862,13.676376585441448,13.601107488849465,15.96013945836529,13.767620887076541,14.633779194343132,14.800334068752456,14.606797918936326,14.658091001837033,14.677821752010205,17.83705439693688,14.443586394441834,0.5055658100530976
L1 halo (Az~30k km),phase,7.0,22.0,0.8256175212804028,643,1.1878422936205417,0.2553627403959996,nan,0.6842803187421608,0.9787742922964059,0.9821076256297392,0.1204209700564465,0.9930097374136791,14.258893210828777,14.177974055316495,14.241781747762909,14.18103653030469,14.243742165856306,14.687532941703436,13.979196749083556,15.574112309470824,15.455105284851307,15.561179417699615,15.44769657153561,15.55057438677111,16.634708027998148,16.123974955079174,16.93727973073835,17.000779203906163,16.92294228853411,16.85539260970217,17.0145961296812,18.4447930095867,16.557739923836547,0.07314315952694989
L1 halo (Az~30k km),phase,7.0,31.75,0.6346980136660358,408,2.2239323157843973,1.62830938671035,nan,0.6798288332163052,0.9878923743702608,0.9942152512594784,0.07550113063411959,0.99,14.745252695580609,12.919845507819943,14.6622830395446,13.18779264509885,14.74692442964915,10.707175122126955,14.271545526303463,15.897476073343595,15.882281042030954,15.847995230363239,15.883894384450418,15.890282928628393,13.10436324404593,16.088344963310078,16.858252536717107,16.983857033893837,16.82294178438049,16.869396484885566,16.87830850522705,15.242337859828794,16.300033621331746,0.22165728659623296
L1 halo (Az~30k km),phase,1.0,52.0,0.31509595939004276,201,8.102126349356249,0.4848899634466939,nan,0.6945695694725309,0.9606875795548983,0.9745590410369275,0.04472509114874211,0.9749513129316039,9.923433975388733,9.925460297507437,9.876486524024333,9.926793605374286,9.873930681602792,12.760547108510455,9.633378367317869,11.553493593276364,11.528156398594303,11.522721544845373,11.5220640538423,11.506713677841983,14.550578531375965,12.746894159152632,13.293644334655145,13.258453723284122,13.254674390159284,13.196302401957666,13.346563239557714,16.951265228592778,12.904973074835315,0.4094102792768424
L1 halo (Az~30k km),phase,3.0,52.0,0.31509595939004276,626,1.581021915807112,0.35093863734538555,nan,0.6945695694725309,0.9887742922964059,0.9887742922964059,0.09977377821713831,0.96,12.27087989441093,12.421059586258973,12.309054346096636,12.418479268122653,12.313953400299681,13.2332825909323,12.088863340614134,14.100345946437091,14.299026649881096,14.12654599026765,14.302060049340263,14.145838819553484,15.18712499520068,14.78028490217719,17.73842825702544,19.073692006801274,17.31779810994938,17.752286683489945,17.637402179894423,17.581646349558202,17.08171812280345,0.058068211192922596
L1 halo (Az~30k km),phase,7.0,52.0,0.31509595939004276,1144,0.4042220291845298,0.2802130279851483,nan,0.6945695694725309,0.990881917926145,0.990881917926145,0.14686141494025146,0.9666666666666667,14.154832562428632,14.355349990022127,14.18484688013456,14.355034975464443,14.18454783208142,13.568348528334806,13.983145330873164,18.441859143863592,19.099861376444302,18.138253963116362,18.760278499981307,18.347056656505963,15.66549896794682,18.63854874950997,19.71295561409351,20.122861888284692,19.61234664409096,19.95390308082178,19.69168791602481,17.999405171201627,19.55366808387818,0.017767194829996384
L1 halo (Az~30k km),phase,1.0,60.770833333333336,0.04292264165581111,24,27.119955078867026,1.1886593529595577,nan,0.6836854738039645,0.7090731951088104,0.9766666666666667,0.02194157551792456,0.8528149891400945,9.686485120244473,10.21811178819025,9.578841883466035,10.19682174570608,9.652914734548395,11.96723980295053,7.83915397382209,10.919396584485582,11.169965223569873,10.872552191518091,11.186269677531218,10.8969110863612,13.922884926630504,11.23027218509653,12.085157202022977,12.344296650810284,12.035839390262963,12.387495242877728,12.042813126834163,15.734812700789515,11.838264572657828,0.1878443962395917
L1 halo (Az~30k km),phase,3.0,60.770833333333336,0.04292264165581111,143,3.972242187479385,0.7404123136691116,nan,0.6836854738039645,0.8696113232575062,0.9921076256297392,0.08,0.9793213346514149,11.959981428960914,11.81498723338833,11.93285833556536,11.815139099828071,11.93310680309306,12.773676460036443,11.587795937294787,13.362957395419146,13.160135025440834,13.333493173738683,13.148083609379652,13.319416035934582,14.695563880647667,13.956244420504273,15.020758221973425,14.751093209777697,15.021595288804741,14.545380305763155,15.057666835973734,16.434133374768802,14.640319963225833,0.06994845745744183
L1 halo (Az~30k km),phase,7.0,60.770833333333336,0.04292264165581111,361,1.643664071276506,0.5704403422516503,nan,0.6836854738039645,0.9640209128882316,0.9933333333333333,0.12504868706839622,0.9933333333333333,12.969945697094836,12.76117568303272,12.942660825580253,12.762173524107304,12.939109407604569,13.21825566618914,12.680153655294866,14.570639871723898,14.295797842960877,14.549186900556915,14.274039187150755,14.525644046412939,15.10279130878274,15.35348953010344,16.17657439932255,15.991655569601066,16.13814060879244,16.03752138998137,16.237292513596483,16.82005587881039,15.89671299886511,0.028932981085218062
L1 halo (Az~30k km),phase,1.0,82.0,0.8045743974996824,200,11.173414637268161,0.5438698531428823,nan,0.6805346569717133,0.8352466205918256,0.99,0.027313858505974856,0.9796764040803458,8.755617988654732,8.648392337850465,8.768046776012815,8.648777500118388,8.762172376956345,13.387928044265848,8.491076815270654,13.028167653536222,13.339733899279176,12.920897368279563,13.112582850718894,13.03585092821459,15.364679161557293,13.029277436841639,14.025438319038862,14.30707736763912,13.926488526607567,14.010437605409049,14.027190238795843,17.29335569206756,13.767620887076541,0.6851379241926876
L1 halo (Az~30k km),phase,3.0,82.0,0.8045743974996824,439,8.20495572901368,0.4019435738887961,nan,0.6805346569717133,0.7595664362924617,0.99,0.023333333333333334,0.9873138585059749,9.737933945668333,9.431243443500716,9.768913037909993,9.441779618337266,9.767738641881266,13.913828005625756,9.197215123416466,13.51371609667351,13.589752467400647,13.462142987492038,13.532039933786361,13.525289751873295,15.876627032095922,13.322623869293889,14.491871894511869,14.613091063413812,14.44532978324634,14.513433948448407,14.50427932059675,17.784394163782906,14.116923628244281,0.8568072958589832
L1 halo (Az~30k km),phase,7.0,82.0,0.8045743974996824,695,0.9236082870345542,0.22923509385960186,nan,0.6805346569717133,0.989118082073855,0.989118082073855,0.16042097005644648,0.99,14.687349070614903,14.569126965273147,14.695215956362846,14.571644443688312,14.696260829105727,14.871409729528256,14.340114590636926,16.01672185576609,15.890506986119549,15.999764570252411,15.878024151734362,16.011940072733335,16.827473301136287,16.892452650568803,17.584783880380026,17.460980238822707,17.5372886935152,17.905225606298227,17.552254769536024,18.643423336680925,17.00317397845181,0.06290702383260628
L1 halo (Az~30k km),phase,1.0,88.78472222222223,0.36758838684202694,34,33.517498595536,0.8903829877905579,nan,0.705419975740013,0.8950971691856234,0.9866666666666667,0.015048687068396202,1.0,8.454845402938144,8.302224885836337,8.494206574822606,8.301056670702003,8.496045206298309,11.652756206051274,8.224042382407152,9.890466116258892,9.752256850371905,9.926755903134518,9.750095481989462,9.942289082660269,13.37392885865297,11.14091664154457,11.421005037613549,11.40433841886179,11.430836554294222,11.311232443795106,11.448517750442539,15.645575055477684,11.176573223970722,0.4789617392228891
L1 halo (Az~30k km),phase,3.0,88.78472222222223,0.36758838684202694,166,2.9815409915751605,0.5479901362169198,nan,0.705419975740013,0.99,0.99,0.04074456597610059,0.9843041210922956,11.603053415701792,11.543072120670313,11.599010248698407,11.541147371774711,11.60499713145043,12.368238298346157,11.23027218509653,13.398620968256749,13.354433237977231,13.384692471276932,13.353029403362159,13.408736103121674,14.236581113398328,14.125713863732836,17.335609362523147,18.247354870824076,16.889791405891813,16.718277670314112,17.25177523861903,16.641252827340466,16.93613794068832,0.1438879906461659
L1 halo (Az~30k km),phase,7.0,88.78472222222223,0.36758838684202694,739,0.5532193115829633,0.3936695900713838,nan,0.705419975740013,0.99,0.99,0.09912658637783012,0.9933333333333333,14.064702448656512,13.881272571283315,14.04712859159341,13.886436489247863,14.054812938093447,12.857417372254238,13.53858412089884,18.320215647186153,18.591844938065396,18.18075510196402,18.284905421751045,18.323412158871157,14.920279186881968,17.903889364748032,19.337823565731757,19.55002464426313,19.25925258643921,19.290818694902878,19.352072636613478,17.26951591840928,18.744024011517055,0.03298084303642104
L1 halo (Az~30k km),phase,1.0,111.9375,0.2888664221965944,159,10.759437697901587,0.6410549815693207,nan,0.6892003004732744,0.9740209128882316,0.9770104564441158,0.05343070747012574,0.975598504770912,9.669880099276485,9.7336504181096,9.68121088450434,9.735293898199265,9.679633177642216,12.447701347799633,9.51483177309947,11.218778087235174,11.263580315403507,11.228917325276662,11.260895296180943,11.228517675176343,14.165773073376418,12.2862841197255,12.987037088593468,12.954942199890208,12.7393017071007,12.881102867032922,12.876618022307749,16.37679100588866,12.360116729340632,0.5452374133141134
L1 halo (Az~30k km),phase,3.0,111.9375,0.2888664221965944,498,1.8028072684963523,0.37186961599600526,nan,0.6892003004732744,0.9866666666666667,0.9866666666666667,0.08945018229748422,0.9833333333333333,12.300024907605414,12.254104892900203,12.338195527014587,12.25174358117354,12.334262804349937,13.259160984749709,12.067421983517868,14.125869150152653,14.029858371680936,14.092712992288222,14.017738358242452,14.115739793162437,15.105623419288758,14.681534722272824,17.22857551989564,18.952027799567563,16.819886417420108,17.23954922987575,17.13056344585433,17.50908596405672,17.122704360648154,0.05482164424466687
L1 halo (Az~30k km),phase,7.0,111.9375,0.2888664221965944,1112,0.4298224053901546,0.2682157689179586,nan,0.6892003004732744,0.9878923743702608,0.9857847487405216,0.13783220269921376,0.98,14.230259655463362,14.228177974001479,14.269607279096602,14.227429540879124,14.263524793905054,13.73665521737366,13.983145330873164,18.40591222446035,19.11589352778117,18.015233347094483,18.626768761489792,18.373548688883936,15.77300350856424,18.6287744240242,19.80795045287232,20.218369013067345,19.67035690614296,19.846830289662847,19.786607020780423,18.132274797437976,19.55366808387818,0.015015649166871495
L1 halo (Az~30k km),phase,1.0,120.79861111111111,0.024184590481503565,12,33.97835099548828,1.598211865528448,nan,0.6867650921163885,0.6067712311078243,0.9833333333333333,0.01097078775896228,0.7179925238545599,7.847987773741222,7.544540058925288,7.736828975218875,7.586634590274221,7.746206292211073,11.475709604954494,7.295330597301211,11.041498748610968,11.112699088144337,10.98293263808741,11.117234248212146,11.021841489618048,13.43649969224183,11.060301437793687,12.015457967053957,12.19944430375368,11.986597021616502,12.025170836062777,12.029298840809025,15.33125746401821,11.92368415431532,0.10261718894248772
L1 halo (Az~30k km),phase,3.0,120.79861111111111,0.024184590481503565,92,5.759053070015253,1.1237113771441565,nan,0.6867650921163885,0.7966217797016221,0.99,0.053009737413679245,0.9835280816069182,11.624408615800785,11.530744903158,11.625695010677125,11.533020541120248,11.629802170067022,12.07852022070412,11.5026619024054,12.823896748118216,12.747072161679139,12.827096648221215,12.73746650442279,12.83657189151121,14.031768686457397,13.49539202337785,14.186813095064545,14.241863836994227,14.171703535675721,14.76339062353806,14.201871945069016,15.860019950253285,13.965425737647777,0.14334630504709214
L1 halo (Az~30k km),phase,7.0,120.79861111111111,0.024184590481503565,212,2.7992884374010565,0.9154711780994391,nan,0.6867650921163885,0.9059342001467239,0.99,0.06601947482735848,0.99,12.300693398351024,12.223726643829666,12.304416852159322,12.223074762263805,12.30559748880616,12.42483521828875,12.086717491658273,13.693444164798821,13.612963731523093,13.690446346431461,13.596289490579796,13.695245990637671,14.370335017179588,14.635677362032482,15.523738856916815,15.231059068013836,15.464897264758614,15.463460246824317,15.505265857240218,16.16894400012288,15.152740596563874,0.05724921968045746
L1 halo (Az~30k km),phase,1.0,142.0,0.7835312737189631,155,15.22923231584665,0.856990360958195,nan,0.6771418430556236,0.7759342001467239,0.9745590410369275,0.02935280816069181,0.9740778993094339,7.912575027256622,7.9838647166403165,7.884631723854442,7.982307902621935,7.890129733834501,12.56759652120046,7.562355442729445,12.33303006663937,13.081985225741139,11.914721191118794,12.202746814028169,12.313162619256806,14.587513163066681,11.5026619024054,13.704660832424706,14.107753459093596,13.519146058662658,13.590162510139782,13.692193142062859,16.544220860645954,13.397739934894778,0.5306696488499695
L1 halo (Az~30k km),phase,3.0,142.0,0.7835312737189631,310,11.505992212457201,0.5765562985457708,nan,0.6771418430556236,0.7684901799950697,0.9766666666666667,0.026343070747012576,0.9769902625863208,8.4660182257616,8.577068534987104,8.433215192745447,8.575704272561174,8.438438109772019,13.280504567941081,8.12608392856908,13.087751506003594,13.46070733696225,12.923154840041153,13.015918227938576,13.088724189176341,15.26347317069978,13.281489698569573,13.987892479574759,14.406970959588596,13.885474404164297,14.036622333982315,14.010645547723476,17.206789779344582,13.767620887076541,0.5918708709745221
L1 halo (Az~30k km),phase,7.0,142.0,0.7835312737189631,605,0.8587679854546522,0.2821623248799473,nan,0.6771418430556236,0.9750971691856234,0.9750971691856234,0.20116553603254708,0.9733333333333334,14.745433497147408,14.787592795583066,14.732886688850838,14.789400636935396,14.7324396339239,14.516794456163332,14.443586394441834,16.0005759077266,16.091576394585275,15.982579227792582,16.081831353052927,15.99008989832074,16.475755299205375,16.897758875429957,17.578827857616034,17.65924473706362,17.557306867533093,17.949553788021245,17.572279179700402,18.351615578998484,17.08171812280345,0.06507316388125306
L1 halo (Az~30k km),phase,1.0,149.19444444444446,0.38054508434399426,26,29.371762452152613,2.2068141991481647,nan,0.7078330929380526,0.9149028308143766,0.9766666666666667,0.00699026258632076,0.9936569292529874,8.082732573401882,8.077000621000295,8.07109192277035,8.07790668012994,8.071682146057526,10.18408760174803,7.870528095018716,9.474760112792561,9.516945303977794,9.456960047201463,9.512475213390289,9.46670997499244,11.967965527719885,10.668104710675017,11.063255787875965,11.160154804779685,11.072923252000402,11.079418027430473,11.035010067792452,13.761315810794327,10.668104710675017,0.41571540041156796
L1 halo (Az~30k km),phase,3.0,149.19444444444446,0.38054508434399426,129,4.515196095009469,1.0691610428105893,nan,0.7078330929380526,0.9912257077035941,0.9945590410369275,0.060097374136792406,0.9866666666666667,10.986420168214824,10.851688556437589,11.001004411339974,10.849774554433845,10.994723811862004,11.331479553705714,10.704691042841556,12.788334257988637,12.593001479906784,12.815238070756164,12.581590907750474,12.79067583681092,13.045748988810326,13.366640747367118,15.967558536223924,15.161864897161013,15.552380011793351,15.574583773469957,15.972343410298185,15.260478209625402,16.088344963310078,0.27179310737626083
L1 halo (Az~30k km),phase,7.0,149.19444444444446,0.38054508434399426,555,0.7989311883301145,0.611698700068569,nan,0.7078330929380526,0.9966666666666667,0.9966666666666667,0.09579325304449679,0.99,13.359711723533204,13.210956212443836,13.352603154336538,13.214594280335668,13.348995834669926,12.161504867432248,12.904973074835315,17.549440115308233,18.125476759339783,17.268019453285124,17.59141949725984,17.614680335275384,14.003978119439244,17.740043416676908,18.872700337920847,19.164031070771763,18.76842679880533,18.800265235407608,18.88801877334214,16.412697310141972,18.653911169507865,0.05100400782580452
L1 halo (Az~30k km),phase,1.0,171.90972222222223,0.26551822577082107,137,13.167701589734818,0.6190673304128874,nan,0.6848005878705862,0.9933333333333333,0.9924514154071883,0.03741123264276726,1.0,9.631592890944702,9.589438178794326,9.643662013667257,9.592450009121691,9.642630563969949,12.592760819413078,9.495848448757664,11.119524130098068,11.044527419372791,11.132427976567461,11.040101257017595,11.128611872661478,14.304144973922769,12.212892545932439,12.740098641335061,12.699495017299972,12.634817239881523,12.606516779261508,12.754514879932483,16.459673383199874,12.26177138823825,0.7927296762657112
L1 halo (Az~30k km),phase,3.0,171.90972222222223,0.26551822577082107,470,1.8860002120055799,0.3951034585779171,nan,0.6848005878705862,0.9921076256297392,0.9933333333333333,0.1305183441932389,0.98,12.152063926246596,12.214542990450214,12.159918274218136,12.212477478861263,12.155205851400813,13.267298886998319,11.838264572657828,13.910395145491908,13.953606120850264,13.95420207388524,13.940030886046152,13.934041344960562,15.042299631580613,14.676204630683284,16.557898849300255,16.501228500012438,16.384118950406293,16.90881188435591,16.58868696384983,17.412526069338092,16.557739923836547,0.04640626766210946
L1 halo (Az~30k km),phase,7.0,171.90972222222223,0.26551822577082107,1039,0.44885052114546936,0.30031048556254475,nan,0.6848005878705862,0.9933333333333333,0.9933333333333333,0.17922396051462253,0.9733333333333334,14.097450329091183,14.15697367174336,14.132878398346518,14.157444519029587,14.126985858516928,13.664537319546582,13.767620887076541,16.86015875188016,17.239887333954346,16.854997957114627,17.87008087490961,16.88510781473666,15.555889180642724,18.136427003047004,19.732824954728795,20.310622128167726,19.601372382171338,19.776041267223324,19.720913975698878,17.95925007049527,19.548747037390644,0.012363332441523982
L1 halo (Az~30k km),phase,1.0,179.90972222222223,0.9293791426000583,32,34.77397891118939,1.1903697543012093,nan,0.6965785268808602,0.485739861775477,0.9933333333333333,0.016343070747012575,0.9467325672941822,6.979372528745162,6.790487630395888,7.03628094252402,6.796277091496064,7.029476601371751,12.019901344218079,6.814311802723484,11.152149904880392,11.69088307070021,11.00564334395757,11.287041440360978,11.162182792293972,13.9915447535066,11.518425077908956,12.375610558233065,12.630243936250995,12.27731416711553,12.337554249931847,12.372606704680214,15.91856939945824,12.146553433261426,0.43214561453173245
L1 halo (Az~30k km),phase,3.0,179.90972222222223,0.9293791426000583,151,5.886544082100622,0.6944536586222556,nan,0.6965785268808602,0.694663605478085,0.9854409589630725,0.04236254557437106,0.9560539019455971,12.048402867299007,12.095918592785306,12.048870821791743,12.099556593220731,12.066139327767276,12.944285142145832,11.741391244262035,13.116410033888215,13.136763961111201,13.110790481366582,13.13557700754168,13.115980101617323,14.903015182082004,13.334645315727515,14.30066199099303,14.471008712628178,14.285117279138902,14.760710729819404,14.281498878606303,16.764849074995567,14.051942762156926,0.22488214654908045
L1 halo (Az~30k km),phase,7.0,179.90972222222223,0.9293791426000583,233,2.634014060227137,0.5715037080561405,nan,0.6965785268808602,0.9108370309611005,0.9866666666666667,0.05601947482735848,0.98,12.780976953654331,12.791334403416862,12.794240455733508,12.794080700700116,12.797464196926677,13.28106502159839,12.659910772291589,14.031171449237384,14.035670132884444,14.051471949340751,14.02338999942466,14.050944728185032,15.233441577379134,14.85312359023014,15.458015560933072,15.554954385066537,15.502674588323153,15.288476447404394,15.453494600078,17.056564986158854,15.044188512663316,0.09563173648944162
L1 halo (Az~30k km),phase,1.0,202.0,0.7624881499382438,158,14.90325544242396,0.6900704375364036,nan,0.6743782422540143,0.8328099956957058,0.9870104564441157,0.01,0.9650486870683962,8.1034128585165,8.030257341862173,8.071863591883357,8.028568506486945,8.066306273852359,12.936037608226076,7.870528095018716,10.71377288123326,10.664866346376382,10.620179761196257,10.78620128405848,10.64399176710912,14.948072683306162,11.567707884705932,13.736343531633983,14.258710653513747,13.547918895545536,13.628726575655264,13.694356604896246,16.912214499999756,13.522370908443474,0.4424219169742308
L1 halo (Az~30k km),phase,3.0,202.0,0.7624881499382438,286,12.060969307940335,0.49691322533556337,nan,0.6743782422540143,0.8321224161408076,0.9857847487405216,0.00699026258632076,0.9726861414940252,8.548457568536334,8.481843967705021,8.514235228344711,8.481651022593796,8.508137272918836,13.523184914013859,8.273463550334052,12.288721268357016,13.522357268396455,11.90736500679998,12.842876786244693,12.145767201040847,15.510076606895872,13.29564377642294,14.038458599128859,14.48438515587937,13.901149524244106,14.006722302831994,14.012070198708058,17.45691372744947,13.95383961903267,0.4861352172560811
L1 halo (Az~30k km),phase,7.0,202.0,0.7624881499382438,614,0.7244843713995349,0.24207775386491767,nan,0.6743782422540143,0.9878923743702608,0.9878923743702608,0.1898711523539307,0.98,15.089766456939826,15.086455733530192,15.068843515162268,15.086433539907949,15.07012955537112,14.772006746367815,14.705544099832817,16.384347505046968,16.402187250843472,16.381249630757665,16.386530674024403,16.383138930668476,16.734522413269058,17.70694587369903,18.06705356138952,17.971995439573455,18.04277345964193,18.44202242826648,18.031369182866392,18.614714327775683,17.70694587369903,0.060541562653812796
L1 halo (Az~30k km),phase,1.0,208.60416666666666,0.3105191672036644,32,24.680761682134865,1.4819418078137168,nan,0.6936119269435767,0.9007921439960559,0.9794618718513041,0.028705616321383628,0.9936569292529874,8.731367700388393,8.686641989852726,8.773272074449117,8.686329793580272,8.773835870344955,11.048859143182888,8.627828121948822,10.085423973744973,10.071483271375016,10.131965221495419,10.06608559373071,10.14334023877079,12.82819976552234,11.284229148238534,11.60180888643449,11.683533800933372,11.568149652140582,11.593182727329614,11.637327442647514,14.619230555131116,11.284229148238534,0.5795192787989082
L1 halo (Az~30k km),phase,3.0,208.60416666666666,0.3105191672036644,185,3.0646036093736537,0.8985838037914244,nan,0.6936119269435767,0.9845590410369275,0.9845590410369275,0.07407789930943391,0.9790292122410377,11.435420105456126,11.402108473404544,11.38429432211484,11.400222758304528,11.379527948841302,11.847314658255357,11.039666268330599,13.172526041179935,13.119763254789138,13.16327275178541,13.100443814783258,13.142050092978167,13.565201011986805,13.967877879846556,15.739277436928088,15.304688079913728,15.522696267337167,15.782838536803864,15.662272804565696,15.636874019750586,15.448905214243156,0.12992072473789854
L1 halo (Az~30k km),phase,7.0,208.60416666666666,0.3105191672036644,701,0.7514535122596385,0.627935571925875,nan,0.6936119269435767,0.9778923743702608,0.979118082073855,0.09417527344622634,0.9766666666666667,13.309484926857104,13.312819348980529,13.338794107453623,13.31069372096753,13.33325182185318,12.39352540290856,12.889518647080932,15.753114478455776,15.718153575924468,15.652435967679757,15.825011449136566,15.658317690898535,14.123939812521588,16.878253862966087,18.8678398875066,19.62211062906512,18.69399907632496,18.91354686451628,18.829754244450946,16.410823846070002,18.6287744240242,0.03157475879829386
L1 halo (Az~30k km),phase,1.0,232.0,0.2519665880478828,155,11.861541043667225,0.6542961051666802,nan,0.6824855593839764,0.9866666666666667,0.9878923743702608,0.050744565976100595,1.0,9.947451374759039,9.840390538565037,9.903379823956106,9.840073861329742,9.90206655809954,12.554700549548782,9.593882104271275,11.429430234732598,11.310699519392298,11.418189114982788,11.304306677963483,11.40660931524994,14.27062438666812,12.667793764357212,13.097205607261605,12.97218783280948,13.12608448839339,12.882056833906345,13.2534913587326,16.34171098982795,12.69028723151398,0.6403688606651649
L1 halo (Az~30k km),phase,3.0,232.0,0.2519665880478828,518,1.8221476601418298,0.40005231969004496,nan,0.6824855593839764,0.9912257077035941,0.99,0.10148913195220119,0.99,12.42192350213313,12.259494822949252,12.448816018100372,12.257270534917113,12.455516772118647,13.302957352081355,12.094996437079939,14.144492975631595,13.989838806164416,14.141337485308222,13.974764101655323,14.15997202488925,15.054293051963716,14.705544099832817,17.05146286134084,16.36016880947611,16.69521105348428,16.84617566370294,16.93548712111255,17.397265954702664,16.677213112563408,0.03918865859483158
L1 halo (Az~30k km),phase,7.0,232.0,0.2519665880478828,1186,0.44644713988423135,0.27935978456206295,nan,0.6824855593839764,0.9833333333333333,0.9854409589630725,0.17265466798474827,0.99,14.401254392078984,14.17703540252576,14.376337576044904,14.17716810795321,14.368566729829437,13.826285160708228,13.96701958110426,17.401433770299136,16.787291365318968,17.09723074262786,16.973045387529147,17.202366698257975,15.718787466159672,18.04970539269369,19.984782960519546,20.39417863445546,19.783193476548718,19.797009295026278,19.93446553513704,18.116491559814857,19.58696390025036,0.010465812019695656
L1 halo (Az~30k km),phase,1.0,238.94444444444446,0.8282347450220006,35,119.16091041633949,3.2629898758098492,nan,0.684755102178259,0.1678923743702608,0.9833333333333333,0.0,0.645598504770912,5.057893887206582,5.033656251587628,5.0940302397234465,5.031684180190998,5.093608040394538,10.012903580829793,4.854089110943005,6.760539564410382,6.714963420169439,6.709057249772586,6.695383943338517,6.727653147425299,12.26093813800354,7.517182047574651,9.027130951194804,8.782086794550127,8.994776640897362,9.291529708756501,9.110254250201713,14.265839928039982,9.138625046180362,0.6127739445569725
L1 halo (Az~30k km),phase,3.0,238.94444444444446,0.8282347450220006,134,14.615152479977555,0.8673696765711592,nan,0.684755102178259,0.5199102260699108,0.9833333333333333,0.029676404080345907,0.9690292122410377,8.234520767239056,8.157093391289134,8.246587855064172,8.161932135062923,8.24035115725931,12.57354219309975,7.902027782760423,12.537911648978103,12.963380106215947,12.384918205319474,12.624863609120279,12.547014378115316,14.565474704997817,12.703328015867223,13.635059638282048,13.916847308778317,13.534000579094453,13.6442739173757,13.636310530615097,16.513281063516512,13.348668959977731,0.6793184428729454
L1 halo (Az~30k km),phase,7.0,238.94444444444446,0.8282347450220006,330,1.650155518192006,0.510755597730278,nan,0.684755102178259,0.9836771231107824,0.9870104564441157,0.08601947482735849,0.9833333333333333,13.874773130045064,13.885065563706942,13.89030445777282,13.888296835191877,13.894507663188145,13.497305206961869,13.456246066439029,15.10519199400194,15.100368820659696,15.115946937319796,15.095250164954798,15.123898313612916,15.46642337315543,15.582385334578005,16.50197317140703,16.590345690529215,16.457898909966335,17.063536202481174,16.471863481124117,17.375667059383243,16.133769533308104,0.09636151767793347
L1 halo (Az~30k km),phase,1.0,262.0,0.7414450261575244,169,14.947167915325116,0.5485616256831627,nan,0.6724636198789752,0.8795664362924617,0.98,0.023333333333333334,0.9713917578154089,7.902834742309435,8.056230923359607,7.964889704849891,8.055612541219746,7.970245242480015,13.328477747773562,7.690290344918763,10.15806542224726,10.366752690533005,10.303343233301892,10.431694023562843,10.318345220062412,15.333711193063136,11.5026619024054,13.647995216889408,14.392156768310576,13.44624821588415,13.637875212250629,13.601546286361383,17.285465783861078,13.409420775519557,0.3390608547694215
L1 halo (Az~30k km),phase,3.0,262.0,0.7414450261575244,259,13.319174903832947,0.43750203377190433,nan,0.6724636198789752,0.9006875795548982,0.9766666666666667,0.016666666666666666,0.9753722829880503,8.189364535555749,8.303359849652088,8.22893405933679,8.303608735945328,8.22343152922616,13.728166952317054,7.965405870076706,10.874136166271168,10.952635631691573,10.875978047665347,11.071291251315602,10.900076704120142,15.715120180431741,11.876153022064544,13.944619581933503,14.51519741639707,13.74279063750526,13.867715393355857,13.899942763722281,17.67023990512497,13.767620887076541,0.3524210605679778
L1 halo (Az~30k km),phase,7.0,262.0,0.7414450261575244,745,0.5449194823983587,0.21373040801840057,nan,0.6724636198789752,0.99,0.99,0.28825317275566026,0.9733333333333334,15.440001788134422,15.483502925913374,15.46293045177384,15.483617500310359,15.463498216663677,14.971637948882234,15.152740596563874,16.749134875968196,16.83596653645008,16.80848931902538,16.822425731450345,16.8180830212558,16.937909292990916,17.730320296845285,18.36017546511209,18.433603997970554,18.397557212773368,18.708380240884285,18.408950532520322,18.813117828907146,17.903889364748032,0.045875237647392944
L1 halo (Az~30k km),phase,1.0,267.2361111111111,0.17595121650418377,35,50.05450435352999,1.5047299532095455,nan,0.6741747504375007,0.7508370309611004,0.9833333333333333,0.12297826390440236,0.9863430707470126,9.191619970813647,9.13773740933675,9.16832130968224,9.138054608807169,9.183129480862638,11.385816031263676,9.066946716470982,10.267947880406142,10.195013470163573,10.25586237561548,10.19783132175281,10.260507241115796,13.296021651694664,10.595306751616384,11.308275567480306,11.541794579633176,11.2998807315826,11.460556545235864,11.312258699325687,15.016929345929265,11.14091664154457,0.5044593023923785
L1 halo (Az~30k km),phase,3.0,267.2361111111111,0.17595121650418377,196,3.271514215483888,0.8189156819155611,nan,0.6741747504375007,0.97,0.99,0.21339923396084884,0.9833333333333333,11.597946425957002,11.587616230928424,11.614267658807437,11.588490131423788,11.617515638570168,12.409547435252165,11.36565105997685,13.138493829607725,13.1840899229555,13.146110867347586,13.163703551478354,13.161001951182795,14.217332846468599,14.039437068992658,15.139748527273321,14.91536729386993,15.059072932955765,15.05892063379603,15.187786595699253,15.971149549454552,14.617701183744193,0.02576930333690443
L1 halo (Az~30k km),phase,7.0,267.2361111111111,0.17595121650418377,762,0.8045954305635391,0.5970402972881733,nan,0.6741747504375007,0.99,0.99,0.31304416453191786,0.9866666666666667,13.394154805028224,13.405799687773051,13.41159640822354,13.403174022595836,13.416863095544755,12.927119246376334,13.123290830538288,15.091938262881778,15.156515628796793,15.10207400377744,15.14222366253913,15.120250944841663,14.685757907792263,16.088344963310078,18.287111364771054,17.953153815215728,17.972673135751386,18.15261994332561,18.23706395845594,16.557661065634008,18.281889925451836,0.003699183618924061
L1 halo (Az~30k km),phase,1.0,292.0,0.23092346426716087,133,14.547753596824624,0.6288932124833742,nan,0.6793238184711231,0.9787742922964059,0.99,0.07611684896415088,0.9993528081606918,9.840573038176174,9.856931360301424,9.825346461122798,9.85723581116965,9.82515804719979,12.690293959438412,9.593882104271275,11.285638260014288,11.27983138882193,11.27113595686839,11.275335092075215,11.260059371251604,14.407950971091077,12.665691153320596,13.007661733279186,12.915527220535779,13.01368406799641,12.826784171475094,12.94767278066754,16.43173042183413,12.685219431504676,0.6519121320278186
L1 halo (Az~30k km),phase,3.0,292.0,0.23092346426716087,482,1.8586669694225408,0.39438874762112974,nan,0.6793238184711231,0.99,0.9912257077035941,0.130841940112893,0.99,12.367665793432979,12.252293543772467,12.370927618555195,12.2500440751919,12.367386644419026,13.401332752221375,12.093741686993793,14.110194846653675,13.963830351121233,14.08736835474913,13.942464542569443,14.110452870762431,15.133739219223607,14.679653292472299,16.657825963817576,16.06210422747936,16.419690407757702,16.52395259479754,16.645096179017308,17.437498097911728,16.557739923836547,0.030809586713433954
L1 halo (Az~30k km),phase,7.0,292.0,0.23092346426716087,1272,0.4592730697499781,0.29161469345286933,nan,0.6793238184711231,1.0,1.0,0.201683880225786,0.9933333333333333,14.326217975383678,14.157304176160437,14.332371453611252,14.155143800117887,14.327828557254746,13.847261328299396,13.961441924690996,16.700441461692748,16.43894637473952,16.68834339836395,16.530720468657783,16.697612802431685,15.66570511622815,17.81335314944078,19.970995730006358,20.518474365107185,19.76394080647827,19.73486149546491,19.92699020541585,18.056104813347158,19.5924548551032,0.008026007895994922
L1 halo (Az~30k km),phase,1.0,297.625,0.6977006714127232,28,381.25643584597293,8.430934722346537,nan,0.6718562356290975,0.12348278473953558,0.9256352973343194,0.0,0.3680239973638368,3.9063950636234517,3.8186964090725155,3.9064597834319628,3.821196658814042,3.9075773619135483,8.19661936280412,3.729228094170155,5.260258618459763,5.1707624482859575,5.248754745980629,5.16167267981306,5.259661226876054,10.000592390770874,6.471494922955563,6.756642184195649,6.759519388689166,6.714860131599376,7.353450182026567,6.725454595025022,12.407235485767588,6.471494922955563,0.1060330445645544
L1 halo (Az~30k km),phase,3.0,297.625,0.6977006714127232,28,381.25734655499156,8.43095545199721,nan,0.6718562356290975,0.12348278473953558,0.9256352973343194,0.0,0.3680239973638368,3.9063925263231734,3.818693810524776,3.90645715012035,3.821194104575267,3.907574741083799,8.196615655243974,3.729228094170155,5.260255592685232,5.170759331232038,5.248751752737266,5.161669595455754,5.259658217761367,10.00058769697602,6.471494922955563,6.756647758733191,6.759515817711337,6.714854108597727,7.353445850183187,6.725448378713775,12.407230519718807,6.471494922955563,0.10603304410947846
L1 halo (Az~30k km),phase,7.0,297.625,0.6977006714127232,417,0.8911962045306933,0.5339180984876116,nan,0.6718562356290975,0.9954409589630725,0.9954409589630725,0.37828759987389887,0.9933333333333333,15.363006568922458,15.243903574963547,15.358952783714011,15.252541598118082,15.35539777910196,13.292924267383537,14.85312359023014,16.506027135104496,16.39402407587278,16.49429755336553,16.396602919020467,16.503738376924282,15.332084816663778,16.927354882348457,17.66102774561676,17.827439406254715,17.6366230933984,17.938372919246916,17.65632756665447,17.29116809112767,17.287635107037982,0.029174086668049534
L1 halo (Az~30k km),phase,1.0,322.0,0.7204019023768025,136,20.80334903348245,0.5835291563870662,nan,0.6715628054905993,0.8829895435558843,0.9933333333333333,0.0350486870683962,0.9617153537350629,7.807573097111844,7.584814574190822,7.809330999836397,7.58255123210353,7.8016743763094345,13.178699655695306,7.494696641444286,9.78341893203224,9.465895127478765,9.777573296017826,9.472967509706988,9.776781128455736,15.206512144689526,10.551866640934039,13.294422632000488,14.262022972947266,12.889325888659261,12.926906923586992,13.21448381447288,17.16704374303577,12.863802384416248,0.21190928173846216
L1 halo (Az~30k km),phase,3.0,322.0,0.7204019023768025,164,20.062695346180696,0.5311871524065106,nan,0.6715628054905993,0.8224514154071882,0.9933333333333333,0.039029212241037725,0.9647250911487422,7.884017411958789,7.654609196268762,7.883576630989701,7.652251136145551,7.884343850474504,13.351763964128162,7.527582667926468,9.894993554900221,9.55982477161661,9.897692901630819,9.572092065203568,9.888048494581698,15.369680327669318,10.577185014223051,13.388614666669973,14.298668794299862,13.035261627300454,13.02156403820754,13.340364513018232,17.32568527992006,12.966976305484662,0.21396451279030487
L1 halo (Az~30k km),phase,7.0,322.0,0.7204019023768025,768,0.4920415689170348,0.2467108060667092,nan,0.6715628054905993,0.9954409589630725,0.9966666666666667,0.33650634551132047,0.9966666666666667,15.823439040271037,15.687849306167239,15.81416115704051,15.68890169958453,15.814944970259521,14.707332472929332,15.400397956142358,17.171057563428924,17.02375221591918,17.168889497128074,17.010415731248187,17.16720971653449,16.675144269863335,17.72463617656623,18.668116556829958,18.61173656091462,18.57965190641853,18.562416058834586,18.657023173447026,18.599929484174694,18.0280898599559,0.029196162736803262
L1 halo (Az~30k km),phase,1.0,336.88194444444446,0.9553445627674291,14,415.12279156619576,12.315344264494827,nan,0.695711751851596,0.09402091288823153,0.9954409589630725,0.0,1.0,2.6072812825569267,2.6161970654151063,2.5987579796751263,2.6156412035629986,2.5964163557408133,7.479010234035392,2.4419850444139932,4.120153931217757,4.102349985976875,4.091822683307568,4.089596923617664,4.105267687070061,9.88920997436507,5.342444692079486,6.034229014655163,5.818124803851301,5.949646707984612,5.793387460042032,6.1181993254108775,11.952894677345103,5.672313374985807,0.28876548385650563
L1 halo (Az~30k km),phase,3.0,336.88194444444446,0.9553445627674291,14,415.1206650829977,12.315217974948222,nan,0.695711751851596,0.09402091288823153,0.9954409589630725,0.0,1.0,2.607392310928541,2.616276016255317,2.598887668710411,2.615720155079317,2.5965454880820595,7.479031939252788,2.4419850444139932,4.120237958512335,4.102434502979976,4.091905538929114,4.089679718184368,4.105351314543667,9.88923006634248,5.342444692079486,6.034480135201721,5.81821425299427,5.949777503335386,5.793492188561035,6.118713873655696,11.952912710316069,5.672313374985807,0.28880513856502216
L1 halo (Az~30k km),phase,1.0,352.0,0.2098803404864441,111,17.49790235532298,0.6807743022582751,nan,0.6767762806463018,0.9745590410369275,0.9878923743702608,0.05407789930943392,0.9933333333333333,9.942300654818519,9.882368975358084,9.959838127204169,9.883309352686831,9.960303915351494,12.629252996403245,9.648781900148665,11.288203097395717,11.255970425046486,11.307009645316224,11.25000987095988,11.31801985721675,14.369266515043066,12.419502143318484,12.74314650384034,12.861492385680993,12.736142584283455,12.798678001811101,12.644036066549104,16.27254575099125,12.419502143318484,0.6136187704599978
L1 halo (Az~30k km),phase,3.0,352.0,0.2098803404864441,398,2.0012556489189524,0.4392135877227506,nan,0.6767762806463018,0.9933333333333333,0.9966666666666667,0.12255729384795587,0.9966666666666667,12.342108179918775,12.177615194141776,12.342854993626643,12.177019768621683,12.348614846136481,13.316058990231994,12.108807283067934,14.090301153919832,13.866518973533614,14.083051179093559,13.845355408578447,14.056935009964555,15.027300243358525,14.666664882678859,16.59471371470781,15.805065641050492,16.345071327076443,16.208160212636486,16.585623456346973,17.20279451846145,16.380133014770006,0.024107392736792133
L1 halo (Az~30k km),phase,7.0,352.0,0.2098803404864441,1202,0.4959990243403868,0.3415666371070101,nan,0.6767762806463018,1.0,1.0,0.18974230470786144,0.9966666666666667,14.3392070953276,14.070596622049068,14.318410465045007,14.067970023857132,14.310036077459499,13.689568399050662,13.97539024406082,16.56180288319421,16.08081723239484,16.57079600101035,16.10224751211014,16.576829336348833,15.42681575227983,17.733487954524993,20.083856759868205,20.60727958940334,19.780837077092865,19.542929976792713,19.9883509903347,17.751858246334812,19.58696390025036,0.005988191626873273
L1 halo (Az~30k km),blackout,1.0,16.59722222222222,0.3772808951407055,103,18.483490381440635,0.80689772054319,2.888888888888889,0.7072434572294783,0.9833333333333333,0.9945590410369275,0.01902921224103772,0.9933333333333333,9.206684054011445,9.139194601066828,9.20338953627248,9.138649500557037,9.206562627908243,11.763769619764282,9.051439017523979,10.761660382221349,10.738194821964294,10.766836667552738,10.728028323350726,10.759774389562073,13.51390100060308,11.92368415431532,12.628270695136361,12.467129735455439,12.583499235347086,12.406118181629157,12.676139987143074,15.855271579163436,12.242196420113048,0.7694529992229575
L1 halo (Az~30k km),blackout,3.0,16.59722222222222,0.3772808951407055,255,2.5096304561253135,0.5091134178374328,2.888888888888889,0.7072434572294783,0.9866666666666667,0.99,0.05375430338977983,0.9833333333333333,11.724233970849763,11.687216220132438,11.692665321878033,11.685113558169755,11.698462279761657,12.440034757251581,11.5026619024054,13.61348461145145,13.568695726687363,13.560541720881204,13.58108896464487,13.583068747769012,14.378021207748612,14.340114590636926,17.44820344613347,18.327224194508204,17.037728090979844,17.04790529586028,17.314234910568313,16.77789868386602,17.05899039799403,0.13431584369506294
L1 halo (Az~30k km),blackout,7.0,16.59722222222222,0.3772808951407055,311,1.1978635369500525,0.45450397965545997,2.888888888888889,0.7072434572294783,0.9912257077035941,0.9933333333333333,0.048382020401729536,0.98,12.450206724860376,12.539940252263174,12.418754761361253,12.538676603517505,12.423989360999204,12.607873615544213,12.183658815785835,15.052122758745186,14.982206801114646,14.955303967082665,15.088910513115135,14.993132418438863,14.611966002225975,16.088344963310078,18.48579624333966,18.84003851676648,18.178823561359337,18.142966611787912,18.39078499869861,16.99272216852271,17.861931247262717,0.07624000542279805
L1 halo (Az~30k km),blackout,1.0,28.65277777777778,0.37768241567466826,72,17.1593530697034,0.7866632741054829,3.0833333333333335,0.707316706006557,0.9554409589630726,0.9833333333333333,0.031068161895754683,0.9966666666666667,9.225718877495536,9.142396849773577,9.15402978495446,9.14483294521141,9.151140253055457,11.79989314261391,8.94362525271861,10.846481001195524,10.743013009532541,10.807546344381004,10.736896334041825,10.78895133223249,13.55685342501141,12.101493695420872,12.596465133395673,12.474187000327039,12.615776872506563,12.415263066747547,12.63075200422568,15.909582927739217,12.233816717272237,0.8769014857922766
L1 halo (Az~30k km),blackout,3.0,28.65277777777778,0.37768241567466826,282,2.122549348878404,0.5058782024074652,3.0833333333333335,0.707316706006557,0.9921076256297392,0.99,0.04708763672311317,0.9866666666666667,12.069911328612328,11.958563493845205,12.062889211464725,11.956179295966837,12.068127603287369,12.447948932875116,11.654012651494277,14.114452667193929,13.926355970211052,14.09832801097272,13.938485884847411,14.10042651907069,14.390967238716936,14.85312359023014,17.582142510019757,18.51100296672409,17.216706103849777,17.455938385527666,17.476621877915612,16.790181271966983,17.150083139796497,0.10765617651600981
L1 halo (Az~30k km),blackout,7.0,28.65277777777778,0.37768241567466826,988,0.4837642850247848,0.356376475855771,3.0833333333333335,0.707316706006557,0.9921076256297392,0.9921076256297392,0.0700973741367924,0.9833333333333333,14.411488386748104,14.240475655066351,14.268414251597733,14.2468861244165,14.264289105829011,12.973557575000687,13.933587035959802,18.266166173298394,18.629003836556826,18.12403229113398,18.540040032090516,18.21110571147818,15.141834998467196,17.877504200101328,19.386758909527476,19.633380862034304,19.280402889458745,19.37993016647775,19.346431494937534,17.438432358631896,18.755257611250983,0.030335276197316127
L1 halo (Az~30k km),blackout,7.0,31.75,0.6346980136660358,408,2.2239323157843973,1.62830938671035,11.847222222222221,0.6798288332163052,0.9878923743702608,0.9942152512594784,0.07550113063411959,0.99,14.745252695580609,12.919845507819943,14.6622830395446,13.18779264509885,14.74692442964915,10.707175122126955,14.271545526303463,15.897476073343595,15.882281042030954,15.847995230363239,15.883894384450418,15.890282928628393,13.10436324404593,16.088344963310078,16.858252536717107,16.983857033893837,16.82294178438049,16.869396484885566,16.87830850522705,15.242337859828794,16.300033621331746,0.22165728659623296
L1 halo (Az~30k km),blackout,1.0,52.8125,0.382519333755512,176,8.682468779273147,0.5969835911781686,2.9027777777777777,0.7081830104828416,0.9557847487405217,0.98,0.025372282988050297,0.9836569292529874,9.33820097589595,9.400555627219974,9.315163703377348,9.402194347122188,9.31792975388128,12.189552113449471,9.08487323303261,10.921756097317772,11.036628422637442,10.934740999530636,11.028106585707137,10.943908769425049,14.051331540758964,12.067421983517868,12.784828375959211,12.800096396865902,12.668307736090476,12.765298204403912,12.754840448570484,16.458762931334203,12.715194902942086,0.7451566366329572
L1 halo (Az~30k km),blackout,3.0,52.8125,0.382519333755512,603,1.5999584372780338,0.3682750248148523,2.9027777777777777,0.7081830104828416,0.9754409589630726,0.9754409589630726,0.05773482856242135,0.9766666666666667,12.202345869114064,12.39652039730448,12.226668094056345,12.394784425748728,12.221812849353872,12.907891080318828,11.92368415431532,14.482753413574308,14.72691044625905,14.430062057142056,14.818525473128815,14.440793496689606,15.071495788078057,15.582385334578001,17.91634777034117,18.730421538836275,17.75271972460968,18.029677699641482,17.891463701001772,17.37020698593799,17.70694587369903,0.08084429697594837
L1 halo (Az~30k km),blackout,7.0,52.8125,0.382519333755512,1217,0.3822743228125663,0.26785706037607027,2.9027777777777777,0.7081830104828416,0.9821076256297392,0.9821076256297392,0.0854696571248427,0.98,14.672745628187794,14.929048222309461,14.74890727313472,14.947592242063848,14.747346548069345,13.417491565533481,14.386010228702723,18.514617959194766,18.776237613617525,18.451775804244637,18.729514864152126,18.515302686935822,15.751938554552813,18.576325176744785,19.513258123978943,19.83784029115281,19.459631771906068,19.59662869320053,19.514799931134377,17.94535751851593,19.11830966569939,0.025023353120655675
L1 halo (Az~30k km),blackout,1.0,60.770833333333336,0.04292264165581111,24,27.119955078867026,1.1886593529595577,10.465277777777779,0.6836854738039645,0.7090731951088104,0.9766666666666667,0.02194157551792456,0.8528149891400945,9.686485120244473,10.21811178819025,9.578841883466035,10.19682174570608,9.652914734548395,11.96723980295053,7.83915397382209,10.919396584485582,11.169965223569873,10.872552191518091,11.186269677531218,10.8969110863612,13.922884926630504,11.23027218509653,12.085157202022977,12.344296650810284,12.035839390262963,12.387495242877728,12.042813126834163,15.734812700789515,11.838264572657828,0.1878443962395917
L1 halo (Az~30k km),blackout,3.0,60.770833333333336,0.04292264165581111,143,3.972242187479385,0.7404123136691116,10.465277777777779,0.6836854738039645,0.8696113232575062,0.9921076256297392,0.08,0.9793213346514149,11.959981428960914,11.81498723338833,11.93285833556536,11.815139099828071,11.93310680309306,12.773676460036443,11.587795937294787,13.362957395419146,13.160135025440834,13.333493173738683,13.148083609379652,13.319416035934582,14.695563880647667,13.956244420504273,15.020758221973425,14.751093209777697,15.021595288804741,14.545380305763155,15.057666835973734,16.434133374768802,14.640319963225833,0.06994845745744183
L1 halo (Az~30k km),blackout,7.0,60.770833333333336,0.04292264165581111,361,1.643664071276506,0.5704403422516503,10.465277777777779,0.6836854738039645,0.9640209128882316,0.9933333333333333,0.12504868706839622,0.9933333333333333,12.969945697094836,12.76117568303272,12.942660825580253,12.762173524107304,12.939109407604569,13.21825566618914,12.680153655294866,14.570639871723898,14.295797842960877,14.549186900556915,14.274039187150755,14.525644046412939,15.10279130878274,15.35348953010344,16.17657439932255,15.991655569601066,16.13814060879244,16.03752138998137,16.237292513596483,16.82005587881039,15.89671299886511,0.028932981085218062
L1 halo (Az~30k km),blackout,1.0,76.88888888888889,0.3804410339784798,141,9.923888332753835,0.7223103783736529,2.8958333333333335,0.7078145074942739,0.9633333333333334,0.9712257077035942,0.009676404080345907,0.99,9.250064763806794,9.297767819682553,9.213394764411072,9.29748931316965,9.210846974539908,11.916827147978951,9.051439017523979,10.879151180569698,10.920430145322744,10.87667957861223,10.909912261937295,10.860416820966407,13.700594305689451,12.090580294073439,12.788748742181662,12.6656537338524,12.75628626899167,12.60510809391864,12.718626769437114,16.092102193377514,12.459250847676769,0.8917460718282886
L1 halo (Az~30k km),blackout,3.0,76.88888888888889,0.3804410339784798,376,2.142879816587335,0.4555344693178002,2.8958333333333335,0.7078145074942739,0.9945590410369275,0.9966666666666667,0.04945018229748422,0.98,12.048460180056837,11.921670132196432,11.98116803387311,11.919235736027213,11.9745644194806,12.593112307375508,11.613458805340526,14.096478912037432,13.891402704153498,13.98952059813769,13.904690242527579,13.975325364500218,14.608275954507354,14.793914894950433,17.456451819118747,18.468063138026686,17.12175876954365,17.40568612265204,17.38909566000744,16.98481532322178,17.150083139796497,0.11339570878060493
L1 halo (Az~30k km),blackout,7.0,76.88888888888889,0.3804410339784798,516,0.727623182572956,0.36774390686340197,2.8958333333333335,0.7078145074942739,0.9945590410369275,0.9945590410369275,0.08375430338977984,0.9896764040803459,13.528522949183914,13.3193501104981,13.47970205474676,13.318104693126768,13.472858733672108,12.916680457640174,13.029277436841639,17.570404255052527,18.18445430666941,17.220633949384148,17.757676002052463,17.48877588173841,15.073616865229644,17.743356571665554,18.889208916055686,19.216611784387126,18.761622212114773,18.93482544511688,18.85742844270071,17.375969753476546,18.6287744240242,0.04804073545947477
L1 halo (Az~30k km),blackout,1.0,88.78472222222223,0.36758838684202694,34,33.517498595536,0.8903829877905579,11.083333333333334,0.705419975740013,0.8950971691856234,0.9866666666666667,0.015048687068396202,1.0,8.454845402938144,8.302224885836337,8.494206574822606,8.301056670702003,8.496045206298309,11.652756206051274,8.224042382407152,9.890466116258892,9.752256850371905,9.926755903134518,9.750095481989462,9.942289082660269,13.37392885865297,11.14091664154457,11.421005037613549,11.40433841886179,11.430836554294222,11.311232443795106,11.448517750442539,15.645575055477684,11.176573223970722,0.4789617392228891
L1 halo (Az~30k km),blackout,3.0,88.78472222222223,0.36758838684202694,166,2.9815409915751605,0.5479901362169198,11.083333333333334,0.705419975740013,0.99,0.99,0.04074456597610059,0.9843041210922956,11.603053415701792,11.543072120670313,11.599010248698407,11.541147371774711,11.60499713145043,12.368238298346157,11.23027218509653,13.398620968256749,13.354433237977231,13.384692471276932,13.353029403362159,13.408736103121674,14.236581113398328,14.125713863732836,17.335609362523147,18.247354870824076,16.889791405891813,16.718277670314112,17.25177523861903,16.641252827340466,16.93613794068832,0.1438879906461659
L1 halo (Az~30k km),blackout,7.0,88.78472222222223,0.36758838684202694,739,0.5532193115829633,0.3936695900713838,11.083333333333334,0.705419975740013,0.99,0.99,0.09912658637783012,0.9933333333333333,14.064702448656512,13.881272571283315,14.04712859159341,13.886436489247863,14.054812938093447,12.857417372254238,13.53858412089884,18.320215647186153,18.591844938065396,18.18075510196402,18.284905421751045,18.323412158871157,14.920279186881968,17.903889364748032,19.337823565731757,19.55002464426313,19.25925258643921,19.290818694902878,19.352072636613478,17.26951591840928,18.744024011517055,0.03298084303642104
L1 halo (Az~30k km),blackout,1.0,100.875,0.3708712481436652,25,157.27022595736813,4.237051990068287,2.9930555555555554,0.7060488215728264,0.9754409589630726,0.9933333333333333,0.024401495229088018,0.987637454425629,8.02672633363656,8.144244824926664,8.032605521711078,8.144466609859457,8.032336626346572,9.114581749406012,7.902027782760425,9.435810466860216,9.560842458694314,9.449100769869078,9.55537058506959,9.44024220626485,11.017122423013552,10.640747045214047,11.04921401032832,11.201153877124765,11.099035691420223,11.111894399242788,11.03908004326817,12.735914810469307,10.640747045214047,0.4395846464890123
L1 halo (Az~30k km),blackout,3.0,100.875,0.3708712481436652,25,157.26039451107758,4.2368565131605695,2.9930555555555554,0.7060488215728264,0.9754409589630726,0.9933333333333333,0.024401495229088018,0.987637454425629,8.026734360632876,8.144253040701559,8.032613289115861,8.144474826711143,8.032344436313572,9.114658781962786,7.902027782760425,9.435821758471494,9.560853918258383,9.449111713633002,9.555381897227747,9.440253167063574,11.017192319977584,10.640747045214047,11.049229669557219,11.201166033977502,11.09904857016441,11.11190506727392,11.039094425437334,12.735983412685883,10.640747045214047,0.43958810632779427
L1 halo (Az~30k km),blackout,7.0,100.875,0.3708712481436652,25,156.1945939379171,4.2156426228634984,2.9930555555555554,0.7060488215728264,0.9754409589630726,0.9933333333333333,0.027411232642767257,0.987637454425629,8.027632130483466,8.145167886502575,8.033481686909013,8.14538974875022,8.03321748501892,9.123043727374178,7.902027782760425,9.43707968718387,9.56212707456215,9.450330400720876,9.556638619818019,9.441473711713963,11.02479968039832,10.640747045214047,11.050939682844827,11.202517420351034,11.100473916843105,11.113088166951817,11.040667049450965,12.743449464297917,10.640747045214047,0.43997682326971876
L1 halo (Az~30k km),blackout,1.0,112.9375,0.3718490368002494,134,10.648363380495194,0.7119505810309588,3.1875,0.7062340011138664,0.9445590410369274,0.9766666666666667,0.031391757815408775,0.9936569292529874,9.214831772383343,9.215830794512028,9.17060691399176,9.218634766453205,9.168114102972094,11.970452421388437,8.94362525271861,10.859224306857397,10.816943675389826,10.816623414870199,10.81042643175808,10.799885888808623,13.741481523474377,12.096376812536413,12.632543327192478,12.546592060747697,12.628987066838375,12.48647252394405,12.641457285028244,16.122973615241015,12.150334513762958,0.8373959050024661
L1 halo (Az~30k km),blackout,3.0,112.9375,0.3718490368002494,472,1.890494934723935,0.44124456109498583,3.1875,0.7062340011138664,0.99,0.99,0.050744565976100595,0.9766666666666667,12.048065520782677,12.163754303121628,12.02161394720761,12.161381513356826,12.016669090336196,12.672095694025465,11.741391244262035,14.051181955199256,14.21731063074038,14.020832918189777,14.257027529176996,14.00838486945719,14.674160520759912,14.900661117223741,17.500275304515956,18.673177897424694,17.20458632835055,17.693438029257674,17.421182088528557,17.0534766344167,17.204972102057397,0.09142283221017383
L1 halo (Az~30k km),blackout,7.0,112.9375,0.3718490368002494,1122,0.4059298399519691,0.3333605812471531,3.1875,0.7062340011138664,0.9833333333333333,0.9833333333333333,0.09579325304449679,0.9666666666666667,14.303010459064225,14.610710876036562,14.275762217965141,14.623730288608371,14.27246519892818,13.094397621162832,14.017318869127555,18.311278769087302,18.803105781673768,18.21205087939149,18.721082749951943,18.283821040731496,15.288103133043073,18.576325176744785,19.383282266427493,19.833176065792635,19.3230445644564,19.52679273374983,19.364595792997346,17.573081185924025,18.875502394954584,0.02508831599204026
L1 halo (Az~30k km),blackout,1.0,120.79861111111111,0.024184590481503565,12,33.97835099548828,1.598211865528448,9.458333333333334,0.6867650921163885,0.6067712311078243,0.9833333333333333,0.01097078775896228,0.7179925238545599,7.847987773741222,7.544540058925288,7.736828975218875,7.586634590274221,7.746206292211073,11.475709604954494,7.295330597301211,11.041498748610968,11.112699088144337,10.98293263808741,11.117234248212146,11.021841489618048,13.43649969224183,11.060301437793687,12.015457967053957,12.19944430375368,11.986597021616502,12.025170836062777,12.029298840809025,15.33125746401821,11.92368415431532,0.10261718894248772
L1 halo (Az~30k km),blackout,3.0,120.79861111111111,0.024184590481503565,92,5.759053070015253,1.1237113771441565,9.458333333333334,0.6867650921163885,0.7966217797016221,0.99,0.053009737413679245,0.9835280816069182,11.624408615800785,11.530744903158,11.625695010677125,11.533020541120248,11.629802170067022,12.07852022070412,11.5026619024054,12.823896748118216,12.747072161679139,12.827096648221215,12.73746650442279,12.83657189151121,14.031768686457397,13.49539202337785,14.186813095064545,14.241863836994227,14.171703535675721,14.76339062353806,14.201871945069016,15.860019950253285,13.965425737647777,0.14334630504709214
L1 halo (Az~30k km),blackout,7.0,120.79861111111111,0.024184590481503565,212,2.7992884374010565,0.9154711780994391,9.458333333333334,0.6867650921163885,0.9059342001467239,0.99,0.06601947482735848,0.99,12.300693398351024,12.223726643829666,12.304416852159322,12.223074762263805,12.30559748880616,12.42483521828875,12.086717491658273,13.693444164798821,13.612963731523093,13.690446346431461,13.596289490579796,13.695245990637671,14.370335017179588,14.635677362032482,15.523738856916815,15.231059068013836,15.464897264758614,15.463460246824317,15.505265857240218,16.16894400012288,15.152740596563874,0.05724921968045746
L1 halo (Az~30k km),blackout,1.0,137.08333333333334,0.375533418597208,148,8.911074270746099,0.771441185634121,2.9722222222222223,0.7069224071232483,0.9475485845928117,0.9866666666666667,0.01601947482735848,1.0,9.360398552865034,9.190995347283772,9.359977443546072,9.194061602206638,9.363772850332209,11.836611631792158,9.099772499056453,10.951515650562675,10.794816486485294,10.940790710206755,10.788414253296507,10.945080400395117,13.595360502527237,12.090580294073439,12.754085263941223,12.52625877711691,12.624400904870601,12.465574905942498,12.797637596629869,15.952029598053974,12.715194902942086,0.863169935628812
L1 halo (Az~30k km),blackout,3.0,137.08333333333334,0.375533418597208,403,2.1574539742201955,0.4643667072150496,2.9722222222222223,0.7069224071232483,0.9912257077035941,0.9954409589630725,0.0550486870683962,0.9833333333333333,11.991322841272343,11.974314426584343,11.971439077536097,11.971892586270389,11.965496258624608,12.58234186467998,11.669256826829493,13.987166821680548,13.937316610269113,13.955824709438486,13.948615031113837,13.93949457616759,14.567184821280222,14.900661117223741,17.68017288451999,18.538320390763353,17.33137555111606,17.465313984668477,17.635522024449177,16.955975391504683,17.287635107037982,0.10558892580965236
L1 halo (Az~30k km),blackout,7.0,137.08333333333334,0.375533418597208,684,0.5153148554380322,0.3378864007016999,2.9722222222222223,0.7069224071232483,0.9942152512594784,0.9963228768892176,0.12750860677955966,0.9833333333333333,14.075451536758413,14.001178027144164,14.041608763605092,14.003241205609802,14.036156571399156,13.062049909038882,13.522370908443474,18.08454225233018,18.566497466718857,17.976291558718493,18.37832136953111,18.073279955844452,15.259482324476824,17.92039986398872,19.27066824352917,19.549166179189786,19.18915804221851,19.32659243850408,19.25498219269239,17.541361667915876,18.76810425503495,0.03304957760445489
L1 halo (Az~30k km),blackout,1.0,149.19444444444446,0.38054508434399426,26,29.371762452152613,2.2068141991481647,9.45138888888889,0.7078330929380526,0.9149028308143766,0.9766666666666667,0.00699026258632076,0.9936569292529874,8.082732573401882,8.077000621000295,8.07109192277035,8.07790668012994,8.071682146057526,10.18408760174803,7.870528095018716,9.474760112792561,9.516945303977794,9.456960047201463,9.512475213390289,9.46670997499244,11.967965527719885,10.668104710675017,11.063255787875965,11.160154804779685,11.072923252000402,11.079418027430473,11.035010067792452,13.761315810794327,10.668104710675017,0.41571540041156796
L1 halo (Az~30k km),blackout,3.0,149.19444444444446,0.38054508434399426,129,4.515196095009469,1.0691610428105893,9.45138888888889,0.7078330929380526,0.9912257077035941,0.9945590410369275,0.060097374136792406,0.9866666666666667,10.986420168214824,10.851688556437589,11.001004411339974,10.849774554433845,10.994723811862004,11.331479553705714,10.704691042841556,12.788334257988637,12.593001479906784,12.815238070756164,12.581590907750474,12.79067583681092,13.045748988810326,13.366640747367118,15.967558536223924,15.161864897161013,15.552380011793351,15.574583773469957,15.972343410298185,15.260478209625402,16.088344963310078,0.27179310737626083
L1 halo (Az~30k km),blackout,7.0,149.19444444444446,0.38054508434399426,555,0.7989311883301145,0.611698700068569,9.45138888888889,0.7078330929380526,0.9966666666666667,0.9966666666666667,0.09579325304449679,0.99,13.359711723533204,13.210956212443836,13.352603154336538,13.214594280335668,13.348995834669926,12.161504867432248,12.904973074835315,17.549440115308233,18.125476759339783,17.268019453285124,17.59141949725984,17.614680335275384,14.003978119439244,17.740043416676908,18.872700337920847,19.164031070771763,18.76842679880533,18.800265235407608,18.88801877334214,16.412697310141972,18.653911169507865,0.05100400782580452
L1 halo (Az~30k km),blackout,1.0,160.97222222222223,0.35789587854334853,50,22.238330412309306,1.1133607045240606,3.298611111111111,0.7035071702946948,0.6586248408902036,0.9678923743702608,0.009352808160691815,1.0,8.103884525381508,8.080037193448781,8.113081354702532,8.083118578308108,8.112866790373953,11.345995169898613,7.866038401653389,9.45211016967475,9.463296919908164,9.4569232134204,9.457873737373136,9.466526379661016,13.059391470633178,10.61951737376893,11.252480551541213,11.073113541190448,11.223247568452656,10.993550189164383,11.232151269399745,15.16387997164264,10.98824662058301,0.41988819258627363
L1 halo (Az~30k km),blackout,3.0,160.97222222222223,0.35789587854334853,92,8.16746000323421,0.8594114898345028,3.298611111111111,0.7035071702946948,0.9694618718513041,0.9921076256297392,0.02472509114874211,0.9933333333333333,10.541341116415188,10.43358631797932,10.56449748227728,10.432531433156543,10.569986831352704,11.739904797146746,10.203707304152685,12.191042284670093,12.127303730354779,12.204276208014967,12.11268157047598,12.224759975301147,13.462573454648052,13.291761319327348,14.667038588502239,14.07635548829903,14.475266433972415,14.426153033167038,14.606160081500908,15.722081393809011,14.617701183744193,0.3828593430383854
L1 halo (Az~30k km),blackout,7.0,160.97222222222223,0.35789587854334853,92,8.167411932559691,0.8594059935251588,3.298611111111111,0.7035071702946948,0.9694618718513041,0.9921076256297392,0.02472509114874211,0.9933333333333333,10.54134542478421,10.433590929756086,10.564501704871747,10.432536035719473,10.569991059953859,11.739914356494914,10.203707304152685,12.191046124570793,12.127308555584701,12.204280015043249,12.11268643662053,12.224763768381893,13.462583861300427,13.291761319327348,14.66704530169387,14.076362750736928,14.475274040350412,14.426177830137432,14.606166344396676,15.72209521266708,14.617701183744193,0.3828566540618809
L1 halo (Az~30k km),blackout,1.0,173.1875,0.3715515666704435,116,11.507589654038489,0.668831477687897,3.2708333333333335,0.7061777710471143,0.8754409589630725,0.9766666666666667,0.028382020401729536,0.9936569292529874,8.862914391876021,8.857579858902376,8.86899565042696,8.859055972318028,8.866996711587758,12.066189743579075,8.69168480369655,10.44448238601962,10.41182783365037,10.429601941459444,10.404600876929342,10.443905387696434,13.850196907265563,11.613458805340526,12.034918441361238,12.113942585109363,11.992093087655917,12.037215143829652,12.046152074067635,16.244331958035747,11.669256826829493,0.6856181435796159
L1 halo (Az~30k km),blackout,3.0,173.1875,0.3715515666704435,398,2.1649281420952518,0.43803395236396986,3.2708333333333335,0.7061777710471143,0.9924514154071883,0.9912257077035941,0.054401495229088014,0.9933333333333333,12.13215025594068,11.97237973611227,12.139679480167942,11.970292164918172,12.147061340478864,12.684025632881703,11.641324385452156,14.210882660785444,13.915454423270862,14.19217387885405,13.942376297572364,14.218062097980795,14.689802110739887,14.972252830179778,17.849014411580974,18.571376265356555,17.505640305860574,17.44372744859698,17.81094427865316,17.067210432367947,17.370695274673167,0.10423066072927492
L1 halo (Az~30k km),blackout,7.0,173.1875,0.3715515666704435,1045,0.4438993668217081,0.328306689586475,3.2708333333333335,0.7061777710471143,0.9966666666666667,0.9966666666666667,0.08708763672311316,0.99,14.613958272706988,14.389411911258422,14.670416855820589,14.40747244454544,14.666148641021016,13.118752812345615,14.000532345008759,18.47087414180977,18.73302987003513,18.38363610830067,18.640616841490004,18.47700245639943,15.322163982545934,18.0280898599559,19.48729965436612,19.743045992703582,19.43801583535096,19.424523911883636,19.497657702161366,17.60237880436366,18.961863230560976,0.027381043794093472
L1 halo (Az~30k km),blackout,1.0,179.90972222222223,0.9293791426000583,32,34.77397891118939,1.1903697543012093,9.36111111111111,0.6965785268808602,0.485739861775477,0.9933333333333333,0.016343070747012575,0.9467325672941822,6.979372528745162,6.790487630395888,7.03628094252402,6.796277091496064,7.029476601371751,12.019901344218079,6.814311802723484,11.152149904880392,11.69088307070021,11.00564334395757,11.287041440360978,11.162182792293972,13.9915447535066,11.518425077908956,12.375610558233065,12.630243936250995,12.27731416711553,12.337554249931847,12.372606704680214,15.91856939945824,12.146553433261426,0.43214561453173245
L1 halo (Az~30k km),blackout,3.0,179.90972222222223,0.9293791426000583,151,5.886544082100622,0.6944536586222556,9.36111111111111,0.6965785268808602,0.694663605478085,0.9854409589630725,0.04236254557437106,0.9560539019455971,12.048402867299007,12.095918592785306,12.048870821791743,12.099556593220731,12.066139327767276,12.944285142145832,11.741391244262035,13.116410033888215,13.136763961111201,13.110790481366582,13.13557700754168,13.115980101617323,14.903015182082004,13.334645315727515,14.30066199099303,14.471008712628178,14.285117279138902,14.760710729819404,14.281498878606303,16.764849074995567,14.051942762156926,0.22488214654908045
L1 halo (Az~30k km),blackout,7.0,179.90972222222223,0.9293791426000583,233,2.634014060227137,0.5715037080561405,9.36111111111111,0.6965785268808602,0.9108370309611005,0.9866666666666667,0.05601947482735848,0.98,12.780976953654331,12.791334403416862,12.794240455733508,12.794080700700116,12.797464196926677,13.28106502159839,12.659910772291589,14.031171449237384,14.035670132884444,14.051471949340751,14.02338999942466,14.050944728185032,15.233441577379134,14.85312359023014,15.458015560933072,15.554954385066537,15.502674588323153,15.288476447404394,15.453494600078,17.056564986158854,15.044188512663316,0.09563173648944162
L1 halo (Az~30k km),blackout,1.0,197.40277777777777,0.380998630041393,155,7.797062271726065,0.6050995627598947,2.9444444444444446,0.7079139391734535,0.959118082073855,0.98,0.022362545574371055,0.9839805251726415,9.558781232621696,9.554238341895939,9.563839678068423,9.555502795645392,9.560279101021546,12.175493055326987,9.215601444414677,11.229221322670606,11.201464974230523,11.204894353488333,11.192425396567574,11.206133360783586,14.02535229329341,12.2862841197255,13.228943974076502,12.98629122540812,13.17180657302345,12.986143731500773,13.147752006084357,16.433521136421994,12.889518647080932,0.6588526215724545
L1 halo (Az~30k km),blackout,3.0,197.40277777777777,0.380998630041393,412,1.8284615701849511,0.43552030459507696,2.9444444444444446,0.7079139391734535,0.9924514154071883,0.9945590410369275,0.07375430338977983,0.9736569292529875,12.106778661043508,12.136649616365439,12.087788219775513,12.134831223983069,12.082109064488872,12.658189882952106,11.741391244262035,14.186431754350448,14.241421089135967,14.150257249354292,14.285022520767466,14.141236585189956,14.704805655685053,14.972252830179778,17.5289001689842,18.598899971145034,17.263240242634094,17.686051051723645,17.478985738358208,17.06547347945635,17.204972102057397,0.097141329868015
L1 halo (Az~30k km),blackout,7.0,197.40277777777777,0.380998630041393,696,0.5052972875508127,0.3352229847883283,2.9444444444444446,0.7079139391734535,0.9933333333333333,0.9933333333333333,0.09611684896415089,0.9763430707470125,13.919413965360175,14.080769085252973,13.900201546597575,14.0918786213669,13.896107955009969,13.057628366992025,13.53858412089884,18.1669782463102,18.541022125126492,18.05320179531755,18.40520082750455,18.14512172355237,15.27983073878921,17.848964149582127,19.273908493385964,19.541751453577287,19.199243834848865,19.35094884858905,19.283793440737583,17.54700406405535,18.710363566881455,0.03316751304024346
L1 halo (Az~30k km),blackout,1.0,208.60416666666666,0.3105191672036644,32,24.680761682134865,1.4819418078137168,8.76388888888889,0.6936119269435767,0.9007921439960559,0.9794618718513041,0.028705616321383628,0.9936569292529874,8.731367700388393,8.686641989852726,8.773272074449117,8.686329793580272,8.773835870344955,11.048859143182888,8.627828121948822,10.085423973744973,10.071483271375016,10.131965221495419,10.06608559373071,10.14334023877079,12.82819976552234,11.284229148238534,11.60180888643449,11.683533800933372,11.568149652140582,11.593182727329614,11.637327442647514,14.619230555131116,11.284229148238534,0.5795192787989082
L1 halo (Az~30k km),blackout,3.0,208.60416666666666,0.3105191672036644,185,3.0646036093736537,0.8985838037914244,8.76388888888889,0.6936119269435767,0.9845590410369275,0.9845590410369275,0.07407789930943391,0.9790292122410377,11.435420105456126,11.402108473404544,11.38429432211484,11.400222758304528,11.379527948841302,11.847314658255357,11.039666268330599,13.172526041179935,13.119763254789138,13.16327275178541,13.100443814783258,13.142050092978167,13.565201011986805,13.967877879846556,15.739277436928088,15.304688079913728,15.522696267337167,15.782838536803864,15.662272804565696,15.636874019750586,15.448905214243156,0.12992072473789854
L1 halo (Az~30k km),blackout,7.0,208.60416666666666,0.3105191672036644,701,0.7514535122596385,0.627935571925875,8.76388888888889,0.6936119269435767,0.9778923743702608,0.979118082073855,0.09417527344622634,0.9766666666666667,13.309484926857104,13.312819348980529,13.338794107453623,13.31069372096753,13.33325182185318,12.39352540290856,12.889518647080932,15.753114478455776,15.718153575924468,15.652435967679757,15.825011449136566,15.658317690898535,14.123939812521588,16.878253862966087,18.8678398875066,19.62211062906512,18.69399907632496,18.91354686451628,18.829754244450946,16.410823846070002,18.6287744240242,0.03157475879829386
L1 halo (Az~30k km),blackout,1.0,221.42361111111111,0.3743101849742553,57,22.56587118357778,0.9864189073446151,2.9305555555555554,0.7066955417704955,0.9275485845928118,0.9854409589630725,0.02171535373506287,1.0,8.68288286542273,8.711868721911184,8.665266145011932,8.712493634278044,8.663721708880647,11.478629416006052,8.37319863852666,10.20705966722608,10.246858135630806,10.211190964552797,10.243990707980998,10.214931121701701,13.189036323583482,11.284229148238534,11.938879342762752,11.941782160112686,11.865825257010192,11.860753634350713,12.009829185129725,15.430639672866485,11.5026619024054,0.6239744567390691
L1 halo (Az~30k km),blackout,3.0,221.42361111111111,0.3743101849742553,127,3.00682855173492,0.7162490775698442,2.9305555555555554,0.7066955417704955,0.97823616414771,0.9878923743702608,0.034077899309433925,0.9766666666666667,11.517853114608535,11.415529069022506,11.463683451166181,11.413533338517666,11.457533273429382,11.95210695573405,11.030221353073417,13.351000627457672,13.217408265670782,13.322951906250301,13.208162991677764,13.302012379500502,13.726316844928423,14.000532345008759,16.406870198911133,18.141180408798284,16.051579814308745,16.570359818814644,16.31622545381598,16.110402059848052,16.2822870159978,0.16411462548416
L1 halo (Az~30k km),blackout,7.0,221.42361111111111,0.3743101849742553,142,1.8637870377002834,0.6738158839561353,2.9305555555555554,0.7066955417704955,0.9854409589630725,0.9863228768892176,0.06139175781540878,0.9796764040803458,12.07450118947889,11.914874505405546,12.013237775445505,11.912110632153908,12.00631739588342,12.044251293225374,11.564084588406802,14.100845667819122,13.853144782727627,14.00687564418646,13.865315478239001,13.9916157432529,13.832724146889422,14.617701183744193,17.395464021955092,18.505022288652437,17.100170926415725,17.350202211174192,17.34101842299361,16.228435024678554,16.97968123647512,0.11529013247915655
L1 halo (Az~30k km),blackout,1.0,233.54166666666666,0.37989811888230407,133,10.192940366895872,0.6769668299967436,3.0,0.7077173035111305,0.9754409589630726,0.99,0.01300973741367924,0.9966666666666667,9.536867426640086,9.389091013005403,9.55765490540441,9.388595681367704,9.55314783523696,12.016022597223472,9.19721512341647,11.190884394325236,11.020625130694908,11.163957691502015,11.013285747495969,11.181196639378975,13.816157763106226,12.20164051167893,13.157730174800617,12.778590657273183,13.043425830707704,12.745015682112463,13.123614832774779,16.216677914900764,12.812523678567585,0.7173068410720829
L1 halo (Az~30k km),blackout,3.0,233.54166666666666,0.37989811888230407,443,1.7787707975330302,0.43978791573779974,3.0,0.7077173035111305,0.9966666666666667,0.9966666666666667,0.059773778217138314,0.9833333333333333,12.26017687890982,12.17479704000641,12.274000533622987,12.173437108026375,12.26700154518123,12.647527632556937,12.067421983517868,14.419388087051967,14.296499931316403,14.424683324973756,14.341609814852045,14.419441145968776,14.683338647639646,15.613536366149487,17.973914746197796,18.626964259632672,17.77371000037207,17.732874277592476,17.95111847839951,17.049154689885174,17.760069820984207,0.09406503844649361
L1 halo (Az~30k km),blackout,7.0,233.54166666666666,0.37989811888230407,1167,0.4363122942758515,0.3196750498058118,3.0,0.7077173035111305,0.9978923743702608,0.9978923743702608,0.10148913195220119,0.9866666666666667,14.647601757956252,14.500217053034536,14.657809661762078,14.517038581246824,14.654356770558117,13.134585618358898,14.203304333588724,18.579181207490823,18.69293449719684,18.48921922873298,18.639899543169044,18.577016708933886,15.381772091571966,18.074440595406465,19.445709826842624,19.72264143264576,19.401507437835917,19.420184912694925,19.47840602041442,17.637713924394827,18.961863230560976,0.02790100637818465
L1 halo (Az~30k km),blackout,1.0,238.94444444444446,0.8282347450220006,35,119.16091041633949,3.2629898758098492,9.527777777777779,0.684755102178259,0.1678923743702608,0.9833333333333333,0.0,0.645598504770912,5.057893887206582,5.033656251587628,5.0940302397234465,5.031684180190998,5.093608040394538,10.012903580829793,4.854089110943005,6.760539564410382,6.714963420169439,6.709057249772586,6.695383943338517,6.727653147425299,12.26093813800354,7.517182047574651,9.027130951194804,8.782086794550127,8.994776640897362,9.291529708756501,9.110254250201713,14.265839928039982,9.138625046180362,0.6127739445569725
L1 halo (Az~30k km),blackout,3.0,238.94444444444446,0.8282347450220006,134,14.615152479977555,0.8673696765711592,9.527777777777779,0.684755102178259,0.5199102260699108,0.9833333333333333,0.029676404080345907,0.9690292122410377,8.234520767239056,8.157093391289134,8.246587855064172,8.161932135062923,8.24035115725931,12.57354219309975,7.902027782760423,12.537911648978103,12.963380106215947,12.384918205319474,12.624863609120279,12.547014378115316,14.565474704997817,12.703328015867223,13.635059638282048,13.916847308778317,13.534000579094453,13.6442739173757,13.636310530615097,16.513281063516512,13.348668959977731,0.6793184428729454
L1 halo (Az~30k km),blackout,7.0,238.94444444444446,0.8282347450220006,330,1.650155518192006,0.510755597730278,9.527777777777779,0.684755102178259,0.9836771231107824,0.9870104564441157,0.08601947482735849,0.9833333333333333,13.874773130045064,13.885065563706942,13.89030445777282,13.888296835191877,13.894507663188145,13.497305206961869,13.456246066439029,15.10519199400194,15.100368820659696,15.115946937319796,15.095250164954798,15.123898313612916,15.46642337315543,15.582385334578005,16.50197317140703,16.590345690529215,16.457898909966335,17.063536202481174,16.471863481124117,17.375667059383243,16.133769533308104,0.09636151767793347
L1 halo (Az~30k km),blackout,1.0,257.65277777777777,0.3807011599115871,186,7.730503360208216,0.6054555396323206,2.875,0.7078609445224926,0.9536771231107823,0.9745590410369275,0.022686141494025147,0.975598504770912,9.642546820729478,9.542915723366685,9.62132433879262,9.542505921158456,9.625409302169544,12.175705747194467,9.382741221354408,11.232580056095388,11.188469288183875,11.219027672344012,11.180771224711593,11.219607763902422,14.024440318361414,12.183658815785835,13.368976348075437,12.971240692425523,13.14504160914216,12.956870605541694,13.374504686783535,16.43258408065157,13.123290830538288,0.5962974900925686
L1 halo (Az~30k km),blackout,3.0,257.65277777777777,0.3807011599115871,541,1.660437169377727,0.4042245871110576,2.875,0.7078609445224926,0.9778923743702608,0.9778923743702608,0.06644044488380499,0.9866666666666667,12.38523111654667,12.32077416039023,12.404567797388305,12.320308113709482,12.401454545045434,12.771733860951628,12.090580294073439,14.74993214695838,14.549422451974673,14.663593796091071,14.596916678151295,14.663253366546458,14.866249552010634,15.89671299886511,18.401571640588955,18.701072438708565,18.038837460671754,17.92996980638893,18.271792610085477,17.201702517857886,17.82860629854425,0.08498279196515254
L1 halo (Az~30k km),blackout,7.0,257.65277777777777,0.3807011599115871,959,0.4338821630035884,0.32741636372571953,2.875,0.7078609445224926,0.9766666666666667,0.9766666666666667,0.09245991971116346,0.98,14.525376315577539,14.473023831565978,14.529315448671555,14.500586695527545,14.53266722456715,13.095063374716975,14.067799299474082,18.59413726563027,18.676609406704586,18.513030447493655,18.63040878006318,18.59378587214319,15.33252684268508,17.93993190291546,19.423197454289873,19.70502633061448,19.37629869541754,19.415977126753525,19.426163579800807,17.591513787640608,18.78293824018695,0.02839116883650401
L1 halo (Az~30k km),blackout,1.0,267.2361111111111,0.17595121650418377,35,50.05450435352999,1.5047299532095455,9.98611111111111,0.6741747504375007,0.7508370309611004,0.9833333333333333,0.12297826390440236,0.9863430707470126,9.191619970813647,9.13773740933675,9.16832130968224,9.138054608807169,9.183129480862638,11.385816031263676,9.066946716470982,10.267947880406142,10.195013470163573,10.25586237561548,10.19783132175281,10.260507241115796,13.296021651694664,10.595306751616384,11.308275567480306,11.541794579633176,11.2998807315826,11.460556545235864,11.312258699325687,15.016929345929265,11.14091664154457,0.5044593023923785
L1 halo (Az~30k km),blackout,3.0,267.2361111111111,0.17595121650418377,196,3.271514215483888,0.8189156819155611,9.98611111111111,0.6741747504375007,0.97,0.99,0.21339923396084884,0.9833333333333333,11.597946425957002,11.587616230928424,11.614267658807437,11.588490131423788,11.617515638570168,12.409547435252165,11.36565105997685,13.138493829607725,13.1840899229555,13.146110867347586,13.163703551478354,13.161001951182795,14.217332846468599,14.039437068992658,15.139748527273321,14.91536729386993,15.059072932955765,15.05892063379603,15.187786595699253,15.971149549454552,14.617701183744193,0.02576930333690443
L1 halo (Az~30k km),blackout,7.0,267.2361111111111,0.17595121650418377,762,0.8045954305635391,0.5970402972881733,9.98611111111111,0.6741747504375007,0.99,0.99,0.31304416453191786,0.9866666666666667,13.394154805028224,13.405799687773051,13.41159640822354,13.403174022595836,13.416863095544755,12.927119246376334,13.123290830538288,15.091938262881778,15.156515628796793,15.10207400377744,15.14222366253913,15.120250944841663,14.685757907792263,16.088344963310078,18.287111364771054,17.953153815215728,17.972673135751386,18.15261994332561,18.23706395845594,16.557661065634008,18.281889925451836,0.003699183618924061
L1 halo (Az~30k km),blackout,1.0,281.65972222222223,0.37286017852191916,100,16.077380514977875,0.7205113433486887,2.9722222222222223,0.7064244255930003,0.9636771231107824,0.9854409589630725,0.02171535373506287,0.9933333333333333,9.064074178360102,9.14207495555576,9.060407962915832,9.143569947059849,9.062621128825443,11.948631772439299,8.879554390248465,10.598310877015408,10.735695103648345,10.595488586819693,10.726957457835002,10.598301417848155,13.718852952616858,11.838264572657828,12.53145477829678,12.460688695095895,12.44008005036419,12.39691516432224,12.536261802171992,16.099512983697473,12.067421983517868,0.838844941547393
L1 halo (Az~30k km),blackout,3.0,281.65972222222223,0.37286017852191916,252,2.954206348109678,0.45429854044190826,2.9722222222222223,0.7064244255930003,0.9836771231107824,0.9933333333333333,0.043107111550471644,0.98,11.615423273464717,11.59373444341581,11.632362090719312,11.591784541721413,11.626312824726234,12.624882115612657,11.284229148238534,13.49862584458734,13.43327371103181,13.524320297306659,13.440732194976762,13.506365535034933,14.6120730689418,14.222768452489236,16.96365032488477,18.275176837329447,16.57191527605566,16.871009675416115,16.91881089250813,16.999049555005417,16.677213112563408,0.13856696003698746
L1 halo (Az~30k km),blackout,7.0,281.65972222222223,0.37286017852191916,317,1.0930940188723222,0.37161168045411497,2.9722222222222223,0.7064244255930003,0.9866666666666667,0.9866666666666667,0.06708763672311317,0.98,12.611916763418886,12.690549709878539,12.59490916492549,12.689530919170034,12.600226660101924,12.925704014182235,12.360116729340632,15.193423271338363,15.25210954644084,15.171687335675468,15.31452876355323,15.193801521070501,15.047545782817698,16.185025495963767,18.319555837867874,18.945748251596097,18.12911307203785,18.27894134513268,18.287988135387128,17.368312081501518,18.136427003047004,0.06773727390239576
L1 halo (Az~30k km),blackout,1.0,293.8263888888889,0.38248198955881596,91,20.82347203395083,0.9132991038481642,3.0694444444444446,0.708176440262231,0.9666666666666667,0.9766666666666667,0.04741123264276726,0.9933333333333333,8.896128542187526,9.036030829060207,8.874038090362939,9.035467860556098,8.872290070000675,11.56496131492557,8.627828121948822,10.49074071184051,10.631095310130863,10.488971600210764,10.621362694863025,10.479673445006664,13.287340846415983,11.564084588406802,12.031688046486428,12.357256496572642,12.02275108367997,12.29302761884298,12.065231406742457,15.593712774545088,11.876153022064544,0.7524962708127135
L1 halo (Az~30k km),blackout,3.0,293.8263888888889,0.38248198955881596,345,2.2023353014466522,0.5311489583885105,3.0694444444444446,0.708176440262231,0.9778923743702608,0.9824514154071883,0.09181272787185527,0.9866666666666667,11.986794036865419,11.891986959178677,11.992484044101545,11.889893532914302,11.99233525197296,12.359329784435623,11.621413586419221,14.02454865382853,13.86193204727255,14.02809085596084,13.877465326770043,14.01789527871011,14.289714029616775,14.972252830179778,17.841633522861127,18.436911849876424,17.50961762130312,17.380750689331872,17.795247553837573,16.688152673487235,17.370695274673167,0.11585406015655553
L1 halo (Az~30k km),blackout,7.0,293.8263888888889,0.38248198955881596,1127,0.4677515616549726,0.36235447406442134,3.0694444444444446,0.708176440262231,0.9833333333333333,0.9833333333333333,0.13181272787185527,0.9933333333333333,14.579506189968715,14.354973923333045,14.588531522620599,14.363708400116266,14.593124273573913,12.93293081628901,14.03671294672013,18.4868927446256,18.621920267944155,18.383532489502965,18.573982859769583,18.47388184268699,15.107320503469913,17.963398452644554,19.406532115623172,19.64273611570256,19.35237997598369,19.39482314480139,19.429639921377497,17.400183553982412,18.76810425503495,0.030056433517620013
L1 halo (Az~30k km),blackout,1.0,297.625,0.6977006714127232,28,381.25643584597293,8.430934722346537,11.194444444444445,0.6718562356290975,0.12348278473953558,0.9256352973343194,0.0,0.3680239973638368,3.9063950636234517,3.8186964090725155,3.9064597834319628,3.821196658814042,3.9075773619135483,8.19661936280412,3.729228094170155,5.260258618459763,5.1707624482859575,5.248754745980629,5.16167267981306,5.259661226876054,10.000592390770874,6.471494922955563,6.756642184195649,6.759519388689166,6.714860131599376,7.353450182026567,6.725454595025022,12.407235485767588,6.471494922955563,0.1060330445645544
L1 halo (Az~30k km),blackout,3.0,297.625,0.6977006714127232,28,381.25734655499156,8.43095545199721,11.194444444444445,0.6718562356290975,0.12348278473953558,0.9256352973343194,0.0,0.3680239973638368,3.9063925263231734,3.818693810524776,3.90645715012035,3.821194104575267,3.907574741083799,8.196615655243974,3.729228094170155,5.260255592685232,5.170759331232038,5.248751752737266,5.161669595455754,5.259658217761367,10.00058769697602,6.471494922955563,6.756647758733191,6.759515817711337,6.714854108597727,7.353445850183187,6.725448378713775,12.407230519718807,6.471494922955563,0.10603304410947846
L1 halo (Az~30k km),blackout,7.0,297.625,0.6977006714127232,417,0.8911962045306933,0.5339180984876116,11.194444444444445,0.6718562356290975,0.9954409589630725,0.9954409589630725,0.37828759987389887,0.9933333333333333,15.363006568922458,15.243903574963547,15.358952783714011,15.252541598118082,15.35539777910196,13.292924267383537,14.85312359023014,16.506027135104496,16.39402407587278,16.49429755336553,16.396602919020467,16.503738376924282,15.332084816663778,16.927354882348457,17.66102774561676,17.827439406254715,17.6366230933984,17.938372919246916,17.65632756665447,17.29116809112767,17.287635107037982,0.029174086668049534
L1 halo (Az~30k km),blackout,1.0,317.93055555555554,0.38270876238819423,201,7.363145438289536,0.5468884101870607,2.9097222222222223,0.7082163085974807,0.9736771231107824,0.9966666666666667,0.02902921224103772,0.9873138585059749,9.597082321024441,9.621253542152004,9.589155099700651,9.620735482226618,9.585750952623613,12.315912278367891,9.382741221354408,11.262848739653284,11.276075241630421,11.299745902457568,11.26794109865522,11.280450664847772,14.229684392955228,12.459250847676769,13.2766941125283,13.075255847545858,13.251135809701346,13.078431687795366,13.305219988442984,16.63032514478234,13.281489698569573,0.5715657047984255
L1 halo (Az~30k km),blackout,3.0,317.93055555555554,0.38270876238819423,614,1.6158564687609813,0.3207229649755468,2.9097222222222223,0.7082163085974807,0.9845590410369275,0.9921076256297392,0.06880299045817603,0.9766666666666667,12.365602807402656,12.369244743066414,12.371283753302007,12.367766501847477,12.377428662823839,13.121525370686232,12.10362636872879,14.625364879699031,14.66490012617981,14.66476186827455,14.773769714676414,14.664730757366332,15.376286531908274,15.653679215401787,18.046406952128653,18.714446555592986,17.862892546405757,18.00043998031313,18.036290305231468,17.62678322262732,17.92039986398872,0.08203649660402808
L1 halo (Az~30k km),blackout,7.0,317.93055555555554,0.38270876238819423,1172,0.38639704396209795,0.2499748643988248,2.9097222222222223,0.7082163085974807,0.9854409589630725,0.9854409589630725,0.12084194011289301,0.9866666666666667,15.055291621657998,14.885344794765883,14.972227492003427,14.91356154859319,14.975910801756122,13.537716795995626,14.443586394441834,18.59960488161662,18.764505178703473,18.547394563552736,18.71778035837976,18.605083551032028,15.898469536954018,18.589049258562657,19.533132573497934,19.823716947563984,19.46985391213764,19.515094849900535,19.56203705178079,18.065970091699157,19.11830966569939,0.025368257787612085
L1 halo (Az~30k km),blackout,1.0,326.25694444444446,0.07365428260359837,31,54.229594166458625,1.7330340420622574,10.284722222222221,0.6790719464664093,0.4602989028124045,0.99,0.017637454425628946,0.8196105034528304,9.349959951490018,7.118607879172265,9.0914088370541,7.174992370390731,9.253672629919802,11.295475796638252,7.122572929907883,10.565349746130792,10.547395266154975,10.479264667807373,10.556133125332853,10.524521189505444,13.256933036335,10.588713439425677,11.468478379821953,11.648559526241977,11.44727695878566,11.471435256466041,11.496458876032786,15.101948523262811,11.191889529600898,0.19858085311148618
L1 halo (Az~30k km),blackout,3.0,326.25694444444446,0.07365428260359837,177,3.945581175382925,0.7010124907664402,10.284722222222221,0.6790719464664093,0.8501494514062022,0.9933333333333333,0.08624569661022016,0.985567031261635,11.779492086987666,11.684136176814897,11.775306460423986,11.685286213470595,11.774606847116196,12.837306757510179,11.550016263788596,13.201512570782237,13.085759116650726,13.187166570758604,13.070785093400762,13.176526565669539,14.727715915699491,13.950576622662059,14.607420736881565,14.711499307759306,14.616259917729714,14.54119541406319,14.765998724261232,16.445727384676953,14.271545526303463,0.058703856232472935
L1 halo (Az~30k km),blackout,7.0,326.25694444444446,0.07365428260359837,489,1.4123611379478032,0.5713763003188461,10.284722222222221,0.6790719464664093,0.9794618718513041,0.9954409589630725,0.13365692925298742,0.9933333333333333,12.992002206031923,12.853713752467531,12.959823898615516,12.854895230462077,12.963579213968169,13.184883102123157,12.69463267148544,14.572745358666213,14.452857588743125,14.605855169234742,14.431431947805104,14.589879509442364,15.037880093326567,15.36885146010398,16.35208229660503,16.187712590384596,16.27605222877539,16.13321649065738,16.470492740033936,16.755797858466103,15.782831202222514,0.018296062942110915
L1 halo (Az~30k km),blackout,1.0,341.93055555555554,0.37429151287590345,129,12.603859728906667,0.722427951711458,2.923611111111111,0.7066920655039438,0.98,0.99,0.03440149522908802,0.9936569292529874,9.498716016859648,9.428179136323873,9.499096266132423,9.427726668398387,9.495535420954702,11.939273197651683,9.138625046180362,11.075295455506987,11.05623309914428,11.11739120383401,11.048810938303916,11.134756967708501,13.711452502638823,12.183658815785835,12.982622757874132,12.811774479413755,12.901110346402625,12.77633501411894,12.95679140382804,16.093876274630574,12.727513013474525,0.6916144690791456
L1 halo (Az~30k km),blackout,3.0,341.93055555555554,0.37429151287590345,328,2.302191853277715,0.42861320497977173,2.923611111111111,0.7066920655039438,0.9778923743702608,0.98,0.04945018229748422,0.9869902625863208,11.969369761865664,11.852581494115334,11.946148719750253,11.850653519887496,11.939419148997288,12.706272769783583,11.625835263389158,13.947771430383717,13.772663707037161,13.91480330073264,13.79616765710262,13.899899478681249,14.737033534124366,14.617701183744193,17.432489907533128,18.46023044086546,17.123580976402494,17.292593508163765,17.39246353741505,17.103272366637047,17.110983982257753,0.1158819127214039
L1 halo (Az~30k km),blackout,7.0,341.93055555555554,0.37429151287590345,457,0.7706114865733644,0.32921429707600214,2.923611111111111,0.7066920655039438,0.9833333333333333,0.9833333333333333,0.10213632379150937,0.99,13.357774500244856,13.222298883237812,13.37390220197342,13.225517755920107,13.381570866565111,13.105891179345425,13.029277436841639,17.55916344450802,18.144272646779132,17.215652558139215,17.57382028497549,17.578002559958975,15.317119836246569,17.74873497634713,18.92690881432656,19.205937756708018,18.806136604161267,18.823643486426445,18.916227608010654,17.592295221487657,18.668662269512062,0.04919625733566075
L2 Lyapunov (mid),phase,1.0,20.71527777777778,0.36301209546715546,211,19.332702221147045,0.44224197299172463,nan,0.518008976485554,0.9933333333333333,0.9933333333333333,0.9560194748273585,0.9706471918393081,9.496619002510851,9.456148860757402,9.520195963819534,9.45623205891886,9.513891819134251,17.958184949346826,9.138625046180362,15.438411787900824,15.718646298389487,15.217426653236647,15.481752687494343,15.476869789223034,20.435176199260315,17.75597771108226,18.120497277252806,17.87556110654799,17.91110269604652,18.050715954745822,18.011059658560974,22.75100842468981,17.75597771108226,8.098974599908669e-05
L2 Lyapunov (mid),phase,3.0,20.71527777777778,0.36301209546715546,557,13.24062631657306,0.29983605633511035,nan,0.518008976485554,0.99,0.99,0.9866666666666667,0.9930097374136791,11.004280109044634,11.72463730859795,11.025776311442964,11.826703590137495,11.107389486065966,18.770701226016804,10.252732033905241,16.389132151178927,16.772147678477268,16.254220658125178,16.709637165362132,16.434359658094177,21.28168623930397,17.762383169821202,18.240849805950987,18.520025804991555,18.129717719343155,18.92542940146236,18.13449359239082,23.37779541005404,17.762383169821202,7.338281239022238e-05
L2 Lyapunov (mid),phase,7.0,20.71527777777778,0.36301209546715546,677,9.749188025218146,0.300402720253152,nan,0.518008976485554,0.9878923743702608,0.9878923743702608,0.9926861414940251,0.9963430707470126,13.723155497897977,14.3348039667136,13.64405455546096,14.318047658307018,13.772940136940614,18.766712799672394,13.123290830538288,17.110929338233493,17.274318227389106,17.02461880887958,17.308620403694057,17.137584780191464,21.27749264868281,17.809084606684358,18.413596820785063,18.916229048675888,18.365867787169307,19.425427449334848,18.36420709694468,23.374708781425696,17.809084606684358,9.577370862613705e-05
L2 Lyapunov (mid),phase,1.0,28.743055555555557,0.8912192635172774,94,30.81707871697582,0.7163367550462753,nan,0.5988762821435111,0.98,0.98,0.9565692925298743,0.9782846462649372,11.283577317149884,11.326812792306306,11.254847703282728,11.325027303334595,11.251106686449242,14.907950292617778,11.00483287930512,12.962822420709166,12.950968409861582,12.966599208668644,12.934133841168341,12.9560784290988,16.64590499234521,14.203304333588724,14.94697231250932,14.760259021776506,14.817733771151287,14.640178823338267,14.924882521967126,20.253935242082175,14.203304333588724,3.562087000844263e-05
L2 Lyapunov (mid),phase,3.0,28.743055555555557,0.8912192635172774,348,6.8017546966146485,0.5041093962896782,nan,0.5988762821435111,0.99,0.99,0.9833333333333333,0.9863430707470126,13.386967103534008,13.527976272011333,13.41238122052699,13.524368943754856,13.416091075411034,15.463431289684381,12.966976305484662,15.172878075760266,15.386566886385143,15.169426002475983,15.35851549480444,15.163106861951198,17.42249415910699,18.04970539269369,18.89853426597188,18.445500735077037,18.326298143872148,19.029572055070126,18.796618808914683,21.234239523823007,18.04970539269369,0.0001024322565299195
L2 Lyapunov (mid),phase,7.0,28.743055555555557,0.8912192635172774,488,3.5085142373166325,0.47555758169737034,nan,0.5988762821435111,0.99,0.99,0.9866666666666667,0.9866666666666667,14.158922898473255,14.3137663621951,14.18151880629441,14.310371535545146,14.181161710134553,15.545317613818609,13.96701958110426,15.992577624304095,16.22682791744851,15.985011311607723,16.218834590804708,15.988373011808077,17.58137485128404,20.445234434429803,21.51339945309567,22.156727720574338,20.645842727781368,21.09844394249714,21.189640432075034,21.39609867698846,20.445234434429803,0.0001476289511656142
L2 Lyapunov (mid),phase,1.0,51.145833333333336,0.3652645266663674,218,18.717768045854317,0.5645300637584422,nan,0.5183962028601659,0.9933333333333333,0.9933333333333333,0.9534307074701257,0.9710681618957547,9.883527980900718,9.497181296686712,9.873916633664663,9.497657438267815,9.870775191305583,17.45091861057772,9.495848448757664,15.694150341810984,15.787230393459929,15.425251199376236,15.539434811792184,15.828769041518218,19.889496750085378,17.763617079074233,18.0957861516422,17.894166074427208,17.909541059600013,18.0742459573832,18.00093204996489,22.318937216114783,17.763617079074233,8.297075245466337e-05
L2 Lyapunov (mid),phase,3.0,51.145833333333336,0.3652645266663674,612,13.10312315414694,0.3130921274828758,nan,0.5183962028601659,0.9957847487405216,0.9957847487405216,0.9866666666666667,0.99,13.348096408593207,12.152581816451429,13.405196149764274,12.219127965061547,13.357676341641326,18.676562945966257,10.790547845963305,16.706779483252518,16.78713210563623,16.59347260009137,16.75264736553764,16.754222546245582,21.18323713720486,17.772351810058407,18.345754087978875,18.520191855672945,18.278731638340304,18.932621425821413,18.27518553954984,23.294684118409155,17.772351810058407,7.448653607968778e-05
L2 Lyapunov (mid),phase,7.0,51.145833333333336,0.3652645266663674,746,9.87047218460721,0.28427259159795726,nan,0.5183962028601659,0.9866666666666667,0.9866666666666667,0.9866666666666667,0.9903235959196541,14.851435560586285,14.311630694005666,14.71234333587259,14.295142823961127,14.865044063557376,18.880925154178254,14.157991581500438,17.52274325688671,17.24451785711215,17.42784690311226,17.280914904735717,17.510135179187703,21.3974866318392,17.823058188278758,18.41641980578197,18.88565578831959,18.38380821871357,19.39479318225901,18.382319510508655,23.4513779447426,17.823058188278758,9.373269570320142e-05
L2 Lyapunov (mid),phase,3.0,58.99305555555556,0.8815916027045423,274,7.929723502588043,0.6713410720294708,nan,0.5955936250040397,0.9966666666666667,0.9966666666666667,0.9933333333333333,0.9966666666666667,13.447621482486694,13.367085816904574,13.437229857623826,13.363445135154546,13.44184033070671,15.100338521016448,13.123290830538288,15.256661906481574,15.201319360522207,15.229562914687254,15.170071482475313,15.249576915651401,16.817574014814156,17.828606298544244,18.5862090519061,17.415944185852947,18.14073048632625,18.44271942955742,18.631787750295423,20.48926137318126,17.828606298544244,0.00010583004374714513
L2 Lyapunov (mid),phase,7.0,58.99305555555556,0.8815916027045423,374,5.084636170962064,0.6300354290873249,nan,0.5955936250040397,0.9966666666666667,0.9966666666666667,0.9966666666666667,0.9966666666666667,13.952445780604439,13.86589077799811,13.940132810705418,13.862481191767554,13.947147209654673,15.208602700260776,13.464624915459593,15.785050989858584,15.731276369164231,15.755370222388914,15.704229096311282,15.77675803182617,16.932402997106383,19.179497950862725,20.20942966011698,20.290071691419026,19.389444330163183,19.660006894124436,20.040272876328835,20.662265423160388,19.179497950862725,0.00012921884768527243
L2 Lyapunov (mid),phase,1.0,81.52777777777777,0.36431847156056174,190,21.98004310400587,0.5077019798757403,nan,0.518231525499185,0.99,0.99,0.9626861414940252,0.9726861414940252,9.355037768116711,9.225820307683957,9.290327120859931,9.225192699315325,9.296692544613945,17.673676563528236,9.051439017523979,15.39768356441565,15.396874891803705,15.30483097082575,15.12813078494926,15.451549730385866,20.124886951659377,17.745565685411634,18.10117143320801,17.706953600118492,17.90506616332644,17.879682980986942,18.0108208084048,22.52864973068903,17.745565685411634,6.551461768723915e-05
L2 Lyapunov (mid),phase,3.0,81.52777777777777,0.36431847156056174,590,12.566793159433509,0.3223860964491457,nan,0.518231525499185,0.9866666666666667,0.9866666666666667,0.9930097374136791,0.9933333333333333,13.296467969631108,12.668669897737336,13.30221261967159,12.697393912280324,13.472076937543498,18.616366830547207,12.459250847676769,16.88122986216967,16.87466597294806,16.768493479206484,16.788614331891974,16.964755479089586,21.119804091172963,17.78426972903342,18.287827688256474,18.582750786959274,18.20526264234985,19.003006579531455,18.20484872103922,23.252519923807288,17.78426972903342,8.399623908982721e-05
L2 Lyapunov (mid),phase,7.0,81.52777777777777,0.36431847156056174,745,9.332679437335486,0.30437602271997277,nan,0.518231525499185,0.9921076256297392,0.9921076256297392,0.9963430707470126,0.9936569292529874,14.722993045442513,14.5717636470215,14.702052891460138,14.553579569650386,14.837149198957333,18.737298767315743,14.271545526303463,17.510101377882467,17.338490913635106,17.484741203906474,17.358983029688297,17.56176879347284,21.246792788630227,17.823058188278758,18.43417204749712,18.965728633033912,18.39450849895443,19.495647408648743,18.393779845431204,23.345791139665465,17.823058188278758,0.00010570925422311604
L2 Lyapunov (mid),phase,1.0,89.23611111111111,0.8715070152724286,46,35.46402045598675,1.2360777587192358,nan,0.5922842490814277,0.9854409589630725,0.9866666666666667,0.8874427061520441,0.8994816558067611,10.871335858291214,10.900442682361167,10.860009956076938,10.89991141776623,10.858606122873978,14.062619966433441,10.567439997009636,12.300529002440369,12.47559984985583,12.27115589977305,12.454227960814357,12.283610282180515,16.019419696950084,13.473847675474891,13.874281937554864,14.194301237064733,13.771196989073724,14.086814983829818,13.835710700824366,18.329806343764275,13.473847675474891,4.0703674139837784e-05
L2 Lyapunov (mid),phase,3.0,89.23611111111111,0.8715070152724286,196,9.926887566285806,0.7350252372646178,nan,0.5922842490814277,0.99,0.99,0.9833333333333333,0.9866666666666667,13.089455391564277,13.11656613117054,13.08245281222585,13.112661168443985,13.088710283164188,15.033602205844954,12.774198838668246,14.857855766896503,14.91047532224142,14.840521843469757,14.878027195928405,14.85834728059239,16.764820074610903,17.496034382813175,18.12238398496366,16.85312030996749,17.732972175030458,17.867968685914953,18.194398467929535,20.237244327467387,17.496034382813175,0.00010866338351424907
L2 Lyapunov (mid),phase,7.0,89.23611111111111,0.8715070152724286,259,6.27383431432883,0.7228974075729929,nan,0.5922842490814277,0.99,0.99,0.9863430707470126,0.9893528081606918,13.530091502613583,13.585445450539407,13.530292064518122,13.58164682617192,13.530427837994047,15.062725057185819,13.348668959977731,15.367624426778512,15.424191293789978,15.349005560033513,15.394489372672771,15.366998406048488,16.78905014627128,18.136427003047004,19.258093051146673,17.65578186874411,18.561620326220034,18.7608791200579,19.193555518584866,20.29228052111505,18.136427003047004,0.00012977918291138285
L2 Lyapunov (mid),phase,1.0,111.92361111111111,0.364286269662877,159,24.01018366266831,0.6543729701397583,nan,0.5182259723266055,0.9766666666666667,0.9778923743702608,0.9277348285624214,0.9370876367231131,9.020886683243173,9.016518582402027,9.021049948621387,9.01505007391127,9.014438588921422,17.149370773170443,8.697027479265143,14.646079050682038,14.999378239419208,14.232063504905312,14.741969882707679,14.566479460401016,19.56816687371031,17.42629030763045,17.979895922277965,17.522177410548025,17.540473651307043,17.634560180744195,17.821172579531524,22.02699757430139,17.42629030763045,8.029420246974168e-05
L2 Lyapunov (mid),phase,3.0,111.92361111111111,0.364286269662877,526,14.93663205102369,0.3432810492540836,nan,0.5182259723266055,0.9875485845928117,0.9875485845928117,0.9826861414940251,0.9863430707470126,10.3536606314631,10.498528580877554,10.27829010905118,10.526784047959348,10.28217728183185,18.48381524664761,9.804178390064408,16.220633655406708,16.518417472496232,16.099073292305597,16.477614370632455,16.205038900359426,20.98197687569666,17.743884812976347,18.123645539211818,18.342503068615514,17.985691213023735,18.72220734816677,18.012012348780903,23.15121533474846,17.743884812976347,7.33668786521254e-05
L2 Lyapunov (mid),phase,7.0,111.92361111111111,0.364286269662877,696,10.722615862740536,0.3200801799338995,nan,0.5182259723266055,0.9912257077035941,0.9912257077035941,0.9856958789077044,0.9860194748273585,13.6899925937943,13.882844344723159,13.445425758151119,13.866054362034033,13.580761891194799,18.631468192273598,12.659910772291589,16.99915099039166,17.117166802258794,16.833249898584118,17.172565002020306,16.974581511440466,21.135655473469733,17.78669153271392,18.369845055489407,18.783036559083413,18.32041506433063,19.25799144855124,18.3179621280458,23.264321075574514,17.78669153271392,9.562360074303345e-05
L2 Lyapunov (mid),phase,1.0,119.79861111111111,0.88244105217857,26,62.47613697969997,1.155553295465821,nan,0.5958789434598153,0.99,0.99,0.8764719183930818,0.9673138585059748,10.641233489897237,10.679486709263982,10.63851732076424,10.678996166045932,10.641345206074142,14.115992842142603,10.451197739136902,12.18007258561931,12.255177068384834,12.190390622832627,12.235769659566635,12.183272391463678,16.008133177023016,13.281489698569573,14.130654985787928,13.969082056532962,13.963465646000873,13.817332351645392,14.092955389524874,18.617631408692446,13.281489698569573,5.8764583837483427e-05
L2 Lyapunov (mid),phase,3.0,119.79861111111111,0.88244105217857,133,10.137171686281311,0.6907354726956821,nan,0.5958789434598153,0.9866666666666667,0.9866666666666667,0.9833333333333333,0.9833333333333333,12.834750668858765,13.0009944041768,12.819983512263883,12.997013189785381,12.825111695619519,15.044470432645163,12.509115673322432,14.552684638256348,14.801428143564987,14.578841382683262,14.769491342632515,14.563096918453054,16.76818688940814,17.08171812280345,17.223675770707914,16.76656809975057,17.19574795222913,17.79011757752589,17.387599525793192,20.402291475721036,17.08171812280345,0.00011894114555529392
L2 Lyapunov (mid),phase,7.0,119.79861111111111,0.88244105217857,195,6.1786017834514855,0.6501012199182729,nan,0.5958789434598153,0.9866666666666667,0.9866666666666667,0.9866666666666667,0.9869902625863208,13.419838497243662,13.574367695498122,13.404018595068726,13.570665589710922,13.409279649863125,15.147144014994957,13.029277436841639,15.184252228313317,15.42541167022403,15.205204171166535,15.396661672822065,15.192091264678002,16.85984261438794,17.877504200101328,18.34082991979104,18.065663228700405,18.114222456131294,18.951882205732517,18.46606947358702,20.573664939223768,17.877504200101328,0.00015239581551388856
L2 Lyapunov (mid),phase,1.0,141.91666666666666,0.33775232405566114,135,27.449451407470622,0.6643864217137705,nan,0.5147138940721422,0.9966666666666667,0.9966666666666667,0.9206471918393082,0.9333333333333333,8.85197214768327,8.854163092483498,8.822911534147526,8.851816931677913,8.816309934361147,17.158718955826487,8.491076815270654,13.332617169993181,13.735648389076456,12.900878018004835,13.596244589760843,13.279867843157637,19.558907679063108,17.01362562784487,17.759313754836366,17.37528528894465,16.710691667153984,16.456474445417225,17.571028689606685,22.05172602425689,17.01362562784487,5.423165951701121e-05
L2 Lyapunov (mid),phase,3.0,141.91666666666666,0.33775232405566114,465,16.21305452536917,0.35237633952595615,nan,0.5147138940721422,0.9921076256297392,0.9921076256297392,0.9863430707470126,0.9933333333333333,10.126477756212765,10.05836244815816,10.105578094426543,10.060819918184695,10.101055949334501,18.467716712476555,9.648781900148665,15.936953113109642,16.35360902967732,15.736615651055162,16.14336290757092,15.92313539868016,20.945778052171782,18.136427003047004,18.687113569010926,18.393740127468327,18.65541361857007,18.708785547509237,18.707840840809013,23.23294650554245,18.136427003047004,6.840034567085022e-05
L2 Lyapunov (mid),phase,7.0,141.91666666666666,0.33775232405566114,594,5.793147909909734,0.3384038226935987,nan,0.5147138940721422,0.989118082073855,0.989118082073855,0.9903235959196541,0.9903235959196541,16.158451056606655,16.051951157335523,15.99502677622755,16.059272621518723,16.107098570648223,18.552594538232995,15.335404109923639,18.111305586414083,18.211032543460327,18.083276782681832,18.155360289962548,18.11291093736673,21.035388163228227,18.687956858992496,19.064818443338034,19.785559286400233,19.053024245205748,20.43985731606491,19.053585981184263,23.304413247898474,18.687956858992496,0.00017929134834745853
L2 Lyapunov (mid),phase,1.0,149.80555555555554,0.8568209598101136,25,61.79195126177187,1.2580463493974974,nan,0.5877666256631793,0.99,0.99,0.9199026258632076,0.9710681618957547,10.916127187650266,10.938626051588498,10.93723516447246,10.938750511289426,10.937911368053593,14.128200057945055,10.619517373768932,12.304609013013478,12.505598420668552,12.305659608708751,12.485622636063018,12.317299316441831,16.13825605801457,13.53858412089884,13.645510740326262,14.200184711179986,13.61871844104157,14.072763860907877,13.6525199776434,18.27129012946846,13.53858412089884,6.317518414893414e-05
L2 Lyapunov (mid),phase,3.0,149.80555555555554,0.8568209598101136,137,11.126558664733691,0.7146329627653923,nan,0.5877666256631793,0.9966666666666667,0.9966666666666667,0.9933333333333333,0.9933333333333333,13.166212974494586,13.088603500730969,13.167913118090501,13.084454895878036,13.173560926009895,15.213185418049996,12.77072045196881,14.83707700135235,14.853938769337724,14.82516967598636,14.82075083735918,14.845096925407587,16.94871193614778,17.204972102057397,17.6478142417721,16.76015697279899,17.48245352597526,17.696946372949267,17.85389059145356,20.377185235572554,17.204972102057397,0.00012018320780601865
L2 Lyapunov (mid),phase,7.0,149.80555555555554,0.8568209598101136,185,8.479410605459485,0.6464539903679153,nan,0.5877666256631793,0.9966666666666667,0.9966666666666667,0.9933333333333333,0.9933333333333333,13.432472603522447,13.391517662555867,13.434054023262215,13.387535837375253,13.43659653035961,15.388032699794275,13.123290830538288,15.205886962922905,15.19130441037001,15.191720206227862,15.158685584918876,15.211416617728812,17.125900621977458,17.70694587369903,18.355390764153125,17.182564256120887,18.035926017846307,18.179494381214738,18.461832652883977,20.675194989755717,17.70694587369903,0.00013128676418867254
L2 Lyapunov (mid),phase,1.0,171.90972222222223,0.31121837844844524,133,27.58456607259306,0.5745700222028871,nan,0.5129762376883681,0.9933333333333333,0.9933333333333333,0.8655011306341196,0.8878636762084906,8.935670763747542,8.979055353279804,8.958961666929621,8.976445330138057,8.965569413166483,17.496083569050903,8.669281382947192,12.623845190124547,11.946956782362935,12.26093714957029,12.630197367072215,12.53470980893775,19.89313917804686,16.310183221752915,17.912703490250728,17.472388893359913,16.643377815770734,16.508405700183125,17.64734630571959,22.403957693379112,16.310183221752915,4.3534560257879e-05
L2 Lyapunov (mid),phase,3.0,171.90972222222223,0.31121837844844524,444,16.168756730170372,0.3406982963471159,nan,0.5129762376883681,0.9966666666666667,0.9966666666666667,0.9746277170119497,0.977961050345283,10.027485843205932,10.10782645884167,10.02186037562758,10.107544405774442,10.027867297708074,18.57718840477965,9.668070956550764,16.104093341663017,16.29777384676304,15.772715982225836,16.050634249368343,16.103010369338126,21.034170893401996,18.576325176744785,18.94986048204976,18.567079549835448,18.72796548648941,18.80641306826872,18.826613218528784,23.40299191556681,18.576325176744785,6.30388254075335e-05
L2 Lyapunov (mid),phase,7.0,171.90972222222223,0.31121837844844524,531,7.475494322635752,0.33650372703310405,nan,0.5129762376883681,0.9966666666666667,0.9966666666666667,0.9869902625863208,0.9896764040803459,14.913890825436297,14.78597953067308,14.709312529657467,14.772588744535152,14.845916324058543,18.602355798627126,13.933587035959802,17.996632048633177,17.955001106920502,17.8691651012965,18.011018795292934,17.97691266335948,21.06170550667167,18.65067195950086,19.220350111582988,19.617569907887994,19.169992756882337,20.09493452824979,19.169316266756297,23.426808075021764,18.65067195950086,0.0001323229569545676
L2 Lyapunov (mid),phase,1.0,179.59722222222223,0.8170361423328123,29,45.069280362769504,1.841567772508205,nan,0.5777088479597359,0.9766666666666667,0.9766666666666667,0.8845303428751573,0.9380584244820754,11.195277034315485,11.052178429907483,11.20519107215792,11.054256447313811,11.19576921863043,13.560254136692365,10.964332814561743,12.623559255509036,12.63390881362236,12.60197382789943,12.613403363665922,12.61464942545079,15.886707361751872,13.49539202337785,13.738468448579804,14.268040631268832,13.711355720127711,14.172127411767505,13.73192158224057,17.612052278554486,13.49539202337785,6.006324149823232e-05
L2 Lyapunov (mid),phase,3.0,179.59722222222223,0.8170361423328123,135,14.874643726399952,1.0937734575227043,nan,0.5777088479597359,0.9766666666666667,0.9766666666666667,0.98,0.98,12.79729700455546,12.999322568283535,12.805091968699708,12.994847481119116,12.806111053558443,14.692050792834497,12.459250847676769,14.546739035652529,14.677548378482879,14.551110681116857,14.64427524043084,14.53072488433783,16.70108751343412,16.088344963310078,16.931655234207362,16.5314767128033,16.882363507266557,17.321488167264643,16.730841065120995,18.767685075892786,16.088344963310078,0.00010346126484786595
L2 Lyapunov (mid),phase,7.0,179.59722222222223,0.8170361423328123,154,3.949378971675247,1.0254464939069818,nan,0.5777088479597359,0.9766666666666667,0.9766666666666667,0.9793528081606918,0.9793528081606918,13.805862824302393,14.113400224927839,13.818603656751776,14.109288183710119,13.8229141581022,14.820387219946966,13.603631599033493,15.608309081000868,15.922242117113298,15.606300784805837,15.888393279946618,15.58953457922195,16.799735189777007,17.920399863988713,18.52455751460257,17.959773140836308,18.369783302535147,19.01678552611213,18.580625592575906,19.025913360500205,17.920399863988713,0.00013875480260186083
L2 Lyapunov (mid),phase,1.0,202.0,0.2910814054819025,143,26.037840133013436,0.6765290639384294,nan,0.5125873238947964,0.99,0.99,0.8904524435657234,0.909158059887107,9.248380500643488,9.221574289952823,9.207141902816527,9.218867930334875,9.213674843445837,17.16513993058143,8.94362525271861,13.154820987719534,11.882661009818355,12.978129633700581,12.389502461826039,13.412598330472125,19.564495261680655,17.05899039799403,18.181274135177386,17.726552329833755,16.997332967692977,16.72791041170573,17.691262818578274,22.061072283695427,17.05899039799403,4.571781400553558e-05
L2 Lyapunov (mid),phase,3.0,202.0,0.2910814054819025,440,17.168274900305022,0.3470675623795343,nan,0.5125873238947964,0.99,0.99,0.9896764040803459,0.9926861414940251,10.071462491716836,10.066355346581883,10.055252393257799,10.064540493622086,10.061811685035757,18.56552438504058,9.648781900148665,16.04073618126808,15.975959571665292,15.720744768503206,15.646255126020433,16.11757391570457,20.999217134029546,18.59569136941383,19.16633598960207,18.589920666149784,18.83291410774503,18.65886721027579,19.07209397283736,23.431196763137976,18.59569136941383,5.5521628078101354e-05
L2 Lyapunov (mid),phase,7.0,202.0,0.2910814054819025,542,8.929402747928263,0.3458440499952612,nan,0.5125873238947964,0.99,0.99,0.9930097374136791,0.9930097374136791,13.39134279696723,11.901850757165302,13.439830990872858,11.935095548276939,12.565843420530921,18.57297399787248,11.069944378990092,17.500066768506347,17.731977634868205,17.39862028447557,17.46379150504923,17.58919357043433,21.007011369772453,18.679346041133968,19.339941475414072,19.51489775085994,19.188165244208303,19.90004713336973,19.15053802448142,23.43833688894334,18.679346041133968,0.00010468434416017841
L2 Lyapunov (mid),phase,1.0,208.93055555555554,0.7470941682215853,25,241.50229254923582,2.86300627950752,nan,0.5687952272333507,0.99,0.99,0.704401495229088,0.7957932530444969,9.53285016295308,9.49778926362383,9.479258500235686,9.494926127778605,9.581665316494767,12.988705490558234,9.051439017523979,11.937993111577,11.898321606945274,11.922684962667777,11.978055622698713,11.982246939904798,15.498220325210545,12.2862841197255,12.6680906513865,13.49181943584314,12.648169964703206,13.774341268444289,12.651002191230226,17.591641923590068,12.2862841197255,0.0001090156240856996
L2 Lyapunov (mid),phase,3.0,208.93055555555554,0.7470941682215853,69,33.205671052025146,1.0949366987004452,nan,0.5687952272333507,0.99,0.99,0.9626861414940252,0.9656958789077044,12.767921478171193,12.66618653441313,12.752446273919707,12.666168018101107,12.749892150797434,15.087383521681137,12.419502143318484,14.285251051301683,14.220340861878748,14.282347803063983,14.188883689333853,14.290788480368201,17.287489086122346,15.335404109923639,16.039003109319886,15.916185449460016,15.899889348280073,16.272755335466115,15.909649849214059,19.086211167458274,15.335404109923639,4.8124404028237606e-05
L2 Lyapunov (mid),phase,7.0,208.93055555555554,0.7470941682215853,213,2.354597186865502,0.7587832290677186,nan,0.5687952272333507,0.9921076256297392,0.9921076256297392,0.9969902625863208,0.9969902625863208,15.728490038712676,15.478188303248661,15.741988737617538,15.474321845535151,15.74503083632037,15.868106998324217,15.358391334162516,17.49906154466834,17.311899323911387,17.50226379490029,17.27869850227819,17.51552662718172,17.85269006509356,20.543465603062756,21.234748548412078,19.547012978954047,20.549334474118314,20.664814708362762,21.214201135438845,20.073675356264395,20.543465603062756,0.00030498317824941576
L2 Lyapunov (mid),phase,1.0,232.0,0.2650043864940653,152,24.57355766454403,0.6447938964258588,nan,0.5130813060728141,0.9766666666666667,0.9766666666666667,0.8954037564973272,0.9104524435657234,9.68619601120062,9.482669772223657,9.645852215978767,9.47982826736791,9.653979527054023,17.270552982224203,9.345338996664854,13.167768117514726,11.809805037409442,13.051427530487247,11.972269054989718,13.457266620850154,19.68474670825171,17.110983982257753,18.757283143901567,17.925528163602465,17.428826893596845,16.994348301872545,18.219740485690135,22.171048116889448,17.110983982257753,4.3594908146457486e-05
L2 Lyapunov (mid),phase,3.0,232.0,0.2650043864940653,403,17.517303870786527,0.35154683120173025,nan,0.5130813060728141,0.9875485845928117,0.9875485845928117,0.9866666666666667,0.9839805251726415,10.29579105288931,10.133755935364684,10.262344643861592,10.131234120106813,10.270077644144074,18.566147005792335,9.962077586469734,15.518439068045684,15.4870356925707,15.200635534347613,15.237022747980461,15.62757919263428,20.973608206153692,18.65067195950085,19.37371967670116,18.669993396292817,18.756734837053415,17.67812413996478,19.179485134789573,23.45859398288719,18.65067195950085,4.677799009908539e-05
L2 Lyapunov (mid),phase,7.0,232.0,0.2650043864940653,559,9.349605568334944,0.3426176693294574,nan,0.5130813060728141,0.9875485845928117,0.9875485845928117,0.9896764040803459,0.99,11.775597511879228,11.360147923693004,11.714608276287352,11.364478785425812,11.70943768882023,18.618376632726886,11.176573223970722,17.74669741683323,17.66157870215704,17.500769127307255,17.33451048432416,17.816985302784854,21.02974571737206,19.523016353763865,19.84797288967475,19.60840776534466,19.73034519605955,19.94456164587255,19.77238268866223,23.513356015000912,19.523016353763865,8.402908525611413e-05
L2 Lyapunov (mid),phase,1.0,237.94444444444446,0.656133569772103,11,926.0586542066036,10.199802875669064,nan,0.5775316154443368,0.9626457537784351,0.99,0.6125917209661945,0.9703235959196541,2.3380230568738996,2.2354909947381247,2.340665232602139,2.2346505324706114,2.3359772075130123,10.697432838696837,2.1835945156195176,3.6769077425745182,3.5554334270419847,3.674057772412331,3.5463687647544,3.671037057191362,13.167801011711253,5.879932287106993,6.621249183085899,5.293350135263681,6.178253023501866,5.702879707527886,6.773042372993892,15.612770644342095,5.879932287106993,0.0003729496496108109
L2 Lyapunov (mid),phase,3.0,237.94444444444446,0.656133569772103,11,925.9269704333822,10.197206879865169,nan,0.5775316154443368,0.9626457537784351,0.99,0.6125917209661945,0.9673138585059748,2.33871305625154,2.236083620173138,2.3410576380514323,2.235242699728878,2.33636815327664,10.69803400676589,2.1835945156195176,3.677387431607955,3.556164749078546,3.6741024808407334,3.5471034179694687,3.6716122218385148,13.16833032193833,5.879932287106993,6.624004093408774,5.294437819211217,6.180154781168867,5.704111195603562,6.776438360941806,15.613330368666055,5.879932287106993,0.00037265824663062434
L2 Lyapunov (mid),phase,7.0,237.94444444444446,0.656133569772103,352,5.299205705210949,0.8131454747601511,nan,0.5775316154443368,0.9966666666666667,0.9966666666666667,1.0,1.0,15.01224436606902,14.912260545681132,14.9902936601165,14.907392288432971,14.995522286718796,16.117378611898435,14.671696064632402,16.57993752802602,16.523316635194554,16.537846295161668,16.478738819857192,16.55373112885539,18.416032660630858,17.78426972903342,18.620159593742258,18.326890731937024,18.397295739305868,19.17213722072056,18.316638939941722,20.159640789287533,17.78426972903342,0.0003840976095821874
L2 Lyapunov (mid),phase,1.0,262.0,0.2389273675062302,149,25.989021096974703,0.5798310163766877,nan,0.5146373445314409,0.9933333333333333,0.9933333333333333,0.872717615003302,0.884432968738365,9.413108226638325,9.540228088872071,9.501834985373216,9.53734806195898,9.498246478896064,17.49128514293446,9.13862504618036,11.458955018242198,11.559540766798525,11.451140829873085,11.593576498581779,11.464598096931285,19.914384905659716,16.994220532218968,18.41447238112111,17.858675871494164,17.297245634879534,16.918123673902823,17.903089332603706,22.395626756270502,16.994220532218968,3.621979733710465e-05
L2 Lyapunov (mid),phase,3.0,262.0,0.2389273675062302,316,20.170057552977784,0.37883338811376227,nan,0.5146373445314409,0.9933333333333333,0.9933333333333333,0.9796764040803458,0.9773138585059749,9.927832120688374,10.005586206614858,9.992356126584822,10.00262766535148,9.998825995354215,18.415737328540807,9.610319163076847,12.680600565970426,12.59416630248423,12.609806953832928,13.172828412306863,12.732500742432943,20.80832814415241,17.992121480773168,18.689956223565574,18.495884794837384,17.74883718967978,17.514817683814098,18.439898533603998,23.313981012150613,17.992121480773168,3.6799148449497925e-05
L2 Lyapunov (mid),phase,7.0,262.0,0.2389273675062302,602,8.385569370752759,0.3133664643265005,nan,0.5146373445314409,0.9933333333333333,0.9933333333333333,0.99,0.9903235959196541,11.48429170276202,11.599000260247541,11.594270295810023,11.602045579372614,11.589535452341346,18.81070863648531,11.115517321241393,17.35269763133916,17.889807281320582,17.26550373036092,17.699401144106684,17.517267294371358,21.216458218843183,19.5403528730736,19.987760599479174,19.907275542426714,19.77100340328603,20.23535031950885,19.827836068874387,23.71065571129202,19.5403528730736,7.264903658768869e-05
L2 Lyapunov (mid),phase,1.0,263.86805555555554,0.36184062720011023,112,37.8791630606103,0.6847631246918147,nan,0.5178141379676037,0.9833333333333333,0.9833333333333333,0.8977348285624214,0.9317153537350629,8.254677917533792,8.419575283457927,8.25717124012324,8.41706334788072,8.262430109176803,17.061173950828227,8.029292280327594,12.108294421376364,12.98832950518413,11.819816676425155,12.95505830923238,12.099079591563356,19.472048687643987,15.632256868936906,17.12824978850846,16.95475449230533,15.898486878226677,15.924336626400896,16.766677826227653,21.94262528737089,15.632256868936906,5.573751983392194e-05
L2 Lyapunov (mid),phase,3.0,263.86805555555554,0.36184062720011023,396,18.622504293947017,0.3795468515552843,nan,0.5178141379676037,0.9812257077035941,0.9812257077035941,0.9896764040803459,0.99,9.619632756753807,9.733153259210631,9.601941296508665,9.735972501859193,9.597274227393878,18.276449415755774,9.270981240061898,15.630362081079845,16.05407109812046,15.487808743987545,15.742050881921518,15.646881827982881,20.76539137222312,17.7262452620332,18.125567168178403,18.047343136980984,17.94381505196423,18.37164395281614,18.001275960749126,23.000764570230395,17.7262452620332,6.863965601633945e-05
L2 Lyapunov (mid),phase,7.0,263.86805555555554,0.36184062720011023,540,12.339792648258578,0.37344069376610134,nan,0.5178141379676037,0.98,0.98,0.9896764040803459,0.99,11.26240006625513,12.657127303023053,11.381082670874967,12.689701870287218,11.278735485544955,18.310338916195253,10.203707304152685,16.504119201446873,16.90136281351888,16.417122483310838,16.758226122455596,16.526661868908466,20.800599920117925,17.777813197866752,18.212626494592495,18.61350904199791,18.135216590357757,19.034021794531796,18.138892311889734,23.02696665831098,17.777813197866752,9.731372514789691e-05
L2 Lyapunov (mid),phase,1.0,292.0,0.21285034851839102,132,31.529334485371376,0.6464617958131222,nan,0.5173642715229938,0.9966666666666667,0.9966666666666667,0.7991895333963839,0.8088659374767297,9.408611311642646,9.345934072303802,9.407233811821792,9.342767676774098,9.414485558327023,17.17846019539277,9.148364074957408,11.373411325395878,11.253631150967427,11.381562023967241,11.239243015403583,11.370503861661971,19.68733186362296,16.310183221752915,17.41293872037903,17.135385478226326,16.267026061272198,16.04502309394516,16.875451515159533,22.119933121674435,16.310183221752915,2.5451247412802174e-05
L2 Lyapunov (mid),phase,3.0,292.0,0.21285034851839102,238,25.642747427424556,0.4657116026184027,nan,0.5173642715229938,1.0,1.0,0.9438831510358491,0.9345303428751573,9.87561869250394,9.700353823084418,9.879271099706408,9.69713768146551,9.887756558124735,17.94210292510684,9.566129562816297,11.856038190076275,11.658129573258396,11.847944940816232,11.665287838533272,11.864574381898672,20.36318833743406,17.08171812280345,18.5863325896427,17.867922037941543,17.090340658258942,16.86371906564867,17.64174418109117,22.83988001547293,17.08171812280345,2.5194063902945225e-05
L2 Lyapunov (mid),phase,7.0,292.0,0.21285034851839102,618,7.41183079051761,0.31726319523063634,nan,0.5173642715229938,1.0,1.0,0.9903235959196541,0.9903235959196541,12.22945250945892,11.886633884482846,12.242205758916173,11.888392184085749,12.23677503010353,18.77561700982427,11.625835263389158,18.14284868749845,18.149207237347255,17.87901001935754,17.840502049448226,18.304848265785953,21.168228007387988,20.46631969554812,20.60517955388494,20.237279120018837,20.569059331033557,20.54427758247636,20.62194932316306,23.68037615194625,20.46631969554812,5.796571207664059e-05
L2 Lyapunov (mid),phase,1.0,294.24305555555554,0.36043764547492685,77,65.21509960725895,0.7928138536442307,nan,0.5175866007544377,0.9887742922964059,0.9887742922964059,0.8145962435026728,0.8658906271812892,7.507000575441376,7.553654609064722,7.519058698567854,7.550898715647111,7.512556200120683,16.760615431226086,7.295330597301211,9.535464855373235,9.516364145643337,9.568448425731203,9.523937972081658,9.551363315391683,19.155315342593717,14.617701183744193,16.090912203855474,15.78817611416554,14.660953954268711,14.821936678790687,15.226208386548077,21.655428301038903,14.617701183744193,3.9537172950456634e-05
L2 Lyapunov (mid),phase,3.0,294.24305555555554,0.36043764547492685,314,27.809413783869307,0.3728776492297902,nan,0.5175866007544377,0.99,0.99,0.9863430707470126,0.99,8.897913147253949,8.951069868405064,8.917809269317367,8.94900825796045,8.91130860648837,18.315590405659908,8.697027479265143,14.237111553416,14.785094300905715,13.970447478407626,14.486008241438736,14.285983351721026,20.805042564130474,17.287635107037982,17.92734385050021,17.46576515617875,17.42711202362597,17.436999163637626,17.741930107706356,23.03576348926493,17.287635107037982,5.1813878454169954e-05
L2 Lyapunov (mid),phase,7.0,294.24305555555554,0.36043764547492685,455,15.28163979060927,0.38677815029477985,nan,0.5175866007544377,0.9942152512594784,0.9942152512594784,0.99,0.99,10.129135857012452,10.30947205024211,10.154802595318216,10.321068815583946,10.155320695153637,18.239223788079276,9.772900154071973,16.195643363700945,16.45985700440703,16.101583473088972,16.376343853001107,16.21639780352507,20.725586038418065,17.769155678647643,18.147755257125784,18.323003886104487,17.98002455627193,18.688818513100752,18.014582298125536,22.97638328343496,17.769155678647643,8.854935033466739e-05
L2 Lyapunov (mid),phase,1.0,321.99305555555554,0.18631640291117715,122,36.03978786723477,0.5477207612515345,nan,0.5216637602362509,0.9866666666666667,0.9866666666666667,0.6932015320783023,0.7058876735723275,9.389794134390947,9.23612223185651,9.396173436801444,9.232730061442082,9.404425293607655,17.475030777598988,9.13862504618036,11.18270708791668,11.113215685799668,11.173595590826778,11.086280861660123,11.195659458613179,19.9956921965456,15.152740596563874,15.894875538244978,15.764594212158492,15.01543165676665,15.075405031012911,15.704664766629726,22.426882157033113,15.152740596563874,1.529779674815022e-05
L2 Lyapunov (mid),phase,3.0,321.99305555555554,0.18631640291117715,147,34.967688366644175,0.5052442736804339,nan,0.5216637602362509,0.9866666666666667,0.9866666666666667,0.7443670681108494,0.7968269878220129,9.42930849390105,9.275255418930753,9.434970037419223,9.271841820613764,9.443140683025947,17.679645597946436,9.160552457522915,11.218847483882168,11.15421452327119,11.209318644266396,11.127462469455372,11.231278912086593,20.16245075193611,15.152740596563874,16.053312942204435,16.00217356423859,15.167442384196232,15.17758732104694,15.847842158657656,22.60320387023071,15.152740596563874,1.63017472959296e-05
L2 Lyapunov (mid),phase,7.0,321.99305555555554,0.18631640291117715,623,5.620235401908962,0.275516419545248,nan,0.5216637602362509,0.9887742922964059,0.9887742922964059,0.9869902625863208,0.9869902625863208,12.83545747216863,12.509630335665424,12.843555809391951,12.513437618327277,12.851272587025349,19.027619808583005,12.26177138823825,18.695124902615415,18.784798009881793,18.5756334771983,18.62086994928907,18.724432027375798,21.42494601909763,20.509244824686444,20.879817873500944,20.7674895120192,20.729428934862824,21.108506552371566,20.774313451819964,23.92427545795485,20.509244824686444,4.028437954556628e-05
L2 Lyapunov (mid),phase,1.0,336.86805555555554,0.16505321432970899,10,1370.0265241482075,23.54691089180484,nan,0.5265806011883397,0.8843647026656806,0.8698056616287532,0.4364089713745281,0.8459221006905662,2.7256729662464165,2.5962030016196915,2.7075911925303298,2.5999222365282364,2.6760181693895357,8.748952438435301,2.422554980975375,5.160833939068958,4.885837145093385,5.1387646612139966,4.989649567953166,5.21618777450988,10.98905003499352,6.237236268353725,6.4518018076031165,6.8202293225572,6.429881302375008,7.201507963296158,6.41803768740076,12.728835131431048,6.237236268353725,6.200749712813696e-05
L2 Lyapunov (mid),phase,3.0,336.86805555555554,0.16505321432970899,10,1367.4277040142115,23.498295235310447,nan,0.5265806011883397,0.8843647026656806,0.8698056616287532,0.4400659006275155,0.8482846462649372,2.7306252560033326,2.6010618918065367,2.7125481390106088,2.604785466854765,2.6809047287357477,8.753510605124243,2.422554980975375,5.164845861929529,4.891192271268978,5.142966573015229,4.995196050949067,5.220314871731589,10.99208647024594,6.237236268353725,6.454592993424794,6.823923311389834,6.432347071125364,7.206221856033328,6.420576609574545,12.733650943079995,6.237236268353725,6.190986669811523e-05
L2 Lyapunov (mid),phase,1.0,352.0,0.1606963105427208,86,39.17941668135827,0.7290103043504933,nan,0.5277853291973341,0.98,0.98,0.7705498177025158,0.7995790299435535,9.32813751871337,9.112541159129385,9.361174015598484,9.109020331498943,9.358962758316727,16.536626405998692,9.051439017523979,11.181693901096871,10.960267537112506,11.153907806353077,10.929561674955606,11.157738099533852,19.333130294340965,14.386010228702723,15.460461718510341,13.140263077296684,14.439175474814029,14.237388417337373,15.22465091319974,21.725987392760132,14.386010228702723,3.067513126279145e-05
L2 Lyapunov (mid),phase,3.0,352.0,0.1606963105427208,86,39.179417917028886,0.7290103043504933,nan,0.5277853291973341,0.98,0.98,0.7705498177025158,0.7995790299435535,9.328137544598968,9.112541114807676,9.361174018619769,9.109020287084116,9.358962781845094,16.536626405998692,9.051439017523979,11.181693875773535,10.960267487108306,11.153907725462247,10.929561623661048,11.157738062763238,19.333130294340965,14.386010228702723,15.46046132541675,13.140262994082983,14.439175225416884,14.23738833987639,15.22465055960618,21.725987392760132,14.386010228702723,3.067513041579291e-05
L2 Lyapunov (mid),phase,7.0,352.0,0.1606963105427208,689,3.5508178488348543,0.27297095931449233,nan,0.5277853291973341,0.9921076256297392,0.9921076256297392,0.9890292122410377,0.9890292122410377,15.970774191808518,14.165643413332706,15.890464742519406,14.232736221882334,16.137065259397218,18.961818889287255,14.758503028824181,19.94311115519148,19.73858232902519,19.76448455451375,19.735802887848468,19.95898944885525,21.371781676215654,20.546861289615563,21.458870576003253,21.533316007366945,21.39380235368217,21.92759302012306,21.36331779733677,23.86070748659396,20.546861289615563,3.369307998872882e-05
L2 Lyapunov (mid),blackout,1.0,20.71527777777778,0.36301209546715546,211,19.332702221147045,0.44224197299172463,4.097222222222222,0.518008976485554,0.9933333333333333,0.9933333333333333,0.9560194748273585,0.9706471918393081,9.496619002510851,9.456148860757402,9.520195963819534,9.45623205891886,9.513891819134251,17.958184949346826,9.138625046180362,15.438411787900824,15.718646298389487,15.217426653236647,15.481752687494343,15.476869789223034,20.435176199260315,17.75597771108226,18.120497277252806,17.87556110654799,17.91110269604652,18.050715954745822,18.011059658560974,22.75100842468981,17.75597771108226,8.098974599908669e-05
L2 Lyapunov (mid),blackout,3.0,20.71527777777778,0.36301209546715546,557,13.24062631657306,0.29983605633511035,4.097222222222222,0.518008976485554,0.99,0.99,0.9866666666666667,0.9930097374136791,11.004280109044634,11.72463730859795,11.025776311442964,11.826703590137495,11.107389486065966,18.770701226016804,10.252732033905241,16.389132151178927,16.772147678477268,16.254220658125178,16.709637165362132,16.434359658094177,21.28168623930397,17.762383169821202,18.240849805950987,18.520025804991555,18.129717719343155,18.92542940146236,18.13449359239082,23.37779541005404,17.762383169821202,7.338281239022238e-05
L2 Lyapunov (mid),blackout,7.0,20.71527777777778,0.36301209546715546,677,9.749188025218146,0.300402720253152,4.097222222222222,0.518008976485554,0.9878923743702608,0.9878923743702608,0.9926861414940251,0.9963430707470126,13.723155497897977,14.3348039667136,13.64405455546096,14.318047658307018,13.772940136940614,18.766712799672394,13.123290830538288,17.110929338233493,17.274318227389106,17.02461880887958,17.308620403694057,17.137584780191464,21.27749264868281,17.809084606684358,18.413596820785063,18.916229048675888,18.365867787169307,19.425427449334848,18.36420709694468,23.374708781425696,17.809084606684358,9.577370862613705e-05
L2 Lyapunov (mid),blackout,1.0,28.743055555555557,0.8912192635172774,94,30.81707871697582,0.7163367550462753,14.48611111111111,0.5988762821435111,0.98,0.98,0.9565692925298743,0.9782846462649372,11.283577317149884,11.326812792306306,11.254847703282728,11.325027303334595,11.251106686449242,14.907950292617778,11.00483287930512,12.962822420709166,12.950968409861582,12.966599208668644,12.934133841168341,12.9560784290988,16.64590499234521,14.203304333588724,14.94697231250932,14.760259021776506,14.817733771151287,14.640178823338267,14.924882521967126,20.253935242082175,14.203304333588724,3.562087000844263e-05
L2 Lyapunov (mid),blackout,3.0,28.743055555555557,0.8912192635172774,348,6.8017546966146485,0.5041093962896782,14.48611111111111,0.5988762821435111,0.99,0.99,0.9833333333333333,0.9863430707470126,13.386967103534008,13.527976272011333,13.41238122052699,13.524368943754856,13.416091075411034,15.463431289684381,12.966976305484662,15.172878075760266,15.386566886385143,15.169426002475983,15.35851549480444,15.163106861951198,17.42249415910699,18.04970539269369,18.89853426597188,18.445500735077037,18.326298143872148,19.029572055070126,18.796618808914683,21.234239523823007,18.04970539269369,0.0001024322565299195
L2 Lyapunov (mid),blackout,7.0,28.743055555555557,0.8912192635172774,488,3.5085142373166325,0.47555758169737034,14.48611111111111,0.5988762821435111,0.99,0.99,0.9866666666666667,0.9866666666666667,14.158922898473255,14.3137663621951,14.18151880629441,14.310371535545146,14.181161710134553,15.545317613818609,13.96701958110426,15.992577624304095,16.22682791744851,15.985011311607723,16.218834590804708,15.988373011808077,17.58137485128404,20.445234434429803,21.51339945309567,22.156727720574338,20.645842727781368,21.09844394249714,21.189640432075034,21.39609867698846,20.445234434429803,0.0001476289511656142
L2 Lyapunov (mid),blackout,1.0,43.923611111111114,0.8900608460353058,24,240.56281477600115,2.806627558679366,3.3055555555555554,0.5984762052230652,1.0,1.0,0.6579925238545599,0.7405498177025158,9.281027801636267,9.283609900525471,9.304491174455848,9.296049098273212,9.289880619794308,12.167885429118932,9.124035939246046,10.980143218528125,10.903946878857193,10.969422452325341,10.876955940206106,10.956857779503487,14.56267031283768,11.5026619024054,12.130547208082607,12.486265655039935,12.104891266264659,12.879882191789605,12.120890471678726,16.324834346014782,11.5026619024054,3.475026117111692e-05
L2 Lyapunov (mid),blackout,3.0,43.923611111111114,0.8900608460353058,24,240.54779120211035,2.8064787363273034,3.3055555555555554,0.5984762052230652,1.0,1.0,0.6579925238545599,0.7405498177025158,9.281092614233124,9.283671057777065,9.304543768661478,9.296109105517832,9.28993390882176,12.168001059885137,9.124035939246046,10.980199906584497,10.904004157151835,10.969476502064094,10.877013885188454,10.956923719884077,14.562772744715309,11.5026619024054,12.130632584786209,12.48632632330056,12.104977974070968,12.879908794884594,12.120979263916182,16.324915144701727,11.5026619024054,3.475002055923051e-05
L2 Lyapunov (mid),blackout,7.0,43.923611111111114,0.8900608460353058,24,239.9668812193477,2.8007632798628537,3.3055555555555554,0.5984762052230652,1.0,1.0,0.6579925238545599,0.7405498177025158,9.283673147962372,9.286094352292528,9.30662686674247,9.298486807754808,9.292044702376666,12.172447287315642,9.124035939246046,10.982442903752379,10.906268107739145,10.971616449189115,10.879304649475044,10.959531871846702,14.566711257454429,11.5026619024054,12.133943889052004,12.488723616175317,12.108342604488165,12.880945325860411,12.12442901919942,16.328021732053234,11.5026619024054,3.474158790579274e-05
L2 Lyapunov (mid),blackout,1.0,51.145833333333336,0.3652645266663674,218,18.717768045854317,0.5645300637584422,4.256944444444445,0.5183962028601659,0.9933333333333333,0.9933333333333333,0.9534307074701257,0.9710681618957547,9.883527980900718,9.497181296686712,9.873916633664663,9.497657438267815,9.870775191305583,17.45091861057772,9.495848448757664,15.694150341810984,15.787230393459929,15.425251199376236,15.539434811792184,15.828769041518218,19.889496750085378,17.763617079074233,18.0957861516422,17.894166074427208,17.909541059600013,18.0742459573832,18.00093204996489,22.318937216114783,17.763617079074233,8.297075245466337e-05
L2 Lyapunov (mid),blackout,3.0,51.145833333333336,0.3652645266663674,612,13.10312315414694,0.3130921274828758,4.256944444444445,0.5183962028601659,0.9957847487405216,0.9957847487405216,0.9866666666666667,0.99,13.348096408593207,12.152581816451429,13.405196149764274,12.219127965061547,13.357676341641326,18.676562945966257,10.790547845963305,16.706779483252518,16.78713210563623,16.59347260009137,16.75264736553764,16.754222546245582,21.18323713720486,17.772351810058407,18.345754087978875,18.520191855672945,18.278731638340304,18.932621425821413,18.27518553954984,23.294684118409155,17.772351810058407,7.448653607968778e-05
L2 Lyapunov (mid),blackout,7.0,51.145833333333336,0.3652645266663674,746,9.87047218460721,0.28427259159795726,4.256944444444445,0.5183962028601659,0.9866666666666667,0.9866666666666667,0.9866666666666667,0.9903235959196541,14.851435560586285,14.311630694005666,14.71234333587259,14.295142823961127,14.865044063557376,18.880925154178254,14.157991581500438,17.52274325688671,17.24451785711215,17.42784690311226,17.280914904735717,17.510135179187703,21.3974866318392,17.823058188278758,18.41641980578197,18.88565578831959,18.38380821871357,19.39479318225901,18.382319510508655,23.4513779447426,17.823058188278758,9.373269570320142e-05
L2 Lyapunov (mid),blackout,3.0,58.99305555555556,0.8815916027045423,274,7.929723502588043,0.6713410720294708,13.86111111111111,0.5955936250040397,0.9966666666666667,0.9966666666666667,0.9933333333333333,0.9966666666666667,13.447621482486694,13.367085816904574,13.437229857623826,13.363445135154546,13.44184033070671,15.100338521016448,13.123290830538288,15.256661906481574,15.201319360522207,15.229562914687254,15.170071482475313,15.249576915651401,16.817574014814156,17.828606298544244,18.5862090519061,17.415944185852947,18.14073048632625,18.44271942955742,18.631787750295423,20.48926137318126,17.828606298544244,0.00010583004374714513
L2 Lyapunov (mid),blackout,7.0,58.99305555555556,0.8815916027045423,374,5.084636170962064,0.6300354290873249,13.86111111111111,0.5955936250040397,0.9966666666666667,0.9966666666666667,0.9966666666666667,0.9966666666666667,13.952445780604439,13.86589077799811,13.940132810705418,13.862481191767554,13.947147209654673,15.208602700260776,13.464624915459593,15.785050989858584,15.731276369164231,15.755370222388914,15.704229096311282,15.77675803182617,16.932402997106383,19.179497950862725,20.20942966011698,20.290071691419026,19.389444330163183,19.660006894124436,20.040272876328835,20.662265423160388,19.179497950862725,0.00012921884768527243
L2 Lyapunov (mid),blackout,1.0,74.32638888888889,0.8904855707876395,51,99.45320816390013,1.20291411888299,3.2708333333333335,0.5986227508851469,0.9933333333333333,0.9933333333333333,0.8427176150033021,0.909158059887107,10.524495390352497,10.395407515167587,10.517289651172037,10.395607091281397,10.519948316286648,13.984116937192121,10.168833226679007,11.97771759817846,11.958704569415668,11.959715042404,11.934496544540432,11.977728625847194,15.869997463026783,13.029277436841639,13.212051735514862,13.652857470670945,13.17887176147232,13.689804513409726,13.208374807850815,18.462696093308452,13.029277436841639,4.8124138689167696e-05
L2 Lyapunov (mid),blackout,3.0,74.32638888888889,0.8904855707876395,64,70.24817756266646,1.005010056727987,3.2708333333333335,0.5986227508851469,0.9933333333333333,0.9933333333333333,0.9455011306341196,0.9514891319522012,10.9453307616012,10.808563347593124,10.933421779503606,10.806172604845429,10.936735056252989,14.321154500223562,10.602564136955532,12.398736436525503,12.386882819573781,12.366400332280165,12.344337265802034,12.387174783709051,16.132174729347447,13.423711189466552,13.896910757925788,14.134906061838604,13.831276119121641,14.913363910530393,13.849473989304359,19.147042587833287,13.423711189466552,3.122449903400838e-05
L2 Lyapunov (mid),blackout,7.0,74.32638888888889,0.8904855707876395,64,70.23524733655708,1.0049251355711535,3.2708333333333335,0.5986227508851469,0.9933333333333333,0.9933333333333333,0.9455011306341196,0.9514891319522012,10.945623380017393,10.808780125359474,10.933705280758257,10.806388678443891,10.937019918791467,14.321314838837225,10.602564136955532,12.398983809303015,12.387111351020023,12.36665449913468,12.344570135642876,12.38742566644813,16.13230227528495,13.423711189466552,13.897413418843422,14.135161741572482,13.831726856573388,14.91355347796025,13.849979582896497,19.14736116106923,13.423711189466552,3.121563377815165e-05
L2 Lyapunov (mid),blackout,1.0,81.52777777777777,0.36431847156056174,190,21.98004310400587,0.5077019798757403,4.076388888888889,0.518231525499185,0.99,0.99,0.9626861414940252,0.9726861414940252,9.355037768116711,9.225820307683957,9.290327120859931,9.225192699315325,9.296692544613945,17.673676563528236,9.051439017523979,15.39768356441565,15.396874891803705,15.30483097082575,15.12813078494926,15.451549730385866,20.124886951659377,17.745565685411634,18.10117143320801,17.706953600118492,17.90506616332644,17.879682980986942,18.0108208084048,22.52864973068903,17.745565685411634,6.551461768723915e-05
L2 Lyapunov (mid),blackout,3.0,81.52777777777777,0.36431847156056174,590,12.566793159433509,0.3223860964491457,4.076388888888889,0.518231525499185,0.9866666666666667,0.9866666666666667,0.9930097374136791,0.9933333333333333,13.296467969631108,12.668669897737336,13.30221261967159,12.697393912280324,13.472076937543498,18.616366830547207,12.459250847676769,16.88122986216967,16.87466597294806,16.768493479206484,16.788614331891974,16.964755479089586,21.119804091172963,17.78426972903342,18.287827688256474,18.582750786959274,18.20526264234985,19.003006579531455,18.20484872103922,23.252519923807288,17.78426972903342,8.399623908982721e-05
L2 Lyapunov (mid),blackout,7.0,81.52777777777777,0.36431847156056174,745,9.332679437335486,0.30437602271997277,4.076388888888889,0.518231525499185,0.9921076256297392,0.9921076256297392,0.9963430707470126,0.9936569292529874,14.722993045442513,14.5717636470215,14.702052891460138,14.553579569650386,14.837149198957333,18.737298767315743,14.271545526303463,17.510101377882467,17.338490913635106,17.484741203906474,17.358983029688297,17.56176879347284,21.246792788630227,17.823058188278758,18.43417204749712,18.965728633033912,18.39450849895443,19.495647408648743,18.393779845431204,23.345791139665465,17.823058188278758,0.00010570925422311604
L2 Lyapunov (mid),blackout,1.0,89.23611111111111,0.8715070152724286,46,35.46402045598675,1.2360777587192358,13.006944444444445,0.5922842490814277,0.9854409589630725,0.9866666666666667,0.8874427061520441,0.8994816558067611,10.871335858291214,10.900442682361167,10.860009956076938,10.89991141776623,10.858606122873978,14.062619966433441,10.567439997009636,12.300529002440369,12.47559984985583,12.27115589977305,12.454227960814357,12.283610282180515,16.019419696950084,13.473847675474891,13.874281937554864,14.194301237064733,13.771196989073724,14.086814983829818,13.835710700824366,18.329806343764275,13.473847675474891,4.0703674139837784e-05
L2 Lyapunov (mid),blackout,3.0,89.23611111111111,0.8715070152724286,196,9.926887566285806,0.7350252372646178,13.006944444444445,0.5922842490814277,0.99,0.99,0.9833333333333333,0.9866666666666667,13.089455391564277,13.11656613117054,13.08245281222585,13.112661168443985,13.088710283164188,15.033602205844954,12.774198838668246,14.857855766896503,14.91047532224142,14.840521843469757,14.878027195928405,14.85834728059239,16.764820074610903,17.496034382813175,18.12238398496366,16.85312030996749,17.732972175030458,17.867968685914953,18.194398467929535,20.237244327467387,17.496034382813175,0.00010866338351424907
L2 Lyapunov (mid),blackout,7.0,89.23611111111111,0.8715070152724286,259,6.27383431432883,0.7228974075729929,13.006944444444445,0.5922842490814277,0.99,0.99,0.9863430707470126,0.9893528081606918,13.530091502613583,13.585445450539407,13.530292064518122,13.58164682617192,13.530427837994047,15.062725057185819,13.348668959977731,15.367624426778512,15.424191293789978,15.349005560033513,15.394489372672771,15.366998406048488,16.78905014627128,18.136427003047004,19.258093051146673,17.65578186874411,18.561620326220034,18.7608791200579,19.193555518584866,20.29228052111505,18.136427003047004,0.00012977918291138285
L2 Lyapunov (mid),blackout,1.0,104.72916666666667,0.8909102955093335,99,25.551019014602975,0.8187962921005624,3.2916666666666665,0.5987694589426971,0.98,0.98,0.9509707877589623,0.9543041210922957,11.5033646291591,11.66856757439737,11.509490363385364,11.666688138526714,11.505713153024871,14.694834514154538,11.191889529600898,13.131596636290116,13.327530515154665,13.146612212254212,13.312826246657462,13.135714902936215,16.44078853549306,14.340114590636926,15.045846571950188,15.169215797709363,14.898091298574231,15.04491589765839,15.115025964501822,19.8391487003112,14.340114590636926,3.875600432643017e-05
L2 Lyapunov (mid),blackout,3.0,104.72916666666667,0.8909102955093335,173,15.238836573590438,0.668414470539654,3.2916666666666665,0.5987694589426971,0.9854409589630725,0.9854409589630725,0.9796764040803458,0.9806471918393082,12.472985220121117,12.449088656125413,12.458219951861198,12.444816309129008,12.45169919712778,15.023552494356004,12.13186041330298,14.161527078865369,14.203119564260474,14.159995833453836,14.169424477942338,14.179722990157385,16.756706157112234,15.707363606672335,16.57693799105812,16.09862783147801,16.45155242503129,17.030808071085733,16.706989624550268,20.469261095983008,15.707363606672335,5.5901606707376937e-05
L2 Lyapunov (mid),blackout,7.0,104.72916666666667,0.8909102955093335,173,15.238746101588635,0.6684075417369001,3.2916666666666665,0.5987694589426971,0.9854409589630725,0.9854409589630725,0.9796764040803458,0.9806471918393082,12.472992807542472,12.449096454871766,12.458227559556581,12.444824120239899,12.451706288797302,15.023569472642095,12.13186041330298,14.161536789533788,14.203128286947408,14.160005513164544,14.16943321767316,14.179732724220544,16.756722449154996,15.707363606672335,16.57694249175808,16.098638014484205,16.451554273720532,17.030818487247462,16.707004495516568,20.46928874545637,15.707363606672335,5.5901917894384475e-05
L2 Lyapunov (mid),blackout,1.0,111.92361111111111,0.364286269662877,159,24.01018366266831,0.6543729701397583,4.194444444444445,0.5182259723266055,0.9766666666666667,0.9778923743702608,0.9277348285624214,0.9370876367231131,9.020886683243173,9.016518582402027,9.021049948621387,9.01505007391127,9.014438588921422,17.149370773170443,8.697027479265143,14.646079050682038,14.999378239419208,14.232063504905312,14.741969882707679,14.566479460401016,19.56816687371031,17.42629030763045,17.979895922277965,17.522177410548025,17.540473651307043,17.634560180744195,17.821172579531524,22.02699757430139,17.42629030763045,8.029420246974168e-05
L2 Lyapunov (mid),blackout,3.0,111.92361111111111,0.364286269662877,526,14.93663205102369,0.3432810492540836,4.194444444444445,0.5182259723266055,0.9875485845928117,0.9875485845928117,0.9826861414940251,0.9863430707470126,10.3536606314631,10.498528580877554,10.27829010905118,10.526784047959348,10.28217728183185,18.48381524664761,9.804178390064408,16.220633655406708,16.518417472496232,16.099073292305597,16.477614370632455,16.205038900359426,20.98197687569666,17.743884812976347,18.123645539211818,18.342503068615514,17.985691213023735,18.72220734816677,18.012012348780903,23.15121533474846,17.743884812976347,7.33668786521254e-05
L2 Lyapunov (mid),blackout,7.0,111.92361111111111,0.364286269662877,696,10.722615862740536,0.3200801799338995,4.194444444444445,0.5182259723266055,0.9912257077035941,0.9912257077035941,0.9856958789077044,0.9860194748273585,13.6899925937943,13.882844344723159,13.445425758151119,13.866054362034033,13.580761891194799,18.631468192273598,12.659910772291589,16.99915099039166,17.117166802258794,16.833249898584118,17.172565002020306,16.974581511440466,21.135655473469733,17.78669153271392,18.369845055489407,18.783036559083413,18.32041506433063,19.25799144855124,18.3179621280458,23.264321075574514,17.78669153271392,9.562360074303345e-05
L2 Lyapunov (mid),blackout,1.0,119.79861111111111,0.88244105217857,26,62.47613697969997,1.155553295465821,11.82638888888889,0.5958789434598153,0.99,0.99,0.8764719183930818,0.9673138585059748,10.641233489897237,10.679486709263982,10.63851732076424,10.678996166045932,10.641345206074142,14.115992842142603,10.451197739136902,12.18007258561931,12.255177068384834,12.190390622832627,12.235769659566635,12.183272391463678,16.008133177023016,13.281489698569573,14.130654985787928,13.969082056532962,13.963465646000873,13.817332351645392,14.092955389524874,18.617631408692446,13.281489698569573,5.8764583837483427e-05
L2 Lyapunov (mid),blackout,3.0,119.79861111111111,0.88244105217857,133,10.137171686281311,0.6907354726956821,11.82638888888889,0.5958789434598153,0.9866666666666667,0.9866666666666667,0.9833333333333333,0.9833333333333333,12.834750668858765,13.0009944041768,12.819983512263883,12.997013189785381,12.825111695619519,15.044470432645163,12.509115673322432,14.552684638256348,14.801428143564987,14.578841382683262,14.769491342632515,14.563096918453054,16.76818688940814,17.08171812280345,17.223675770707914,16.76656809975057,17.19574795222913,17.79011757752589,17.387599525793192,20.402291475721036,17.08171812280345,0.00011894114555529392
L2 Lyapunov (mid),blackout,7.0,119.79861111111111,0.88244105217857,195,6.1786017834514855,0.6501012199182729,11.82638888888889,0.5958789434598153,0.9866666666666667,0.9866666666666667,0.9866666666666667,0.9869902625863208,13.419838497243662,13.574367695498122,13.404018595068726,13.570665589710922,13.409279649863125,15.147144014994957,13.029277436841639,15.184252228313317,15.42541167022403,15.205204171166535,15.396661672822065,15.192091264678002,16.85984261438794,17.877504200101328,18.34082991979104,18.065663228700405,18.114222456131294,18.951882205732517,18.46606947358702,20.573664939223768,17.877504200101328,0.00015239581551388856
L2 Lyapunov (mid),blackout,1.0,135.0625,0.8867657540985122,105,21.988716889783294,0.7729869221254264,3.3541666666666665,0.5973452261429084,0.9866666666666667,0.9866666666666667,0.9582846462649371,0.9662456966102202,11.347311458918268,11.221574384348513,11.334001763680883,11.220069991876317,11.338183096329509,14.820678896418904,11.001935062872693,12.864373640599068,12.831654644853314,12.879163654405032,12.815500696355077,12.861582043161112,16.563754787695476,14.101553876378729,14.502814998088967,14.621949067288469,14.45444628097924,14.49360636845712,14.498420360272512,20.029293246548416,14.101553876378729,3.264798896010092e-05
L2 Lyapunov (mid),blackout,3.0,135.0625,0.8867657540985122,244,8.801760912610762,0.48822939428811685,3.3541666666666665,0.5973452261429084,0.99,0.99,0.9903235959196541,0.9903235959196541,13.227437669056249,13.156977324755786,13.238818641913348,13.153219423470581,13.231124762251879,15.547831845196,12.889518647080932,15.126624076519045,14.978779816310503,15.108993315799264,14.946358286993098,15.124416373706907,17.52110006368498,17.877504200101328,18.624687817053427,17.066578863491358,18.069338387922603,18.12594789748023,18.66081166321285,21.34551766442571,17.877504200101328,8.283595836218657e-05
L2 Lyapunov (mid),blackout,7.0,135.0625,0.8867657540985122,248,7.927121101586491,0.48539573043843953,3.3541666666666665,0.5973452261429084,0.99,0.99,0.9903235959196541,0.9903235959196541,13.33422661100669,13.261961392475792,13.34556642783058,13.258348051002832,13.337780770622361,15.556097117866509,13.123290830538288,15.25294376190848,15.09307046408085,15.227612282454606,15.060881444774651,15.25048356257008,17.53609224815074,17.992121480773168,18.9751638220718,17.287583945354037,18.30240851080964,18.322833368516164,18.94866950769983,21.361829352596107,17.992121480773168,8.764880677266046e-05
L2 Lyapunov (mid),blackout,1.0,142.19444444444446,0.3560293887082794,131,28.38757616582449,0.7408616045197278,4.277777777777778,0.516911881427535,0.9933333333333333,0.9933333333333333,0.9,0.9630097374136792,8.803871718432683,8.754125008740592,8.789754357025593,8.75230917229538,8.796575211738556,16.911344534394324,8.46398776263499,14.476558171496066,14.138934972205256,14.11676274226338,13.94532924222789,14.618372840783637,19.30616752563003,17.287635107037982,18.04398943761926,17.27956060736812,17.141479016803892,16.806052560603174,17.93568556566471,21.7971391197278,17.287635107037982,8.970628736107925e-05
L2 Lyapunov (mid),blackout,3.0,142.19444444444446,0.3560293887082794,451,17.705044201364505,0.39919291222283665,4.277777777777778,0.516911881427535,0.9966666666666667,0.9966666666666667,0.9893528081606918,0.9933333333333333,9.951907625516586,9.853906958477243,9.95577943869796,9.856706630078547,9.959282099202037,18.180362863487886,9.587315155141829,15.970103644307091,16.17110771941289,15.840596371129996,15.92120510002033,16.023048283736497,20.660371871996098,17.775894140664942,18.204213165530206,18.155879908398276,18.044387581408753,18.483235847935134,18.07980913753076,22.943327511013322,17.775894140664942,6.999706195514115e-05
L2 Lyapunov (mid),blackout,7.0,142.19444444444446,0.3560293887082794,596,12.32996938588199,0.3662123588088136,4.277777777777778,0.516911881427535,0.9945590410369275,0.9945590410369275,0.9863430707470126,0.9896764040803459,12.416872060707268,12.204039894204646,12.262474179018696,12.280149752422663,12.429564329284133,18.35989618002077,10.704691042841556,16.80886586928669,16.922943550350727,16.705961266318642,16.73308773492355,16.89955348358003,20.84793777598359,17.76767195588135,18.44709222530748,18.653940853163977,18.384027534667847,19.066632861361686,18.367530720012144,23.085306109025666,17.76767195588135,9.105139153002152e-05
L2 Lyapunov (mid),blackout,1.0,149.80555555555554,0.8568209598101136,25,61.79195126177187,1.2580463493974974,12.097222222222221,0.5877666256631793,0.99,0.99,0.9199026258632076,0.9710681618957547,10.916127187650266,10.938626051588498,10.93723516447246,10.938750511289426,10.937911368053593,14.128200057945055,10.619517373768932,12.304609013013478,12.505598420668552,12.305659608708751,12.485622636063018,12.317299316441831,16.13825605801457,13.53858412089884,13.645510740326262,14.200184711179986,13.61871844104157,14.072763860907877,13.6525199776434,18.27129012946846,13.53858412089884,6.317518414893414e-05
L2 Lyapunov (mid),blackout,3.0,149.80555555555554,0.8568209598101136,137,11.126558664733691,0.7146329627653923,12.097222222222221,0.5877666256631793,0.9966666666666667,0.9966666666666667,0.9933333333333333,0.9933333333333333,13.166212974494586,13.088603500730969,13.167913118090501,13.084454895878036,13.173560926009895,15.213185418049996,12.77072045196881,14.83707700135235,14.853938769337724,14.82516967598636,14.82075083735918,14.845096925407587,16.94871193614778,17.204972102057397,17.6478142417721,16.76015697279899,17.48245352597526,17.696946372949267,17.85389059145356,20.377185235572554,17.204972102057397,0.00012018320780601865
L2 Lyapunov (mid),blackout,7.0,149.80555555555554,0.8568209598101136,185,8.479410605459485,0.6464539903679153,12.097222222222221,0.5877666256631793,0.9966666666666667,0.9966666666666667,0.9933333333333333,0.9933333333333333,13.432472603522447,13.391517662555867,13.434054023262215,13.387535837375253,13.43659653035961,15.388032699794275,13.123290830538288,15.205886962922905,15.19130441037001,15.191720206227862,15.158685584918876,15.211416617728812,17.125900621977458,17.70694587369903,18.355390764153125,17.182564256120887,18.035926017846307,18.179494381214738,18.461832652883977,20.675194989755717,17.70694587369903,0.00013128676418867254
L2 Lyapunov (mid),blackout,1.0,165.52777777777777,0.8913028183946201,101,23.21660833909523,0.6888570144192507,3.2569444444444446,0.5989051847600104,0.9933333333333333,0.9933333333333333,0.9606471918393081,0.9743041210922957,11.606142628645284,11.403599679641475,11.555088867103189,11.401159060988348,11.560965408972352,14.970865145996733,11.191889529600898,13.16418424737646,13.034600059921441,13.102580333545173,13.011948219403688,13.1177286415712,16.7065984222207,14.203304333588724,15.289321247463702,14.85115721257423,14.575806656520932,14.866354684512553,14.64724751660582,20.37684298228764,14.203304333588724,3.0490881346803526e-05
L2 Lyapunov (mid),blackout,3.0,165.52777777777777,0.8913028183946201,252,8.315412109629543,0.48260766290748675,3.2569444444444446,0.5989051847600104,0.9933333333333333,0.9933333333333333,0.98,0.9806471918393082,13.132771381614477,13.240509169403479,13.098738472528556,13.23693190437021,13.095634690789211,15.52386704332728,12.826488473613393,14.945540438963599,15.075972527181943,15.018991317987519,15.044215333345692,14.995761844941086,17.540970396990367,17.496034382813175,17.91948281667932,17.324632402882088,17.764375156247407,18.350067564703192,18.15747519670976,21.354702255490544,17.496034382813175,8.777171122650573e-05
L2 Lyapunov (mid),blackout,7.0,165.52777777777777,0.8913028183946201,294,5.55599722759281,0.4465320580988697,3.2569444444444446,0.5989051847600104,0.9912257077035941,0.9912257077035941,0.9836569292529874,0.9836569292529874,13.531470479179896,13.677299059917685,13.501626127134713,13.673732313196828,13.502348530231245,15.633490086541832,13.315036961329087,15.387340708071433,15.542924482107011,15.456738700886739,15.516751522798225,15.435156531293927,17.77917932856798,18.576325176744785,19.179980376788045,19.83450263831613,18.704399716362946,19.398581390263978,19.2554726638966,21.553814709813665,18.576325176744785,0.00010875087297538974
L2 Lyapunov (mid),blackout,1.0,172.71527777777777,0.3642218659287849,124,29.575287511343586,0.6088555646261435,4.104166666666667,0.5182148762517024,0.9845590410369275,0.9866666666666667,0.9534307074701257,0.9697737782171384,8.707083957360574,8.737059246452478,8.713611425376104,8.73507995874432,8.719882697802472,17.296840604375276,8.383238035417676,13.408929032151866,14.327119490465748,13.11395809806723,14.070205071439487,13.41871920001717,19.72479731353004,16.878253862966087,17.60009138120054,17.259193358885216,16.982149923449025,17.01476841453164,17.37236373925462,22.170759006191563,16.878253862966087,6.515667910946125e-05
L2 Lyapunov (mid),blackout,3.0,172.71527777777777,0.3642218659287849,408,15.721753068759423,0.35545703597787187,4.104166666666667,0.5182148762517024,0.9833333333333333,0.9833333333333333,0.9833333333333333,0.9836569292529874,10.35905152582672,10.264859293516812,10.369307982077478,10.277368999679197,10.36138000061225,18.41038994015903,9.495848448757664,16.1954349459591,16.40893741287892,16.104128660176567,16.339663717535906,16.216900532098393,20.905909978232696,17.763617079074233,18.194832874434564,18.26837967667965,18.080586740747286,18.634495301341055,18.0970047048907,23.095396235435008,17.763617079074233,7.919308246182091e-05
L2 Lyapunov (mid),blackout,7.0,172.71527777777777,0.3642218659287849,546,10.843177710714665,0.324186922835767,4.104166666666667,0.5182148762517024,0.98,0.98,0.9863430707470126,0.9863430707470126,13.833490829333376,13.800455550726175,13.685973827927238,13.78580356693043,13.850637552798103,18.604821016426502,12.659910772291589,17.15406471491797,17.098536074182377,17.030020752616725,17.154796920485357,17.17759935934405,21.107644358208688,17.775894140664942,18.410191347144774,18.767825886683717,18.35713870935699,19.238216928464738,18.35424748006769,23.244018791075284,17.775894140664942,0.00010821923666059513
L2 Lyapunov (mid),blackout,1.0,179.59722222222223,0.8170361423328123,29,45.069280362769504,1.841567772508205,12.67361111111111,0.5777088479597359,0.9766666666666667,0.9766666666666667,0.8845303428751573,0.9380584244820754,11.195277034315485,11.052178429907483,11.20519107215792,11.054256447313811,11.19576921863043,13.560254136692365,10.964332814561743,12.623559255509036,12.63390881362236,12.60197382789943,12.613403363665922,12.61464942545079,15.886707361751872,13.49539202337785,13.738468448579804,14.268040631268832,13.711355720127711,14.172127411767505,13.73192158224057,17.612052278554486,13.49539202337785,6.006324149823232e-05
L2 Lyapunov (mid),blackout,3.0,179.59722222222223,0.8170361423328123,135,14.874643726399952,1.0937734575227043,12.67361111111111,0.5777088479597359,0.9766666666666667,0.9766666666666667,0.98,0.98,12.79729700455546,12.999322568283535,12.805091968699708,12.994847481119116,12.806111053558443,14.692050792834497,12.459250847676769,14.546739035652529,14.677548378482879,14.551110681116857,14.64427524043084,14.53072488433783,16.70108751343412,16.088344963310078,16.931655234207362,16.5314767128033,16.882363507266557,17.321488167264643,16.730841065120995,18.767685075892786,16.088344963310078,0.00010346126484786595
L2 Lyapunov (mid),blackout,7.0,179.59722222222223,0.8170361423328123,154,3.949378971675247,1.0254464939069818,12.67361111111111,0.5777088479597359,0.9766666666666667,0.9766666666666667,0.9793528081606918,0.9793528081606918,13.805862824302393,14.113400224927839,13.818603656751776,14.109288183710119,13.8229141581022,14.820387219946966,13.603631599033493,15.608309081000868,15.922242117113298,15.606300784805837,15.888393279946618,15.58953457922195,16.799735189777007,17.920399863988713,18.52455751460257,17.959773140836308,18.369783302535147,19.01678552611213,18.580625592575906,19.025913360500205,17.920399863988713,0.00013875480260186083
L2 Lyapunov (mid),blackout,1.0,195.9375,0.892184469735693,111,18.601633584841615,0.9519483684016768,3.2430555555555554,0.5992105167554359,0.99,0.99,0.9673138585059748,0.967637454425629,11.855409206734494,11.768881965010477,11.807633360451549,11.76699848017094,11.813465135986576,14.410443104541283,11.594918818030376,13.439159475814716,13.441359434807223,13.437115499773245,13.426573293129673,13.4492640387366,16.19746549888327,14.85312359023014,15.631323537630612,15.293688850713107,15.21826159155344,15.171705955226727,15.334858141709246,19.35003677725011,14.85312359023014,4.33870661974196e-05
L2 Lyapunov (mid),blackout,3.0,195.9375,0.892184469735693,276,8.037721949759439,0.5817766175304133,3.2430555555555554,0.5992105167554359,0.9966666666666667,0.9966666666666667,0.9996764040803459,0.9996764040803459,13.481180219562772,13.197789270215235,13.43366129794116,13.194143470551534,13.442914009627964,15.240129847239656,12.966976305484662,15.270708940579498,15.030239251699184,15.178663851552914,14.998245340010337,15.197251437534863,17.030008415435066,18.87550239495458,19.585325061284685,17.242736462005805,18.75992451300791,18.28015212208767,19.63507745821901,20.837641110311722,18.87550239495458,8.368384261817572e-05
L2 Lyapunov (mid),blackout,7.0,195.9375,0.892184469735693,330,5.206228671355961,0.5678665824453244,3.2430555555555554,0.5992105167554359,0.9966666666666667,0.9966666666666667,0.9996764040803459,0.9996764040803459,13.965666673475566,13.668741237928652,13.916890753633957,13.665141892125757,13.926173820268582,15.280217575216145,13.44159562498809,15.785530866301595,15.534358012473133,15.686057409357923,15.508073373796304,15.710537781598546,17.095108454311298,20.121176921376538,21.03198206640911,19.85131580976194,20.138311172755404,19.397217311560542,20.878560648481916,20.90331324263149,20.121176921376538,0.00010333362149589253
L2 Lyapunov (mid),blackout,1.0,203.09027777777777,0.36281888420359953,130,27.876336698371766,0.6485816046863223,4.111111111111111,0.5179765352860171,0.9966666666666667,0.9966666666666667,0.9657932530444968,0.9731071115504717,8.806431859969454,8.820029621722385,8.762681623645605,8.818112458029406,8.7688349427529,17.169881384257003,8.491076815270654,14.44965479602709,14.530578489325025,14.185315565187889,14.237228402380824,14.6198516923218,19.588638403567636,17.204972102057397,17.971255504639238,17.339018329616263,17.464916723817314,17.185144687519458,17.862576044348867,22.04837543709803,17.204972102057397,7.386248829614739e-05
L2 Lyapunov (mid),blackout,3.0,203.09027777777777,0.36281888420359953,426,16.949902805056595,0.34822707228326066,4.111111111111111,0.5179765352860171,0.9933333333333333,0.9933333333333333,0.99,0.99,10.233596078062586,9.971423153330164,10.170653711729523,9.978671826826735,10.168309775584621,18.455715568467625,9.648781900148665,16.208561449510626,16.259138611288748,16.11511344000906,16.101292859349176,16.245799263148616,20.952111119454493,17.779842140755306,18.101806716901738,18.17422681961356,17.936014707798048,18.522309860303,17.98431399649459,23.13541821319072,17.779842140755306,7.192657256514584e-05
L2 Lyapunov (mid),blackout,7.0,203.09027777777777,0.36281888420359953,582,12.493178757907001,0.33627312157786815,4.111111111111111,0.5179765352860171,0.9912257077035941,0.9912257077035941,0.99,0.99,13.37939253737665,12.559875955034615,13.332905740631071,12.613264077668882,13.514681283115022,18.5295300773281,11.5026619024054,16.846349684768402,16.880326427771553,16.717929924994067,16.766730033879174,16.962474281194943,21.02864929335447,17.76767195588135,18.39899795048069,18.5924235440652,18.330223678757125,19.01051598005993,18.32524484200284,23.192038194289996,17.76767195588135,9.080323595052063e-05
L2 Lyapunov (mid),blackout,1.0,208.93055555555554,0.7470941682215853,25,241.50229254923582,2.86300627950752,13.527777777777779,0.5687952272333507,0.99,0.99,0.704401495229088,0.7957932530444969,9.53285016295308,9.49778926362383,9.479258500235686,9.494926127778605,9.581665316494767,12.988705490558234,9.051439017523979,11.937993111577,11.898321606945274,11.922684962667777,11.978055622698713,11.982246939904798,15.498220325210545,12.2862841197255,12.6680906513865,13.49181943584314,12.648169964703206,13.774341268444289,12.651002191230226,17.591641923590068,12.2862841197255,0.0001090156240856996
L2 Lyapunov (mid),blackout,3.0,208.93055555555554,0.7470941682215853,69,33.205671052025146,1.0949366987004452,13.527777777777779,0.5687952272333507,0.99,0.99,0.9626861414940252,0.9656958789077044,12.767921478171193,12.66618653441313,12.752446273919707,12.666168018101107,12.749892150797434,15.087383521681137,12.419502143318484,14.285251051301683,14.220340861878748,14.282347803063983,14.188883689333853,14.290788480368201,17.287489086122346,15.335404109923639,16.039003109319886,15.916185449460016,15.899889348280073,16.272755335466115,15.909649849214059,19.086211167458274,15.335404109923639,4.8124404028237606e-05
L2 Lyapunov (mid),blackout,7.0,208.93055555555554,0.7470941682215853,213,2.354597186865502,0.7587832290677186,13.527777777777779,0.5687952272333507,0.9921076256297392,0.9921076256297392,0.9969902625863208,0.9969902625863208,15.728490038712676,15.478188303248661,15.741988737617538,15.474321845535151,15.74503083632037,15.868106998324217,15.358391334162516,17.49906154466834,17.311899323911387,17.50226379490029,17.27869850227819,17.51552662718172,17.85269006509356,20.543465603062756,21.234748548412078,19.547012978954047,20.549334474118314,20.664814708362762,21.214201135438845,20.073675356264395,20.543465603062756,0.00030498317824941576
L2 Lyapunov (mid),blackout,1.0,226.33333333333334,0.892152267868648,138,14.807359225306001,0.8625714287965982,3.2430555555555554,0.5991993533714608,0.98,0.98,0.9803235959196541,0.9803235959196541,11.84868736573159,12.000004948923086,11.876921562249153,11.998271197781788,11.881622091612583,14.599314526647703,11.63059895081424,13.51180515075332,13.699262017364607,13.532305230839519,13.685599760090511,13.531717385970435,16.349384680019092,15.427559955735509,16.01338520731885,15.56533644642631,15.946536220923498,15.495722716137688,15.85961471544686,19.67685343416597,15.427559955735509,5.941601377792066e-05
L2 Lyapunov (mid),blackout,3.0,226.33333333333334,0.892152267868648,344,6.190935819903498,0.5873217552063129,3.2430555555555554,0.5991993533714608,0.9866666666666667,0.9866666666666667,0.9956958789077044,0.9960194748273585,13.590232649659239,13.544114634785696,13.576892294583114,13.540531607700293,13.576124364826265,15.224758336239884,13.305996679160774,15.39366558316125,15.404115893841256,15.396215862340528,15.37652767209519,15.415409107030849,17.00483708967929,18.755257611250983,19.770372225017734,18.666606174279774,18.920507871153035,19.088443076586646,19.61759796735225,20.81208595676061,18.755257611250983,0.00010047340170615372
L2 Lyapunov (mid),blackout,7.0,226.33333333333334,0.892152267868648,397,3.9507323935467697,0.537518424758623,3.2430555555555554,0.5991993533714608,0.9866666666666667,0.9866666666666667,0.99,0.99,14.092522398164013,14.056356824694637,14.076308720326931,14.052990661600191,14.069160342263483,15.365825264756124,13.767620887076541,15.938085630827187,15.941850089747462,15.93900971105185,15.92043675094645,15.958795784042245,17.243964753552127,20.445234434429803,21.28138457704354,21.548617534052774,20.421772600680466,20.44835041399814,21.02261182415549,21.053275257428286,20.445234434429803,0.0001268248262056048
L2 Lyapunov (mid),blackout,1.0,233.45833333333334,0.3609589758590374,136,31.265227796123924,0.841882118456492,4.125,0.5176704169453058,0.9821076256297392,0.9833333333333333,0.8655985047709119,0.9533333333333334,8.830125174948545,8.739553837401338,8.825611217567687,8.737457625281483,8.832796293779538,16.631501678120607,8.627828121948822,13.582177394730206,14.234772410235854,13.122955761899314,13.995195100294742,13.440892062184268,19.02589136459119,16.95934711757073,17.727524382415933,17.26210403189701,17.011420994290013,16.895204309645045,17.419609528082383,21.536883185772627,16.95934711757073,7.541293150647402e-05
L2 Lyapunov (mid),blackout,3.0,233.45833333333334,0.3609589758590374,448,18.027169957607235,0.42236111829488215,4.125,0.5176704169453058,0.9878923743702608,0.9878923743702608,0.9766666666666667,0.9830097374136791,10.033550236092477,9.8113827057895,9.912567312760414,9.814691902815946,9.909621746668659,18.05607241964021,9.495848448757664,15.748739685685251,16.13076246341796,15.450589343472231,15.857003202143787,15.736993167800193,20.535428423012608,17.739001671905918,18.189939977609274,18.098138890742014,18.038427797836995,18.42973881389052,18.06949773756724,22.832227081293215,17.739001671905918,7.015068039454355e-05
L2 Lyapunov (mid),blackout,7.0,233.45833333333334,0.3609589758590374,584,12.335287553623788,0.42249988615613937,4.125,0.5176704169453058,0.99,0.99,0.9830097374136791,0.9830097374136791,12.564238293579617,12.611292214720265,12.05629300790204,12.663332081752019,12.191677937493042,18.055395183905727,10.704691042841556,16.762706088439085,16.906631905545215,16.531206301199166,16.745356738430196,16.857404779013677,20.53472342083122,17.770713720900947,18.395322833863755,18.6212459054044,18.335912407331207,19.04096741583638,18.32952396368373,22.831699064752513,17.770713720900947,9.434545947838209e-05
L2 Lyapunov (mid),blackout,1.0,237.94444444444446,0.656133569772103,11,926.0586542066036,10.199802875669064,9.4375,0.5775316154443368,0.9626457537784351,0.99,0.6125917209661945,0.9703235959196541,2.3380230568738996,2.2354909947381247,2.340665232602139,2.2346505324706114,2.3359772075130123,10.697432838696837,2.1835945156195176,3.6769077425745182,3.5554334270419847,3.674057772412331,3.5463687647544,3.671037057191362,13.167801011711253,5.879932287106993,6.621249183085899,5.293350135263681,6.178253023501866,5.702879707527886,6.773042372993892,15.612770644342095,5.879932287106993,0.0003729496496108109
L2 Lyapunov (mid),blackout,3.0,237.94444444444446,0.656133569772103,11,925.9269704333822,10.197206879865169,9.4375,0.5775316154443368,0.9626457537784351,0.99,0.6125917209661945,0.9673138585059748,2.33871305625154,2.236083620173138,2.3410576380514323,2.235242699728878,2.33636815327664,10.69803400676589,2.1835945156195176,3.677387431607955,3.556164749078546,3.6741024808407334,3.5471034179694687,3.6716122218385148,13.16833032193833,5.879932287106993,6.624004093408774,5.294437819211217,6.180154781168867,5.704111195603562,6.776438360941806,15.613330368666055,5.879932287106993,0.00037265824663062434
L2 Lyapunov (mid),blackout,7.0,237.94444444444446,0.656133569772103,352,5.299205705210949,0.8131454747601511,9.4375,0.5775316154443368,0.9966666666666667,0.9966666666666667,1.0,1.0,15.01224436606902,14.912260545681132,14.9902936601165,14.907392288432971,14.995522286718796,16.117378611898435,14.671696064632402,16.57993752802602,16.523316635194554,16.537846295161668,16.478738819857192,16.55373112885539,18.416032660630858,17.78426972903342,18.620159593742258,18.326890731937024,18.397295739305868,19.17213722072056,18.316638939941722,20.159640789287533,17.78426972903342,0.0003840976095821874
L2 Lyapunov (mid),blackout,1.0,248.48611111111111,0.34974817281199727,16,732.8449365049986,10.098686155297447,4.375,0.5160516122696801,0.9293124204451018,0.9035276717045801,0.5437887305080185,0.9256958789077043,2.9105198443250666,2.7750415862665263,2.931181012076293,2.7777180422018715,2.927090052622886,9.717028572957478,2.7309516095985154,4.4361172141608805,4.360476816303638,4.379397057199657,4.345106417287421,4.387110154538881,13.40224615989582,5.47202543379517,5.665184330605208,6.1068348431716855,5.612902192202686,6.770899300550919,5.635060560956353,16.259630809598708,5.47202543379517,0.00034356942405341896
L2 Lyapunov (mid),blackout,3.0,248.48611111111111,0.34974817281199727,20,194.49501987464512,2.5327460796987626,4.375,0.5160516122696801,0.9912257077035941,0.9912257077035941,0.657605980916352,0.7359880013180816,5.90221881222121,5.789736583527794,5.916518167903862,5.786179006734766,5.923897495161839,14.052534845940889,5.672313374985809,7.682318329873687,7.584865000033098,7.6062183767373766,7.555858506379042,7.626657523121681,16.754434934270428,10.964332814561743,11.700350367275814,9.529236900000807,10.886659582639814,10.530220286644688,11.659319558894294,19.14519356795366,10.964332814561743,2.3084487409139384e-05
L2 Lyapunov (mid),blackout,7.0,248.48611111111111,0.34974817281199727,20,194.494978676895,2.53272585620332,4.375,0.5160516122696801,0.9912257077035941,0.9912257077035941,0.657605980916352,0.7359880013180816,5.902231272471518,5.789749161846501,5.916537552972225,5.786191459605387,5.923916679778451,14.052555600957898,5.672313374985809,7.6823261898585855,7.584874440836329,7.606225160732545,7.555867039913863,7.626664343861629,16.754452234962073,10.964332814561743,11.699668758905357,9.52924743817807,10.886448460930495,10.530249456144624,11.658920544439747,19.145210635639916,10.964332814561743,2.308469035864236e-05
L2 Lyapunov (mid),blackout,1.0,256.72222222222223,0.8916631393515825,169,16.473984969871278,0.5533733583803097,3.2847222222222223,0.5990298921431224,0.9912257077035941,0.9912257077035941,0.967637454425629,0.9803235959196541,11.95740620147889,11.933275316589478,11.960734286044998,11.931270063400195,11.956087030727215,15.328453981744328,11.641324385452156,13.573294848682352,13.62456647773327,13.549276765992326,13.608809402952916,13.567529711904076,17.168419056540333,14.85312359023014,16.362631184342113,15.48726481737625,15.274790424413133,15.395857795480357,16.410580458560236,20.975990963081937,14.85312359023014,3.5016484428889694e-05
L2 Lyapunov (mid),blackout,3.0,256.72222222222223,0.8916631393515825,444,5.4841461497358415,0.3480839578179052,3.2847222222222223,0.5990298921431224,0.9966666666666667,0.9966666666666667,0.9933333333333333,0.9933333333333333,14.041934222177312,13.821892102401966,14.026865605216472,13.818585513081619,14.032216278683627,15.9866020755737,13.603631599033493,15.89621278645055,15.695252822607907,15.860943501279968,15.671674000429327,15.885839531029118,18.80765031837518,20.2017065608578,21.299562788205918,20.684312101594866,20.22752053539875,19.81184588846451,20.93874496215121,22.156696078618022,20.2017065608578,9.73510915847171e-05
L2 Lyapunov (mid),blackout,7.0,256.72222222222223,0.8916631393515825,550,3.4056491996013634,0.3226731345184487,3.2847222222222223,0.5990298921431224,0.9966666666666667,0.9966666666666667,0.9933333333333333,0.9933333333333333,14.574548568260832,14.371895647049724,14.59042204741369,14.368540219333587,14.587445739931368,16.09701553290885,14.135389444733269,16.588391517106427,16.296110343645417,16.565042174330085,16.29500219440978,16.583794749805932,19.089250720077,21.542723957543533,22.813224553001948,22.309660323943838,21.655075623137563,21.24895239201631,22.2311295789252,22.344045076920164,21.542723957543533,0.00012496830095373946
L2 Lyapunov (mid),blackout,1.0,263.86805555555554,0.36184062720011023,112,37.8791630606103,0.6847631246918147,13.354166666666666,0.5178141379676037,0.9833333333333333,0.9833333333333333,0.8977348285624214,0.9317153537350629,8.254677917533792,8.419575283457927,8.25717124012324,8.41706334788072,8.262430109176803,17.061173950828227,8.029292280327594,12.108294421376364,12.98832950518413,11.819816676425155,12.95505830923238,12.099079591563356,19.472048687643987,15.632256868936906,17.12824978850846,16.95475449230533,15.898486878226677,15.924336626400896,16.766677826227653,21.94262528737089,15.632256868936906,5.573751983392194e-05
L2 Lyapunov (mid),blackout,3.0,263.86805555555554,0.36184062720011023,396,18.622504293947017,0.3795468515552843,13.354166666666666,0.5178141379676037,0.9812257077035941,0.9812257077035941,0.9896764040803459,0.99,9.619632756753807,9.733153259210631,9.601941296508665,9.735972501859193,9.597274227393878,18.276449415755774,9.270981240061898,15.630362081079845,16.05407109812046,15.487808743987545,15.742050881921518,15.646881827982881,20.76539137222312,17.7262452620332,18.125567168178403,18.047343136980984,17.94381505196423,18.37164395281614,18.001275960749126,23.000764570230395,17.7262452620332,6.863965601633945e-05
L2 Lyapunov (mid),blackout,7.0,263.86805555555554,0.36184062720011023,540,12.339792648258578,0.37344069376610134,13.354166666666666,0.5178141379676037,0.98,0.98,0.9896764040803459,0.99,11.26240006625513,12.657127303023053,11.381082670874967,12.689701870287218,11.278735485544955,18.310338916195253,10.203707304152685,16.504119201446873,16.90136281351888,16.417122483310838,16.758226122455596,16.526661868908466,20.800599920117925,17.777813197866752,18.212626494592495,18.61350904199791,18.135216590357757,19.034021794531796,18.138892311889734,23.02696665831098,17.777813197866752,9.731372514789691e-05
L2 Lyapunov (mid),blackout,1.0,278.90277777777777,0.35108675080309054,48,51.98155157268824,1.3203563638659868,4.3125,0.516225298237575,0.9966666666666667,0.9966666666666667,0.7697423047078614,0.8762142231009432,7.744736461935981,7.639126112653853,7.750494337530669,7.637075667360399,7.757770053304445,15.660749127867865,7.508179801216047,9.698036428269234,9.619042958162142,9.693532271245575,9.623330401372938,9.712966984877323,18.095292507549544,15.335404109923639,16.388946978719584,15.872046456916376,15.147960414834845,14.896727671608133,16.127723502762176,20.566423138188064,15.335404109923639,7.34791545623526e-05
L2 Lyapunov (mid),blackout,3.0,278.90277777777777,0.35108675080309054,63,48.03785482681618,1.0230143243238914,4.3125,0.516225298237575,0.9912257077035941,0.9912257077035941,0.9287056163213837,0.9633333333333334,8.060127714872241,8.141224066183808,8.047944128114846,8.138167518414047,8.041773185714808,16.23132320555927,7.83915397382209,10.273894852835044,10.38301783927866,10.24971024434595,10.538636206341577,10.25221416920999,18.627274382141803,16.088344963310078,16.99054593791173,16.574586274137587,15.944955048109424,15.649102584491732,16.602637210395788,21.125158766321356,16.088344963310078,5.36596138236831e-05
L2 Lyapunov (mid),blackout,7.0,278.90277777777777,0.35108675080309054,63,48.037734171110344,1.0230096646898579,4.3125,0.516225298237575,0.9912257077035941,0.9912257077035941,0.9287056163213837,0.9633333333333334,8.060131173683542,8.141227554830428,8.047947586249354,8.138171007996094,8.041776641597801,16.231332753590337,7.83915397382209,10.273900572872392,10.383024622748163,10.249715768763972,10.538650854595538,10.252219927230511,18.62728386240619,16.088344963310078,16.9905510120943,16.57459098181516,15.944956546367148,15.64910666847512,16.602643492803086,21.125168874960117,16.088344963310078,5.365970239320221e-05
L2 Lyapunov (mid),blackout,1.0,287.1041666666667,0.8907170842457779,193,13.32042057705928,0.6967768071762552,3.3125,0.5987027001917323,0.9866666666666667,0.9866666666666667,0.9646277170119497,0.9646277170119497,12.128504151091443,11.954698529482851,12.120143513519553,11.95264240758097,12.112168121977941,14.957316013187583,11.741391244262035,13.805190504859757,13.64633641378099,13.796423501303563,13.63009212331822,13.8210031345083,16.69293295358695,15.335404109923639,16.49066030388621,15.508748134478285,16.34130968319873,15.433202491194132,16.680150280932416,20.342968827802416,15.335404109923639,3.5451744338396044e-05
L2 Lyapunov (mid),blackout,3.0,287.1041666666667,0.8907170842457779,520,5.41798538579644,0.4117548545721435,3.3125,0.5987027001917323,0.9833333333333333,0.9833333333333333,0.9893528081606918,0.9893528081606918,13.95531439758876,13.83503828902852,13.947140666465467,13.83173927495524,13.954764248173674,15.754214698741217,13.557137311401883,15.774333842332018,15.708034680271403,15.7586151252146,15.684251904100051,15.773148614937734,18.121764728195334,19.865632987949287,20.7489216050076,20.691221539449522,19.896435184302014,19.822526214552127,20.605845795174215,21.751900685689474,19.865632987949287,9.466343754620972e-05
L2 Lyapunov (mid),blackout,7.0,287.1041666666667,0.8907170842457779,660,3.2655597143155344,0.37368830780629986,3.3125,0.5987027001917323,0.9833333333333333,0.9833333333333333,0.9893528081606918,0.9893528081606918,14.534796240741855,14.401924526435405,14.52359835062895,14.398571847140884,14.531572236173131,15.8933731806974,14.088561772612328,16.43311830426122,16.328893102849893,16.43065006892825,16.329732387395563,16.424667357686193,18.540520775720527,21.577953748090067,22.607497352779614,22.36445753918387,21.53439165315787,21.298733719171636,22.089816854643228,21.98790803122081,21.577953748090067,0.00011978437545948474
L2 Lyapunov (mid),blackout,1.0,294.24305555555554,0.36043764547492685,77,65.21509960725895,0.7928138536442307,12.965277777777779,0.5175866007544377,0.9887742922964059,0.9887742922964059,0.8145962435026728,0.8658906271812892,7.507000575441376,7.553654609064722,7.519058698567854,7.550898715647111,7.512556200120683,16.760615431226086,7.295330597301211,9.535464855373235,9.516364145643337,9.568448425731203,9.523937972081658,9.551363315391683,19.155315342593717,14.617701183744193,16.090912203855474,15.78817611416554,14.660953954268711,14.821936678790687,15.226208386548077,21.655428301038903,14.617701183744193,3.9537172950456634e-05
L2 Lyapunov (mid),blackout,3.0,294.24305555555554,0.36043764547492685,314,27.809413783869307,0.3728776492297902,12.965277777777779,0.5175866007544377,0.99,0.99,0.9863430707470126,0.99,8.897913147253949,8.951069868405064,8.917809269317367,8.94900825796045,8.91130860648837,18.315590405659908,8.697027479265143,14.237111553416,14.785094300905715,13.970447478407626,14.486008241438736,14.285983351721026,20.805042564130474,17.287635107037982,17.92734385050021,17.46576515617875,17.42711202362597,17.436999163637626,17.741930107706356,23.03576348926493,17.287635107037982,5.1813878454169954e-05
L2 Lyapunov (mid),blackout,7.0,294.24305555555554,0.36043764547492685,455,15.28163979060927,0.38677815029477985,12.965277777777779,0.5175866007544377,0.9942152512594784,0.9942152512594784,0.99,0.99,10.129135857012452,10.30947205024211,10.154802595318216,10.321068815583946,10.155320695153637,18.239223788079276,9.772900154071973,16.195643363700945,16.45985700440703,16.101583473088972,16.376343853001107,16.21639780352507,20.725586038418065,17.769155678647643,18.147755257125784,18.323003886104487,17.98002455627193,18.688818513100752,18.014582298125536,22.97638328343496,17.769155678647643,8.854935033466739e-05
L2 Lyapunov (mid),blackout,1.0,309.52777777777777,0.3661331272530043,79,47.696180161218166,0.7825964819379974,4.104166666666667,0.5185500223476408,0.99,0.99,0.915243435341981,0.9591265863778302,8.380096153430696,8.096772379202422,8.340600441706995,8.094077747299474,8.349528015268985,16.77932660435712,7.9336535395937915,12.776287841505932,10.780677296580382,12.452103359061889,11.322414234467889,13.01617530710889,19.177279065472362,15.613536366149487,17.50254861321579,16.576707248187564,15.89979602590736,15.622361577242897,17.31617077584242,21.671502047240708,15.613536366149487,6.816760557460821e-05
L2 Lyapunov (mid),blackout,3.0,309.52777777777777,0.3661331272530043,161,31.036366590229115,0.5944224049992772,4.104166666666667,0.5185500223476408,0.9845590410369275,0.9845590410369275,0.9930097374136791,0.9933333333333333,9.024498824470157,8.76619215020999,8.980641253525429,8.763978242585694,8.988849070811224,17.34293109614645,8.673899577591424,14.678785378763239,14.452901211964257,14.394133582990595,14.144214136032323,14.825727469818734,19.77565685010197,17.496034382813175,17.99128772732878,17.28299182833446,17.611143737389803,17.084052381402294,17.891229714646265,22.21300631546375,17.496034382813175,5.121200397378437e-05
L2 Lyapunov (mid),blackout,7.0,309.52777777777777,0.3661331272530043,161,31.0363495070424,0.5944224049992772,4.104166666666667,0.5185500223476408,0.9845590410369275,0.9845590410369275,0.9930097374136791,0.9933333333333333,9.024499769855746,8.766193063092345,8.980642195353585,8.763979157701472,8.98885001164391,17.34293109614645,8.673899577591424,14.678786980739517,14.452903843520037,14.394135885912325,14.14421630402889,14.825729140912609,19.77565685010197,17.496034382813175,17.991289216766383,17.282992686861945,17.61114521598987,17.08405499599611,17.8912300643579,22.21300631546375,17.496034382813175,5.1212035757980226e-05
L2 Lyapunov (mid),blackout,1.0,317.53472222222223,0.892969515444989,204,11.010303411331488,0.5094783409727704,3.2777777777777777,0.5994829225106383,0.9933333333333333,0.9933333333333333,0.99,0.9903235959196541,12.507976200384043,12.354553519745961,12.580408660691022,12.352837265316973,12.57127798396941,15.433350968445362,12.26177138823825,14.340336834882349,14.099107140271954,14.329020284572215,14.086091514214036,14.355135269347592,17.38707005374453,17.01362562784487,17.452679491708857,15.987124266921185,17.20267772767349,15.928175691059021,18.255498412997945,21.196518552766253,17.01362562784487,4.6759226218560435e-05
L2 Lyapunov (mid),blackout,3.0,317.53472222222223,0.892969515444989,561,4.55737051351054,0.38189838690299993,3.2777777777777777,0.5994829225106383,0.9933333333333333,0.9933333333333333,0.9830097374136791,0.9860194748273585,13.974108365661456,14.060374693277966,13.935204116879735,14.057105416584744,13.940822574193923,15.840508870089476,13.668991604266546,15.75494744367312,15.94769174354007,15.706401735292221,15.927244864708113,15.721654236655233,18.448937301662937,20.445234434429803,21.15140449670209,21.580681104753257,20.442812891745433,20.48821219560355,21.05229974564721,21.922641736820225,20.445234434429803,0.00010814190712865346
L2 Lyapunov (mid),blackout,7.0,317.53472222222223,0.892969515444989,691,2.885060567803159,0.39001808752346623,3.2777777777777777,0.5994829225106383,0.9921076256297392,0.9921076256297392,0.9863430707470126,0.9863430707470126,14.482357935816774,14.58723214487452,14.444834235133293,14.584081934813105,14.450603273785779,15.810429776254766,14.08279134713059,16.370202521691986,16.553691566478978,16.30968267483596,16.569949939607348,16.325634949149855,18.357476314137884,21.96930469767539,22.62376063313672,22.727589289429876,21.75255541806443,21.751298733401864,22.299793560226608,21.87157721959982,21.96930469767539,0.00013476553800734878
L2 Lyapunov (mid),blackout,1.0,324.6388888888889,0.3604054436078798,38,123.09298065869947,1.2762702749983712,11.902777777777779,0.5175814518601475,0.99,0.99,0.7163430707470125,0.7483820204017295,6.697235314352525,6.553314371159524,6.660617142549108,6.5500535123527515,6.668039570003744,15.73404707410078,6.471494922955563,8.516409883382046,8.41056554700753,8.524845813251883,8.38324138516802,8.540372365983878,18.150887543103412,12.360116729340632,12.954800581664456,12.809316329001522,12.240500738125972,12.285316565206001,12.951411277746816,20.633611596596918,12.360116729340632,2.391554065714069e-05
L2 Lyapunov (mid),blackout,3.0,324.6388888888889,0.3604054436078798,228,34.04075497170096,0.6236648595164218,11.902777777777779,0.5175814518601475,0.9966666666666667,0.9987742922964059,0.9896764040803459,0.9966666666666667,8.753068041295993,8.607816006199958,8.718534832251725,8.605069581941244,8.725941063144452,17.253883210696703,8.423516138942894,13.683833689950843,13.77837108498566,13.44334135497844,13.545895092113655,13.877661938053942,19.675606872831903,17.150083139796497,17.80422938097019,17.13315483960955,16.08447836174514,16.056444339381102,17.597364699020876,22.133035876534905,17.150083139796497,5.609714962817362e-05
L2 Lyapunov (mid),blackout,7.0,324.6388888888889,0.3604054436078798,327,19.46235661364957,0.5741143333003951,11.902777777777779,0.5175814518601475,0.9924514154071883,0.9924514154071883,0.9963430707470126,0.9969902625863208,9.828017757392951,9.618572978474818,9.820560453258642,9.620076825029996,9.82483722107205,17.42432472610837,9.495848448757664,15.814092570766718,15.91129546330563,15.627969716779125,15.585545206978837,16.016049464483224,19.856293829085406,17.75247093876165,18.154668290333454,17.987554648230525,17.94885836911641,18.293026237027753,18.01338454916299,22.300211086499406,17.75247093876165,9.095779530178205e-05
L2 Lyapunov (mid),blackout,1.0,339.94444444444446,0.3674717052134579,93,44.51880848735443,0.8736027810588097,4.138888888888889,0.518792040794669,0.9833333333333333,0.9833333333333333,0.9019101020086477,0.9178322026992137,7.925359625156733,8.10407467312476,7.9264602615401385,8.101333687669042,7.920892247444871,16.543843146897967,7.745780014038409,10.240010211373088,10.90972187920522,10.2293390686443,11.593510572418943,10.242422783415,18.939305120766047,15.440770207075243,16.487129535812816,16.59267517863844,15.675478756279311,15.631556141483417,16.208118100923787,21.456973018201356,15.440770207075243,6.148160961436974e-05
L2 Lyapunov (mid),blackout,3.0,339.94444444444446,0.3674717052134579,226,29.596103772811745,0.6508305015416436,4.138888888888889,0.518792040794669,0.9821076256297392,0.9821076256297392,0.9733333333333334,0.977637454425629,8.609194611030281,8.826757574289473,8.60862783179081,8.824738965265903,8.613716501900429,17.155149471336266,8.303258691928287,13.538197992276336,14.65007911771806,13.302664493783393,14.320668903674987,13.560723171014267,19.577251343978197,16.878253862966087,17.536853590670326,17.33823711997019,16.946326856519207,17.282018413176903,17.312688020470823,22.029525007289223,16.878253862966087,4.793401662866426e-05
L2 Lyapunov (mid),blackout,7.0,339.94444444444446,0.3674717052134579,236,24.58112782857307,0.6467858815701375,4.138888888888889,0.518792040794669,0.9833333333333333,0.9821076256297392,0.9733333333333334,0.9803235959196541,8.916549625124478,9.146734430138398,8.916325521261143,9.145772170977308,8.921194723414843,17.167842001102272,8.687107979824646,14.392708277335322,15.300075115299885,14.15820976729444,14.972038204378356,14.417440513288122,19.59075781115086,17.287635107037982,17.87537191727648,17.626516455914857,17.484051437899538,17.841300837476588,17.71437291451466,22.041813579268222,17.287635107037982,5.794877223097933e-05
L2 Lyapunov (mid),blackout,1.0,347.9513888888889,0.8943080934360822,212,11.730801614042203,0.533345887119875,3.2430555555555554,0.5999484715201018,0.99,0.99,0.9726861414940252,0.9726861414940252,12.174917383920434,12.272433521003878,12.129070643106997,12.270629527279148,12.133964133520657,15.358158915980928,11.741391244262035,13.78513158554788,14.010173695547998,13.727101450972464,13.99694762676532,13.741222556062601,17.253611528379636,14.921080889473219,16.827503109323487,15.89440620554231,15.285406599824894,15.847227246380864,15.31514362981136,21.06475603200913,14.921080889473219,4.0327337508192416e-05
L2 Lyapunov (mid),blackout,3.0,347.9513888888889,0.8943080934360822,610,4.338046466610191,0.363483648983798,3.2430555555555554,0.5999484715201018,0.9887742922964059,0.9887742922964059,0.99,0.99,14.129193539786103,14.129431703872248,14.098127584864145,14.126156311428623,14.100347690993257,15.898474977267854,13.767620887076541,15.989173904931752,16.022215959646644,15.946426995197104,16.003254545742536,15.964387623941207,18.65131451101207,20.642168733145795,21.660301629299706,21.7777753414569,20.772047187825954,20.70941361882688,21.40801967423967,22.035555215177517,20.642168733145795,0.00010724345466011676
L2 Lyapunov (mid),blackout,7.0,347.9513888888889,0.8943080934360822,760,2.913590589154998,0.358390787756347,3.2430555555555554,0.5999484715201018,0.9887742922964059,0.9887742922964059,0.9903235959196541,0.9903235959196541,14.594991952605266,14.590182547529583,14.563293374802363,14.58703754273144,14.568302897520809,15.918717069491743,14.15799158150044,16.542553641498362,16.562630449977306,16.494962588477204,16.58086421190502,16.509919800352968,18.702488366171302,21.65566221726103,23.022608523244273,22.74581390339936,21.903962437783417,21.779374466514895,22.47373849725683,22.069973356157497,21.65566221726103,0.0001281774355692132
DRO (~70k km),phase,1.0,22.0,0.6127639371134528,201,8.691606021792834,0.47570553178107217,nan,0.4223125342653587,0.9812257077035941,0.9812257077035941,0.9903235959196541,0.9903235959196541,inf,inf,inf,inf,inf,inf,inf,inf,inf,inf,inf,inf,inf,inf,inf,inf,inf,inf,inf,inf,inf,0.007804099189823562
DRO (~70k km),phase,3.0,22.0,0.6127639371134528,334,2.658528054095938,0.4022844977215991,nan,0.4223125342653587,0.9978923743702608,0.9978923743702608,0.9909707877589623,0.9909707877589623,inf,inf,inf,inf,inf,inf,inf,inf,inf,inf,inf,inf,inf,inf,inf,inf,inf,inf,inf,inf,inf,0.0061159001701669375
DRO (~70k km),phase,7.0,22.0,0.6127639371134528,718,1.1836608448687502,0.33593074719751304,nan,0.4223125342653587,0.9933333333333333,0.9933333333333333,0.9933333333333333,0.9933333333333333,inf,inf,inf,inf,inf,inf,inf,inf,inf,inf,inf,inf,inf,inf,inf,inf,inf,inf,inf,inf,inf,0.014741120229809772
DRO (~70k km),phase,1.0,32.270833333333336,0.36569255549313867,25,40.23920664561603,2.2430337634535262,nan,0.43860345252322597,0.9933333333333333,0.9933333333333333,0.99,0.99,14.327142992557265,14.342303696170692,14.326089002729415,14.342404404222098,14.326542172709516,inf,14.029321564686777,inf,inf,inf,inf,inf,inf,inf,inf,inf,inf,inf,inf,inf,inf,0.0037192620328757794
DRO (~70k km),phase,3.0,32.270833333333336,0.36569255549313867,142,16.028065922843414,1.179446223968511,nan,0.43860345252322597,0.9921076256297392,0.9921076256297392,0.9933333333333333,0.9933333333333333,inf,inf,inf,inf,inf,inf,inf,inf,inf,inf,inf,inf,inf,inf,inf,inf,inf,inf,inf,inf,inf,0.002024970907773264
DRO (~70k km),phase,7.0,32.270833333333336,0.36569255549313867,360,1.542877761982244,0.6756117602051139,nan,0.43860345252322597,0.99,0.99,0.9963430707470126,0.9963430707470126,inf,inf,inf,inf,inf,inf,inf,inf,inf,inf,inf,inf,inf,inf,inf,inf,inf,inf,inf,inf,inf,0.011555047835898726
DRO (~70k km),phase,1.0,52.0,0.8119874877227065,191,15.82023715729899,0.5038939875419072,nan,0.43080017339246635,0.9833333333333333,0.9833333333333333,0.9933333333333333,0.9933333333333333,inf,inf,inf,inf,inf,inf,inf,inf,inf,inf,inf,inf,inf,inf,inf,inf,inf,inf,inf,inf,inf,0.0030971363130820034
DRO (~70k km),phase,3.0,52.0,0.8119874877227065,612,8.125725774724275,0.2660312615680914,nan,0.43080017339246635,0.9875485845928117,0.9875485845928117,0.98,0.98,inf,inf,inf,inf,inf,inf,inf,inf,inf,inf,inf,inf,inf,inf,inf,inf,inf,inf,inf,inf,inf,0.0024824802840369056
DRO (~70k km),phase,7.0,52.0,0.8119874877227065,947,0.7515191244056415,0.21545777160972043,nan,0.43080017339246635,0.9812257077035941,0.9812257077035941,0.9860194748273585,0.9860194748273585,inf,inf,inf,inf,inf,inf,inf,inf,inf,inf,inf,inf,inf,inf,inf,inf,inf,inf,inf,inf,inf,0.007881710819084472
DRO (~70k km),phase,1.0,60.75,0.45342768998373867,31,31.939803636176414,1.1125667889681299,nan,0.36623536167631227,0.9933333333333333,0.9933333333333333,0.9966666666666667,0.9966666666666667,inf,inf,inf,inf,inf,inf,inf,inf,inf,inf,inf,inf,inf,inf,inf,inf,inf,inf,inf,inf,inf,0.0025279415556321017
DRO (~70k km),phase,3.0,60.75,0.45342768998373867,181,14.809193452264159,0.7464583704986745,nan,0.36623536167631227,0.9878923743702608,0.9878923743702608,0.9966666666666667,0.9966666666666667,inf,inf,inf,inf,inf,inf,inf,inf,inf,inf,inf,inf,inf,inf,inf,inf,inf,inf,inf,inf,inf,0.0017434545339079213
DRO (~70k km),phase,7.0,60.75,0.45342768998373867,474,6.5722106063217165,0.6281937873490782,nan,0.36623536167631227,0.9833333333333333,0.9833333333333333,0.9930097374136791,0.9930097374136791,inf,inf,inf,inf,inf,inf,inf,inf,inf,inf,inf,inf,inf,inf,inf,inf,inf,inf,inf,inf,inf,0.0014112706849677722
DRO (~70k km),phase,1.0,80.92361111111111,0.932303711855755,199,20.517935284392095,0.5773587571551021,nan,0.365722699266459,0.9933333333333333,0.9933333333333333,0.9933333333333333,0.9933333333333333,inf,inf,inf,inf,inf,inf,inf,inf,inf,inf,inf,inf,inf,inf,inf,inf,inf,inf,inf,inf,inf,0.0029862467366437145
DRO (~70k km),phase,3.0,80.92361111111111,0.932303711855755,606,11.721482919209018,0.2883126061968804,nan,0.365722699266459,0.9833333333333333,0.9833333333333333,0.9933333333333333,0.9933333333333333,inf,inf,inf,inf,inf,inf,inf,inf,inf,inf,inf,inf,inf,inf,inf,inf,inf,inf,inf,inf,inf,0.002213786721956323
DRO (~70k km),phase,7.0,80.92361111111111,0.932303711855755,1030,2.2812948621020084,0.18293714410222414,nan,0.365722699266459,0.990881917926145,0.990881917926145,0.9836569292529874,0.9836569292529874,inf,inf,inf,inf,inf,inf,inf,inf,inf,inf,inf,inf,inf,inf,inf,inf,inf,inf,inf,inf,inf,0.0036416182090575275
DRO (~70k km),phase,1.0,89.78472222222223,0.581889186518866,12,308.03032834397976,7.376985559668791,nan,0.3990330613505478,0.9866666666666667,0.9854409589630725,0.9199685264907231,0.9696764040803458,2.7176315846212677,2.474582738671346,2.7121128303769866,2.4747741481762184,2.710998421752948,inf,2.481313936729698,7.669171250858631,7.444767198281596,7.686442448143326,7.446379913779344,7.684285796829099,inf,9.495848448757664,9.839985541234828,9.913685800770683,9.833388814893082,9.878598520404653,9.849074179152723,inf,9.495848448757664,0.002379774552932518
DRO (~70k km),phase,3.0,89.78472222222223,0.581889186518866,99,13.864709343156514,0.7890742196009444,nan,0.3990330613505478,0.9866666666666667,0.9866666666666667,0.9933333333333333,0.9933333333333333,inf,inf,inf,inf,inf,inf,inf,inf,inf,inf,inf,inf,inf,inf,inf,inf,inf,inf,inf,inf,inf,0.0016597791781928052
DRO (~70k km),phase,7.0,89.78472222222223,0.581889186518866,652,2.230919704677491,0.7143417712030797,nan,0.3990330613505478,0.99,0.99,0.9936569292529874,0.9936569292529874,inf,inf,inf,inf,inf,inf,inf,inf,inf,inf,inf,inf,inf,inf,inf,inf,inf,inf,inf,inf,inf,0.0070788120477083645
DRO (~70k km),phase,1.0,112.0,0.21043458894121386,184,14.026526904773378,0.6492554028268697,nan,0.45664088474744174,0.9878923743702608,0.9878923743702608,0.9926861414940251,0.9926861414940251,inf,inf,inf,inf,inf,inf,inf,inf,inf,inf,inf,inf,inf,inf,inf,inf,inf,inf,inf,inf,inf,0.014117319710427604
DRO (~70k km),phase,3.0,112.0,0.21043458894121386,367,8.000655643466873,0.4830752403509134,nan,0.45664088474744174,0.9945590410369275,0.9945590410369275,0.9933333333333333,0.9933333333333333,inf,inf,inf,inf,inf,inf,inf,inf,inf,inf,inf,inf,inf,inf,inf,inf,inf,inf,inf,inf,inf,0.00816648063797124
DRO (~70k km),phase,7.0,112.0,0.21043458894121386,875,1.1337681199710563,0.3179943118737861,nan,0.45664088474744174,0.9966666666666667,0.9966666666666667,0.9996764040803459,0.9996764040803459,inf,inf,inf,inf,inf,inf,inf,inf,inf,inf,inf,inf,inf,inf,inf,inf,inf,inf,inf,inf,inf,0.052633423513364225
DRO (~70k km),phase,1.0,118.79861111111111,0.7088234444999382,6,103.8024421256074,2.32358045401876,nan,0.4458771657944715,0.99,0.99,0.9936569292529874,0.9936569292529874,8.206711703548873,8.364576446280521,8.209322023456002,8.36407335647116,8.212223892232231,inf,8.001849885843288,inf,inf,inf,inf,inf,inf,inf,inf,inf,inf,inf,inf,inf,inf,0.006562515325385098
DRO (~70k km),phase,3.0,118.79861111111111,0.7088234444999382,78,20.606793687993303,1.3339291754610276,nan,0.4458771657944715,0.9854409589630725,0.9854409589630725,0.9869902625863208,0.9866666666666667,inf,inf,inf,inf,inf,inf,inf,inf,inf,inf,inf,inf,inf,inf,inf,inf,inf,inf,inf,inf,inf,0.017399633337126675
DRO (~70k km),phase,7.0,118.79861111111111,0.7088234444999382,558,1.4527110700327308,1.023401484175308,nan,0.4458771657944715,0.9887742922964059,0.9887742922964059,0.99,0.99,inf,inf,inf,inf,inf,inf,inf,inf,inf,inf,inf,inf,inf,inf,inf,inf,inf,inf,inf,inf,inf,0.02784304722335306
DRO (~70k km),phase,1.0,142.0,0.40965813955046787,161,12.136634025120724,0.854309618174621,nan,0.4116686807061636,0.9833333333333333,0.9833333333333333,0.9766666666666667,0.9766666666666667,inf,inf,inf,inf,inf,inf,inf,inf,inf,inf,inf,inf,inf,inf,inf,inf,inf,inf,inf,inf,inf,0.002934069608750295
DRO (~70k km),phase,3.0,142.0,0.40965813955046787,504,6.911874355865692,0.4195223980552984,nan,0.4116686807061636,0.99,0.99,0.9863430707470126,0.9863430707470126,inf,inf,inf,inf,inf,inf,inf,inf,inf,inf,inf,inf,inf,inf,inf,inf,inf,inf,inf,inf,inf,0.002531689411224063
DRO (~70k km),phase,7.0,142.0,0.40965813955046787,853,1.4496164461978847,0.30338837238791605,nan,0.4116686807061636,0.9912257077035941,0.9912257077035941,0.9996764040803459,0.9996764040803459,inf,inf,inf,inf,inf,inf,inf,inf,inf,inf,inf,inf,inf,inf,inf,inf,inf,inf,inf,inf,inf,0.009744801642823925
DRO (~70k km),phase,1.0,147.80555555555554,0.8352486229516141,22,80.33522664210325,1.385610218482846,nan,0.42324752853501973,0.9966666666666667,0.9966666666666667,0.9933333333333333,0.9933333333333333,7.644820130130518,7.638181987000314,7.68226146655643,7.638174573288039,7.680145350026409,inf,7.260447055060421,inf,inf,inf,inf,inf,inf,inf,inf,inf,inf,inf,inf,inf,inf,0.0027541169941613167
DRO (~70k km),phase,3.0,147.80555555555554,0.8352486229516141,137,25.827788908381446,0.8082595445390599,nan,0.42324752853501973,0.9866666666666667,0.9866666666666667,0.9836569292529874,0.9836569292529874,inf,inf,inf,inf,inf,inf,inf,inf,inf,inf,inf,inf,inf,inf,inf,inf,inf,inf,inf,inf,inf,0.0016914620500582166
DRO (~70k km),phase,7.0,147.80555555555554,0.8352486229516141,487,1.1074191190768,0.47644998966243535,nan,0.42324752853501973,0.9866666666666667,0.9866666666666667,0.99,0.99,inf,inf,inf,inf,inf,inf,inf,inf,inf,inf,inf,inf,inf,inf,inf,inf,inf,inf,inf,inf,inf,0.008551814488021855
DRO (~70k km),phase,1.0,171.90972222222223,0.6022636563116976,111,14.665314030843703,0.6501843153711795,nan,0.4156018317855353,0.9878923743702608,0.9878923743702608,0.9969902625863208,0.9969902625863208,inf,inf,inf,inf,inf,inf,inf,inf,inf,inf,inf,inf,inf,inf,inf,inf,inf,inf,inf,inf,inf,0.007542553439070516
DRO (~70k km),phase,3.0,171.90972222222223,0.6022636563116976,285,3.9822041940520303,0.5103018495570586,nan,0.4156018317855353,0.9966666666666667,0.9966666666666667,0.9936569292529874,0.9936569292529874,inf,inf,inf,inf,inf,inf,inf,inf,inf,inf,inf,inf,inf,inf,inf,inf,inf,inf,inf,inf,inf,0.003904822155315579
DRO (~70k km),phase,7.0,171.90972222222223,0.6022636563116976,789,1.3718307305306312,0.3712739966846041,nan,0.4156018317855353,0.9933333333333333,0.9933333333333333,0.9996764040803459,0.9996764040803459,inf,inf,inf,inf,inf,inf,inf,inf,inf,inf,inf,inf,inf,inf,inf,inf,inf,inf,inf,inf,inf,0.009830697907764786
DRO (~70k km),phase,1.0,180.59722222222223,0.2391221428422934,27,51.697718557911976,1.5074887249216111,nan,0.4598059772614545,0.9817638358522901,0.980538128148696,0.9833333333333333,0.9833333333333333,15.49488568958456,15.615381115924059,15.458773541950006,15.615356260757242,15.454933886456717,inf,15.152740596563874,inf,inf,inf,inf,inf,inf,inf,inf,inf,inf,inf,inf,inf,inf,0.006655533534148825
DRO (~70k km),phase,3.0,180.59722222222223,0.2391221428422934,78,21.419445959768293,1.093046659818459,nan,0.4598059772614545,0.9896562102225509,0.9896562102225509,0.9803235959196541,0.9803235959196541,inf,inf,inf,inf,inf,inf,inf,inf,inf,inf,inf,inf,inf,inf,inf,inf,inf,inf,inf,inf,inf,0.004479030284368051
DRO (~70k km),phase,7.0,180.59722222222223,0.2391221428422934,298,2.0523453188005445,0.7101452538101205,nan,0.4598059772614545,0.9854409589630725,0.9854409589630725,0.98,0.98,inf,inf,inf,inf,inf,inf,inf,inf,inf,inf,inf,inf,inf,inf,inf,inf,inf,inf,inf,inf,inf,0.12177279913157428
DRO (~70k km),phase,1.0,201.92361111111111,0.8025053659797452,137,22.2423292901176,0.6199165131803135,nan,0.43340199599781537,0.9887742922964059,0.9887742922964059,0.9833333333333333,0.9833333333333333,inf,inf,inf,inf,inf,inf,inf,inf,inf,inf,inf,inf,inf,inf,inf,inf,inf,inf,inf,inf,inf,0.0027139065112596313
DRO (~70k km),phase,3.0,201.92361111111111,0.8025053659797452,451,9.823409719256553,0.32156974778717945,nan,0.43340199599781537,0.99,0.99,0.9866666666666667,0.9866666666666667,inf,inf,inf,inf,inf,inf,inf,inf,inf,inf,inf,inf,inf,inf,inf,inf,inf,inf,inf,inf,inf,0.0024376803611603887
DRO (~70k km),phase,7.0,201.92361111111111,0.8025053659797452,826,0.7080653343802836,0.24761054022019338,nan,0.43340199599781537,0.9921076256297392,0.9921076256297392,0.9836569292529874,0.9836569292529874,inf,inf,inf,inf,inf,inf,inf,inf,inf,inf,inf,inf,inf,inf,inf,inf,inf,inf,inf,inf,inf,0.009016533151658759
DRO (~70k km),phase,1.0,210.20833333333334,0.4098372400442753,17,59.090268641913546,2.3597964012178063,nan,0.4115247549250008,0.9933333333333333,0.9933333333333333,0.9933333333333333,0.9963430707470126,14.371411676376997,14.395002084261701,14.468540145721065,14.395365838570454,14.466916458024748,inf,13.767620887076541,inf,inf,inf,inf,inf,inf,inf,inf,inf,inf,inf,inf,inf,inf,0.003218018839670176
DRO (~70k km),phase,3.0,210.20833333333334,0.4098372400442753,153,18.165184465345604,1.2696046270682149,nan,0.4115247549250008,0.9875485845928117,0.9875485845928117,0.9930097374136791,0.9930097374136791,inf,inf,inf,inf,inf,inf,inf,inf,inf,inf,inf,inf,inf,inf,inf,inf,inf,inf,inf,inf,inf,0.0018092549229342695
DRO (~70k km),phase,7.0,210.20833333333334,0.4098372400442753,377,2.715622141514049,0.7112441073313626,nan,0.4115247549250008,0.9878923743702608,0.9878923743702608,0.9930097374136791,0.9930097374136791,inf,inf,inf,inf,inf,inf,inf,inf,inf,inf,inf,inf,inf,inf,inf,inf,inf,inf,inf,inf,inf,0.009056010253196356
DRO (~70k km),phase,1.0,230.95833333333334,0.9309668625490094,166,24.79111345451066,0.5482110470920729,nan,0.36685187582783413,0.9921076256297392,0.9921076256297392,0.99,0.99,inf,inf,inf,inf,inf,inf,inf,inf,inf,inf,inf,inf,inf,inf,inf,inf,inf,inf,inf,inf,inf,0.0028005010552730435
DRO (~70k km),phase,3.0,230.95833333333334,0.9309668625490094,525,13.319445190904963,0.3124718359675761,nan,0.36685187582783413,0.9945590410369275,0.9945590410369275,0.9966666666666667,0.9966666666666667,inf,inf,inf,inf,inf,inf,inf,inf,inf,inf,inf,inf,inf,inf,inf,inf,inf,inf,inf,inf,inf,0.0020688230394720797
DRO (~70k km),phase,7.0,230.95833333333334,0.9309668625490094,993,2.395784113241286,0.16368161078226837,nan,0.36685187582783413,0.9912257077035941,0.9912257077035941,0.9933333333333333,0.9933333333333333,inf,inf,inf,inf,inf,inf,inf,inf,inf,inf,inf,inf,inf,inf,inf,inf,inf,inf,inf,inf,inf,0.003377877214338255
DRO (~70k km),phase,1.0,237.94444444444446,0.44310086529904136,63,32.7059217460277,0.877447299537205,nan,0.37885030579002077,0.99,0.99,0.99,0.99,inf,inf,inf,inf,inf,inf,inf,inf,inf,inf,inf,inf,inf,inf,inf,inf,inf,inf,inf,inf,inf,0.00231277910772678
DRO (~70k km),phase,3.0,237.94444444444446,0.44310086529904136,273,14.061386804971072,0.505255772284052,nan,0.37885030579002077,0.9912257077035941,0.9912257077035941,0.9963430707470126,0.9963430707470126,inf,inf,inf,inf,inf,inf,inf,inf,inf,inf,inf,inf,inf,inf,inf,inf,inf,inf,inf,inf,inf,0.0016136913573032532
DRO (~70k km),phase,7.0,237.94444444444446,0.44310086529904136,570,4.630126412374057,0.38185223824965814,nan,0.37885030579002077,0.9987742922964059,0.9987742922964059,0.9966666666666667,0.9966666666666667,inf,inf,inf,inf,inf,inf,inf,inf,inf,inf,inf,inf,inf,inf,inf,inf,inf,inf,inf,inf,inf,0.002078413462338273
DRO (~70k km),phase,1.0,262.0,0.20655234198748376,178,16.216746896269225,0.5427072621899748,nan,0.45597486885682587,0.9933333333333333,0.9933333333333333,0.9843041210922956,0.9843041210922956,inf,inf,inf,inf,inf,inf,inf,inf,inf,inf,inf,inf,inf,inf,inf,inf,inf,inf,inf,inf,inf,0.012792163340350136
DRO (~70k km),phase,3.0,262.0,0.20655234198748376,350,9.020595404592333,0.4001178943943174,nan,0.45597486885682587,0.9912257077035941,0.9912257077035941,0.9873138585059749,0.9873138585059749,inf,inf,inf,inf,inf,inf,inf,inf,inf,inf,inf,inf,inf,inf,inf,inf,inf,inf,inf,inf,inf,0.007871220491760839
DRO (~70k km),phase,7.0,262.0,0.20655234198748376,995,1.1353165855799914,0.315088295725613,nan,0.45597486885682587,0.9866666666666667,0.9866666666666667,0.9966666666666667,0.9966666666666667,inf,inf,inf,inf,inf,inf,inf,inf,inf,inf,inf,inf,inf,inf,inf,inf,inf,inf,inf,inf,inf,0.049854282482265456
DRO (~70k km),phase,1.0,266.96527777777777,0.5705442028095108,15,495.55609152756256,11.143918091506281,nan,0.38755410527190703,0.99,0.99,0.9704209700564466,0.9836569292529874,5.197185627142925,4.663578586903727,5.080740032582018,4.662200261668092,5.099541987948243,inf,4.410374361368289,9.064977037874293,8.922630510524844,9.021836125727665,8.906932086336989,9.032713494815647,inf,10.595306751616384,11.020821810551567,10.922807059989518,10.936025729190721,10.903155557964446,10.959470689738772,inf,10.595306751616384,0.0005986338298236452
DRO (~70k km),phase,3.0,266.96527777777777,0.5705442028095108,165,9.546999646166695,0.757291087286984,nan,0.38755410527190703,0.9921076256297392,0.9921076256297392,0.9896764040803459,0.9896764040803459,inf,inf,inf,inf,inf,inf,inf,inf,inf,inf,inf,inf,inf,inf,inf,inf,inf,inf,inf,inf,inf,0.00190525245617987
DRO (~70k km),phase,7.0,266.96527777777777,0.5705442028095108,814,2.319573807280898,0.7107186468067724,nan,0.38755410527190703,0.9866666666666667,0.9866666666666667,0.9933333333333333,0.9933333333333333,inf,inf,inf,inf,inf,inf,inf,inf,inf,inf,inf,inf,inf,inf,inf,inf,inf,inf,inf,inf,inf,0.005571777134903579
DRO (~70k km),phase,1.0,292.0,0.40577589259673436,164,12.970804260645302,0.546666427465803,nan,0.41471102371619367,0.9945590410369275,0.9945590410369275,0.9933333333333333,0.9933333333333333,inf,inf,inf,inf,inf,inf,inf,inf,inf,inf,inf,inf,inf,inf,inf,inf,inf,inf,inf,inf,inf,0.002793465142251123
DRO (~70k km),phase,3.0,292.0,0.40577589259673436,566,6.896948502674847,0.32645881882456773,nan,0.41471102371619367,0.9824514154071883,0.9824514154071883,0.9996764040803459,0.9996764040803459,inf,inf,inf,inf,inf,inf,inf,inf,inf,inf,inf,inf,inf,inf,inf,inf,inf,inf,inf,inf,inf,0.002325187410844459
DRO (~70k km),phase,7.0,292.0,0.40577589259673436,1038,1.1649873070331531,0.24656272648088368,nan,0.41471102371619367,0.9866666666666667,0.9866666666666667,0.9839805251726415,0.9839805251726415,inf,inf,inf,inf,inf,inf,inf,inf,inf,inf,inf,inf,inf,inf,inf,inf,inf,inf,inf,inf,inf,0.010335651741495703
DRO (~70k km),phase,1.0,295.625,0.6715154049620206,43,52.17235843895311,1.4181739307460817,nan,0.4429164949324694,0.9933333333333333,0.9933333333333333,0.992362545574371,0.992362545574371,10.223447208352253,9.970917630356254,10.22513711512372,9.970947985335,10.223202459378586,inf,9.772900154071973,inf,inf,inf,inf,inf,inf,inf,inf,inf,inf,inf,inf,inf,inf,0.007239408603272336
DRO (~70k km),phase,3.0,295.625,0.6715154049620206,104,10.151173119325943,0.6895462557488902,nan,0.4429164949324694,0.9933333333333333,0.9933333333333333,0.9960194748273585,0.9963430707470126,inf,inf,inf,inf,inf,inf,inf,inf,inf,inf,inf,inf,inf,inf,inf,inf,inf,inf,inf,inf,inf,0.013277944954312285
DRO (~70k km),phase,7.0,295.625,0.6715154049620206,833,1.1058686398151512,0.5073494934293038,nan,0.4429164949324694,0.9933333333333333,0.9933333333333333,0.9809707877589623,0.9809707877589623,inf,inf,inf,inf,inf,inf,inf,inf,inf,inf,inf,inf,inf,inf,inf,inf,inf,inf,inf,inf,inf,0.13675574581102679
DRO (~70k km),phase,1.0,321.99305555555554,0.6044903636765933,92,20.098124164166155,0.5969539188454037,nan,0.41712168433001523,0.9754409589630726,0.9754409589630726,0.9866666666666667,0.9866666666666667,inf,inf,inf,inf,inf,inf,inf,inf,inf,inf,inf,inf,inf,inf,inf,inf,inf,inf,inf,inf,inf,0.004945321029953037
DRO (~70k km),phase,3.0,321.99305555555554,0.6044903636765933,267,3.6088057235299864,0.5047187921376165,nan,0.41712168433001523,0.99,0.99,0.9869902625863208,0.9869902625863208,inf,inf,inf,inf,inf,inf,inf,inf,inf,inf,inf,inf,inf,inf,inf,inf,inf,inf,inf,inf,inf,0.004374791928425215
DRO (~70k km),phase,7.0,321.99305555555554,0.6044903636765933,1067,1.2585644417114352,0.4068749989032434,nan,0.41712168433001523,1.0,1.0,0.9960194748273585,0.9960194748273585,inf,inf,inf,inf,inf,inf,inf,inf,inf,inf,inf,inf,inf,inf,inf,inf,inf,inf,inf,inf,inf,0.010821357317463929
DRO (~70k km),phase,1.0,336.93055555555554,0.6995204232507827,53,38.82027901702055,1.2163510056201263,nan,0.4456695859825564,0.9966666666666667,0.9966666666666667,0.9803235959196541,0.9803235959196541,10.072915372516777,10.079395536699108,10.152964420614426,10.079661487293917,10.151689971511654,inf,9.726169800897067,inf,inf,inf,inf,inf,inf,inf,inf,inf,inf,inf,inf,inf,inf,0.007219836444688571
DRO (~70k km),phase,3.0,336.93055555555554,0.6995204232507827,77,28.570425854397165,0.8905984744196777,nan,0.4456695859825564,0.9966666666666667,0.9966666666666667,0.9939805251726415,0.9939805251726415,inf,inf,inf,inf,inf,inf,inf,inf,inf,inf,inf,inf,inf,inf,inf,inf,inf,inf,inf,inf,inf,0.012388756217084846
DRO (~70k km),phase,7.0,336.93055555555554,0.6995204232507827,77,28.570314695676686,0.8906037264757194,nan,0.4456695859825564,0.9966666666666667,0.9966666666666667,0.9939805251726415,0.9939805251726415,inf,inf,inf,inf,inf,inf,inf,inf,inf,inf,inf,inf,inf,inf,inf,inf,inf,inf,inf,inf,inf,0.012388789672445007
DRO (~70k km),phase,1.0,352.0,0.8042229938152445,100,31.9519799552087,0.6906057291359825,nan,0.4329498334043027,0.98,0.98,0.9766666666666667,0.9766666666666667,inf,inf,inf,inf,inf,inf,inf,inf,inf,inf,inf,inf,inf,inf,inf,inf,inf,inf,inf,inf,inf,0.002709831696788592
DRO (~70k km),phase,3.0,352.0,0.8042229938152445,361,14.173041389647977,0.38394571226951335,nan,0.4329498334043027,0.9966666666666667,0.9966666666666667,0.9812943836786163,0.9812943836786163,inf,inf,inf,inf,inf,inf,inf,inf,inf,inf,inf,inf,inf,inf,inf,inf,inf,inf,inf,inf,inf,0.001804662222898346
DRO (~70k km),phase,7.0,352.0,0.8042229938152445,893,0.6755012270161379,0.26226965488917453,nan,0.4329498334043027,0.99,0.99,0.9930097374136791,0.9930097374136791,inf,inf,inf,inf,inf,inf,inf,inf,inf,inf,inf,inf,inf,inf,inf,inf,inf,inf,inf,inf,inf,0.009768773054476536
DRO (~70k km),blackout,1.0,32.270833333333336,0.36569255549313867,25,40.23920664561603,2.2430337634535262,11.305555555555555,0.43860345252322597,0.9933333333333333,0.9933333333333333,0.99,0.99,14.327142992557265,14.342303696170692,14.326089002729415,14.342404404222098,14.326542172709516,inf,14.029321564686777,inf,inf,inf,inf,inf,inf,inf,inf,inf,inf,inf,inf,inf,inf,0.0037192620328757794
DRO (~70k km),blackout,3.0,32.270833333333336,0.36569255549313867,142,16.028065922843414,1.179446223968511,11.305555555555555,0.43860345252322597,0.9921076256297392,0.9921076256297392,0.9933333333333333,0.9933333333333333,inf,inf,inf,inf,inf,inf,inf,inf,inf,inf,inf,inf,inf,inf,inf,inf,inf,inf,inf,inf,inf,0.002024970907773264
DRO (~70k km),blackout,7.0,32.270833333333336,0.36569255549313867,360,1.542877761982244,0.6756117602051139,11.305555555555555,0.43860345252322597,0.99,0.99,0.9963430707470126,0.9963430707470126,inf,inf,inf,inf,inf,inf,inf,inf,inf,inf,inf,inf,inf,inf,inf,inf,inf,inf,inf,inf,inf,0.011555047835898726
DRO (~70k km),blackout,1.0,60.75,0.45342768998373867,31,31.939803636176414,1.1125667889681299,11.840277777777779,0.36623536167631227,0.9933333333333333,0.9933333333333333,0.9966666666666667,0.9966666666666667,inf,inf,inf,inf,inf,inf,inf,inf,inf,inf,inf,inf,inf,inf,inf,inf,inf,inf,inf,inf,inf,0.0025279415556321017
DRO (~70k km),blackout,3.0,60.75,0.45342768998373867,181,14.809193452264159,0.7464583704986745,11.840277777777779,0.36623536167631227,0.9878923743702608,0.9878923743702608,0.9966666666666667,0.9966666666666667,inf,inf,inf,inf,inf,inf,inf,inf,inf,inf,inf,inf,inf,inf,inf,inf,inf,inf,inf,inf,inf,0.0017434545339079213
DRO (~70k km),blackout,7.0,60.75,0.45342768998373867,474,6.5722106063217165,0.6281937873490782,11.840277777777779,0.36623536167631227,0.9833333333333333,0.9833333333333333,0.9930097374136791,0.9930097374136791,inf,inf,inf,inf,inf,inf,inf,inf,inf,inf,inf,inf,inf,inf,inf,inf,inf,inf,inf,inf,inf,0.0014112706849677722
DRO (~70k km),blackout,1.0,89.78472222222223,0.581889186518866,12,308.03032834397976,7.376985559668791,11.458333333333334,0.3990330613505478,0.9866666666666667,0.9854409589630725,0.9199685264907231,0.9696764040803458,2.7176315846212677,2.474582738671346,2.7121128303769866,2.4747741481762184,2.710998421752948,inf,2.481313936729698,7.669171250858631,7.444767198281596,7.686442448143326,7.446379913779344,7.684285796829099,inf,9.495848448757664,9.839985541234828,9.913685800770683,9.833388814893082,9.878598520404653,9.849074179152723,inf,9.495848448757664,0.002379774552932518
DRO (~70k km),blackout,3.0,89.78472222222223,0.581889186518866,99,13.864709343156514,0.7890742196009444,11.458333333333334,0.3990330613505478,0.9866666666666667,0.9866666666666667,0.9933333333333333,0.9933333333333333,inf,inf,inf,inf,inf,inf,inf,inf,inf,inf,inf,inf,inf,inf,inf,inf,inf,inf,inf,inf,inf,0.0016597791781928052
DRO (~70k km),blackout,7.0,89.78472222222223,0.581889186518866,652,2.230919704677491,0.7143417712030797,11.458333333333334,0.3990330613505478,0.99,0.99,0.9936569292529874,0.9936569292529874,inf,inf,inf,inf,inf,inf,inf,inf,inf,inf,inf,inf,inf,inf,inf,inf,inf,inf,inf,inf,inf,0.0070788120477083645
DRO (~70k km),blackout,1.0,118.79861111111111,0.7088234444999382,6,103.8024421256074,2.32358045401876,11.458333333333334,0.4458771657944715,0.99,0.99,0.9936569292529874,0.9936569292529874,8.206711703548873,8.364576446280521,8.209322023456002,8.36407335647116,8.212223892232231,inf,8.001849885843288,inf,inf,inf,inf,inf,inf,inf,inf,inf,inf,inf,inf,inf,inf,0.006562515325385098
DRO (~70k km),blackout,3.0,118.79861111111111,0.7088234444999382,78,20.606793687993303,1.3339291754610276,11.458333333333334,0.4458771657944715,0.9854409589630725,0.9854409589630725,0.9869902625863208,0.9866666666666667,inf,inf,inf,inf,inf,inf,inf,inf,inf,inf,inf,inf,inf,inf,inf,inf,inf,inf,inf,inf,inf,0.017399633337126675
DRO (~70k km),blackout,7.0,118.79861111111111,0.7088234444999382,558,1.4527110700327308,1.023401484175308,11.458333333333334,0.4458771657944715,0.9887742922964059,0.9887742922964059,0.99,0.99,inf,inf,inf,inf,inf,inf,inf,inf,inf,inf,inf,inf,inf,inf,inf,inf,inf,inf,inf,inf,inf,0.02784304722335306
DRO (~70k km),blackout,1.0,147.80555555555554,0.8352486229516141,22,80.33522664210325,1.385610218482846,10.458333333333334,0.42324752853501973,0.9966666666666667,0.9966666666666667,0.9933333333333333,0.9933333333333333,7.644820130130518,7.638181987000314,7.68226146655643,7.638174573288039,7.680145350026409,inf,7.260447055060421,inf,inf,inf,inf,inf,inf,inf,inf,inf,inf,inf,inf,inf,inf,0.0027541169941613167
DRO (~70k km),blackout,3.0,147.80555555555554,0.8352486229516141,137,25.827788908381446,0.8082595445390599,10.458333333333334,0.42324752853501973,0.9866666666666667,0.9866666666666667,0.9836569292529874,0.9836569292529874,inf,inf,inf,inf,inf,inf,inf,inf,inf,inf,inf,inf,inf,inf,inf,inf,inf,inf,inf,inf,inf,0.0016914620500582166
DRO (~70k km),blackout,7.0,147.80555555555554,0.8352486229516141,487,1.1074191190768,0.47644998966243535,10.458333333333334,0.42324752853501973,0.9866666666666667,0.9866666666666667,0.99,0.99,inf,inf,inf,inf,inf,inf,inf,inf,inf,inf,inf,inf,inf,inf,inf,inf,inf,inf,inf,inf,inf,0.008551814488021855
DRO (~70k km),blackout,1.0,176.19444444444446,0.9163657236283261,68,45.31113589943064,0.8448651878902373,2.3194444444444446,0.37866840957003445,0.9966666666666667,0.9966666666666667,0.9933333333333333,0.9933333333333333,21.062374635781527,20.992563665474798,21.03387898449724,20.993022990100407,21.032208430092624,inf,20.445234434429803,inf,inf,inf,inf,inf,inf,inf,inf,inf,inf,inf,inf,inf,inf,0.0029758944668525746
DRO (~70k km),blackout,3.0,176.19444444444446,0.9163657236283261,246,22.560039308764214,0.527389256643271,2.3194444444444446,0.37866840957003445,0.989118082073855,0.989118082073855,0.9933333333333333,0.9933333333333333,inf,inf,inf,inf,inf,inf,inf,inf,inf,inf,inf,inf,inf,inf,inf,inf,inf,inf,inf,inf,inf,0.0017279657359196155
DRO (~70k km),blackout,7.0,176.19444444444446,0.9163657236283261,628,2.3746199180314616,0.27019493067654393,2.3194444444444446,0.37866840957003445,0.9866666666666667,0.9866666666666667,0.99,0.99,inf,inf,inf,inf,inf,inf,inf,inf,inf,inf,inf,inf,inf,inf,inf,inf,inf,inf,inf,inf,inf,0.00371011142441864
DRO (~70k km),blackout,1.0,180.59722222222223,0.2391221428422934,27,51.697718557911976,1.5074887249216111,6.763888888888889,0.4598059772614545,0.9817638358522901,0.980538128148696,0.9833333333333333,0.9833333333333333,15.49488568958456,15.615381115924059,15.458773541950006,15.615356260757242,15.454933886456717,inf,15.152740596563874,inf,inf,inf,inf,inf,inf,inf,inf,inf,inf,inf,inf,inf,inf,0.006655533534148825
DRO (~70k km),blackout,3.0,180.59722222222223,0.2391221428422934,78,21.419445959768293,1.093046659818459,6.763888888888889,0.4598059772614545,0.9896562102225509,0.9896562102225509,0.9803235959196541,0.9803235959196541,inf,inf,inf,inf,inf,inf,inf,inf,inf,inf,inf,inf,inf,inf,inf,inf,inf,inf,inf,inf,inf,0.004479030284368051
DRO (~70k km),blackout,7.0,180.59722222222223,0.2391221428422934,298,2.0523453188005445,0.7101452538101205,6.763888888888889,0.4598059772614545,0.9854409589630725,0.9854409589630725,0.98,0.98,inf,inf,inf,inf,inf,inf,inf,inf,inf,inf,inf,inf,inf,inf,inf,inf,inf,inf,inf,inf,inf,0.12177279913157428
DRO (~70k km),blackout,1.0,210.20833333333334,0.4098372400442753,17,59.090268641913546,2.3597964012178063,10.159722222222221,0.4115247549250008,0.9933333333333333,0.9933333333333333,0.9933333333333333,0.9963430707470126,14.371411676376997,14.395002084261701,14.468540145721065,14.395365838570454,14.466916458024748,inf,13.767620887076541,inf,inf,inf,inf,inf,inf,inf,inf,inf,inf,inf,inf,inf,inf,0.003218018839670176
DRO (~70k km),blackout,3.0,210.20833333333334,0.4098372400442753,153,18.165184465345604,1.2696046270682149,10.159722222222221,0.4115247549250008,0.9875485845928117,0.9875485845928117,0.9930097374136791,0.9930097374136791,inf,inf,inf,inf,inf,inf,inf,inf,inf,inf,inf,inf,inf,inf,inf,inf,inf,inf,inf,inf,inf,0.0018092549229342695
DRO (~70k km),blackout,7.0,210.20833333333334,0.4098372400442753,377,2.715622141514049,0.7112441073313626,10.159722222222221,0.4115247549250008,0.9878923743702608,0.9878923743702608,0.9930097374136791,0.9930097374136791,inf,inf,inf,inf,inf,inf,inf,inf,inf,inf,inf,inf,inf,inf,inf,inf,inf,inf,inf,inf,inf,0.009056010253196356
DRO (~70k km),blackout,1.0,237.94444444444446,0.44310086529904136,63,32.7059217460277,0.877447299537205,11.4375,0.37885030579002077,0.99,0.99,0.99,0.99,inf,inf,inf,inf,inf,inf,inf,inf,inf,inf,inf,inf,inf,inf,inf,inf,inf,inf,inf,inf,inf,0.00231277910772678
DRO (~70k km),blackout,3.0,237.94444444444446,0.44310086529904136,273,14.061386804971072,0.505255772284052,11.4375,0.37885030579002077,0.9912257077035941,0.9912257077035941,0.9963430707470126,0.9963430707470126,inf,inf,inf,inf,inf,inf,inf,inf,inf,inf,inf,inf,inf,inf,inf,inf,inf,inf,inf,inf,inf,0.0016136913573032532
DRO (~70k km),blackout,7.0,237.94444444444446,0.44310086529904136,570,4.630126412374057,0.38185223824965814,11.4375,0.37885030579002077,0.9987742922964059,0.9987742922964059,0.9966666666666667,0.9966666666666667,inf,inf,inf,inf,inf,inf,inf,inf,inf,inf,inf,inf,inf,inf,inf,inf,inf,inf,inf,inf,inf,0.002078413462338273
DRO (~70k km),blackout,1.0,266.96527777777777,0.5705442028095108,15,495.55609152756256,11.143918091506281,11.256944444444445,0.38755410527190703,0.99,0.99,0.9704209700564466,0.9836569292529874,5.197185627142925,4.663578586903727,5.080740032582018,4.662200261668092,5.099541987948243,inf,4.410374361368289,9.064977037874293,8.922630510524844,9.021836125727665,8.906932086336989,9.032713494815647,inf,10.595306751616384,11.020821810551567,10.922807059989518,10.936025729190721,10.903155557964446,10.959470689738772,inf,10.595306751616384,0.0005986338298236452
DRO (~70k km),blackout,3.0,266.96527777777777,0.5705442028095108,165,9.546999646166695,0.757291087286984,11.256944444444445,0.38755410527190703,0.9921076256297392,0.9921076256297392,0.9896764040803459,0.9896764040803459,inf,inf,inf,inf,inf,inf,inf,inf,inf,inf,inf,inf,inf,inf,inf,inf,inf,inf,inf,inf,inf,0.00190525245617987
DRO (~70k km),blackout,7.0,266.96527777777777,0.5705442028095108,814,2.319573807280898,0.7107186468067724,11.256944444444445,0.38755410527190703,0.9866666666666667,0.9866666666666667,0.9933333333333333,0.9933333333333333,inf,inf,inf,inf,inf,inf,inf,inf,inf,inf,inf,inf,inf,inf,inf,inf,inf,inf,inf,inf,inf,0.005571777134903579
DRO (~70k km),blackout,1.0,295.625,0.6715154049620206,43,52.17235843895311,1.4181739307460817,11.930555555555555,0.4429164949324694,0.9933333333333333,0.9933333333333333,0.992362545574371,0.992362545574371,10.223447208352253,9.970917630356254,10.22513711512372,9.970947985335,10.223202459378586,inf,9.772900154071973,inf,inf,inf,inf,inf,inf,inf,inf,inf,inf,inf,inf,inf,inf,0.007239408603272336
DRO (~70k km),blackout,3.0,295.625,0.6715154049620206,104,10.151173119325943,0.6895462557488902,11.930555555555555,0.4429164949324694,0.9933333333333333,0.9933333333333333,0.9960194748273585,0.9963430707470126,inf,inf,inf,inf,inf,inf,inf,inf,inf,inf,inf,inf,inf,inf,inf,inf,inf,inf,inf,inf,inf,0.013277944954312285
DRO (~70k km),blackout,7.0,295.625,0.6715154049620206,833,1.1058686398151512,0.5073494934293038,11.930555555555555,0.4429164949324694,0.9933333333333333,0.9933333333333333,0.9809707877589623,0.9809707877589623,inf,inf,inf,inf,inf,inf,inf,inf,inf,inf,inf,inf,inf,inf,inf,inf,inf,inf,inf,inf,inf,0.13675574581102679
DRO (~70k km),blackout,1.0,324.6388888888889,0.7984496629430938,38,73.18608190391399,1.3094726000268855,10.569444444444445,0.43443681836554987,0.9912257077035941,0.9912257077035941,0.9866666666666667,0.9866666666666667,8.0832876383218,7.997184198051527,8.127299463581222,7.997101634861139,8.124793744768432,inf,7.83915397382209,inf,inf,inf,inf,inf,inf,inf,inf,inf,inf,inf,inf,inf,inf,0.002681260624124964
DRO (~70k km),blackout,3.0,324.6388888888889,0.7984496629430938,214,20.929507012888042,0.6628693522218457,10.569444444444445,0.43443681836554987,0.9966666666666667,0.9966666666666667,0.9969902625863208,0.9969902625863208,inf,inf,inf,inf,inf,inf,inf,inf,inf,inf,inf,inf,inf,inf,inf,inf,inf,inf,inf,inf,inf,0.001517653604850597
DRO (~70k km),blackout,7.0,324.6388888888889,0.7984496629430938,733,0.8504353175815216,0.44028457698681717,10.569444444444445,0.43443681836554987,0.9866666666666667,0.9866666666666667,0.9926861414940251,0.9926861414940251,inf,inf,inf,inf,inf,inf,inf,inf,inf,inf,inf,inf,inf,inf,inf,inf,inf,inf,inf,inf,inf,0.010522661673145278
DRO (~70k km),blackout,1.0,353.6458333333333,0.9248748413947709,56,78.57666251624693,1.1238935443774656,11.17361111111111,0.3719066620678802,0.9887742922964059,0.9866666666666667,0.9903235959196541,0.9903235959196541,7.597533136673972,7.1928707654456785,7.545376082997721,7.193423341861761,7.5381585137783915,inf,6.898576343344643,inf,inf,inf,inf,inf,inf,inf,inf,inf,inf,inf,inf,inf,inf,0.0021881496165727086
DRO (~70k km),blackout,3.0,353.6458333333333,0.9248748413947709,247,29.820048706131658,0.6975482050567109,11.17361111111111,0.3719066620678802,0.9933333333333333,0.9933333333333333,0.9903235959196541,0.9903235959196541,inf,inf,inf,inf,inf,inf,inf,inf,inf,inf,inf,inf,inf,inf,inf,inf,inf,inf,inf,inf,inf,0.0013079491966025815
DRO (~70k km),blackout,7.0,353.6458333333333,0.9248748413947709,688,2.322298532634053,0.28303942901903945,11.17361111111111,0.3719066620678802,0.9866666666666667,0.9866666666666667,0.9926861414940251,0.9926861414940251,inf,inf,inf,inf,inf,inf,inf,inf,inf,inf,inf,inf,inf,inf,inf,inf,inf,inf,inf,inf,inf,0.0035540561556932594
