family,member,period_d,jacobi,stability,r_moon_min_km,r_moon_max_km,phase_frac,visible_frac,arc_d,t_end_day,n_meas,sig0_pos_km,tc_ideal_N1,tc_utc_N1,tc_linc_N1,tc_strip_N1,tc_ideal_N10,tc_utc_N10,tc_linc_N10,tc_strip_N10,tc_ideal_N100,tc_utc_N100,tc_linc_N100,tc_strip_N100
L1_halo_north,12,12.007250355689939,3.1446944930311576,691.6468295563552,48528.07503884783,67098.25017945583,0.3858825508850847,0.15574285116341013,3.0,52.0,112,16.388563060130906,6.898166165058422,6.8480888646376465,6.852577314835572,6.174542619873157,8.666481318917201,8.638345221997955,8.6523366287858,9.61360995266008,11.202185101934727,11.222114547021473,10.97659291293136,10.401224020614132
L1_halo_north,12,12.007250355689939,3.1446944930311576,691.6468295563552,48528.07503884783,67098.25017945583,0.3858825508850847,0.15574285116341013,7.0,52.0,361,0.6473637393005318,14.76203240919733,14.75440713776227,14.747064285244171,13.369526985620638,16.11330777938144,16.122306145357815,16.105940361909475,15.677544486446399,17.61482038757859,17.64434223453915,17.587442549609285,15.865573082632206
L1_halo_north,12,12.007250355689939,3.1446944930311576,691.6468295563552,48528.07503884783,67098.25017945583,0.3858825508850847,0.15574285116341013,3.0,89.23611111111111,76,26.998557359629558,6.883692249893118,6.885214897220802,6.89101737880935,6.174542619873157,9.185044877463413,9.1748766235577,9.162179174337068,9.692042948714253,11.914377265984811,11.882607295714516,11.741490609348675,11.364466846896406
L1_halo_north,12,12.007250355689939,3.1446944930311576,691.6468295563552,48528.07503884783,67098.25017945583,0.3858825508850847,0.15574285116341013,7.0,89.23611111111111,232,1.5152902790830018,13.590070319400375,13.590492458842458,13.57486721962528,13.312009511072306,14.72739982430753,14.740541185496701,14.716788677077828,13.946950440065834,16.123847633895927,16.13587174152957,16.08130485437353,15.687735825021093
L1_halo_north,12,12.007250355689939,3.1446944930311576,691.6468295563552,48528.07503884783,67098.25017945583,0.3858825508850847,0.15574285116341013,3.0,141.91666666666666,111,13.483983010127018,8.625895102832862,8.629278238081689,8.612492261061576,8.177631375494583,9.79264847285174,9.791753723759674,9.78177937581942,9.750312707888183,11.027314998471276,11.023280875074141,10.99918869946907,10.280851847270906
L1_halo_north,12,12.007250355689939,3.1446944930311576,691.6468295563552,48528.07503884783,67098.25017945583,0.3858825508850847,0.15574285116341013,7.0,141.91666666666666,409,1.2672597869177018,12.342521489251661,12.315561785187343,12.309569908284962,11.35427872093293,14.082828810233412,14.068618500597335,14.049975524620962,13.404570888915373,16.34190326842431,16.2915143507162,16.200418064716935,15.792290110741035
L1_halo_north,12,12.007250355689939,3.1446944930311576,691.6468295563552,48528.07503884783,67098.25017945583,0.3858825508850847,0.15574285116341013,3.0,178.90972222222223,81,11.565462361349828,9.727765985286137,9.730643544680206,9.727944079897746,9.587315155141827,11.178934290553958,11.186582166644165,11.171785625929832,11.314749964965086,13.046782648773954,13.126276885499607,13.03346608479182,11.849618397985813
L1_halo_north,12,12.007250355689939,3.1446944930311576,691.6468295563552,48528.07503884783,67098.25017945583,0.3858825508850847,0.15574285116341013,7.0,178.90972222222223,316,0.9479951932278452,12.603105536643524,12.604806192065785,12.61225715982159,11.395106548403785,14.563200021968315,14.559455996979894,14.553128375408242,14.022918848621721,17.056104257027375,16.941317542341416,16.78925781559064,18.455406055984465
L1_halo_north,12,12.007250355689939,3.1446944930311576,691.6468295563552,48528.07503884783,67098.25017945583,0.3858825508850847,0.15574285116341013,3.0,232.0,60,24.21158372848083,6.380152359650239,6.413897603340305,6.408577049300174,5.944162191393985,8.039951309731457,8.09113425950179,8.070014719347256,8.36985484532765,10.647297478499466,10.604275398547585,10.35590377961177,10.122519796193828
L1_halo_north,12,12.007250355689939,3.1446944930311576,691.6468295563552,48528.07503884783,67098.25017945583,0.3858825508850847,0.15574285116341013,7.0,232.0,426,0.7387011977185207,14.807508583751174,14.781835836933809,14.775857853072814,13.342313243204469,16.197552295933356,16.17966242966396,16.160436133554516,15.672961592903667,17.671394476371418,17.688402157159732,17.633470434185526,15.889095379818798
L1_halo_north,12,12.007250355689939,3.1446944930311576,691.6468295563552,48528.07503884783,67098.25017945583,0.3858825508850847,0.15574285116341013,3.0,268.2361111111111,14,595.5231323780505,2.9490489015764982,2.9538371862084065,2.952146249823939,2.7484604432497357,4.267717416859296,4.273581893976084,4.274203243689506,5.222755262610303,5.792403851018938,5.8100488518244235,5.773733218055375,5.508868017680009
L1_halo_north,12,12.007250355689939,3.1446944930311576,691.6468295563552,48528.07503884783,67098.25017945583,0.3858825508850847,0.15574285116341013,7.0,268.2361111111111,307,1.4971894374008707,13.81937648611292,13.828405538530898,13.80120580637322,13.315890057738262,15.045160472939912,15.049763665646042,15.024694535713897,14.118461524489895,16.456775747207377,16.46331309649681,16.421069542462817,15.715549095104794
L1_halo_north,12,12.007250355689939,3.1446944930311576,691.6468295563552,48528.07503884783,67098.25017945583,0.3858825508850847,0.15574285116341013,3.0,321.99305555555554,115,16.761981054440092,9.605121493824667,9.613893325411855,9.61098276614241,9.204565245740724,10.914409098170593,10.918176099686349,10.927985633164825,11.3167276825162,12.53648692215069,12.539430656188244,12.531282511760162,11.516453500231602
L1_halo_north,12,12.007250355689939,3.1446944930311576,691.6468295563552,48528.07503884783,67098.25017945583,0.3858825508850847,0.15574285116341013,7.0,321.99305555555554,572,0.9302010686721545,12.885086166164433,12.877127277750441,12.870373875446889,11.452649718691726,14.655805275535137,14.651661607690155,14.627764507770289,14.242259244895834,17.11187877815007,17.01687097851825,16.81579685097824,15.840182742756536
L1_halo_north,24,12.098732186603932,3.1017387841670523,284.30191643542634,44833.28657786212,72677.92475095668,0.08252061560863677,0.37931165693194574,3.0,52.0,597,1.5261886054179377,13.410212776250235,13.489404631844213,13.481789559961094,12.242196420113048,18.45268157374763,18.42297695708647,18.044239438656763,18.432322552102434,19.605528575013544,19.565561612814932,19.50568042252176,18.52273583415723
L1_halo_north,24,12.098732186603932,3.1017387841670523,284.30191643542634,44833.28657786212,72677.92475095668,0.08252061560863677,0.37931165693194574,7.0,52.0,1125,0.36984222790613097,18.83661335421021,18.8115047178768,18.78353670234333,18.43386328220538,19.88685972699343,19.872237843710124,19.85597220766476,18.493039238459417,20.995663199336047,20.992783025044297,20.989637817374923,18.6046770895807
L1_halo_north,24,12.098732186603932,3.1017387841670523,284.30191643542634,44833.28657786212,72677.92475095668,0.08252061560863677,0.37931165693194574,3.0,91.78472222222223,15,13.882793889529284,8.940417877968553,8.914193886774383,8.91753363664688,8.270985453233905,11.555895388423686,11.35670639532467,11.280587478906122,13.317313475584747,15.317281235324549,15.290957655903414,15.119496873492242,15.632256868936901
L1_halo_north,24,12.098732186603932,3.1017387841670523,284.30191643542634,44833.28657786212,72677.92475095668,0.08252061560863677,0.37931165693194574,7.0,91.78472222222223,273,1.1524037673634346,16.135768409582415,16.1377923866504,16.142874092531134,15.665960737294085,17.38790960476594,17.383762844852072,17.397580498531653,18.42045322799263,19.09407608414538,19.036839251807155,19.02081929435497,18.461240664012426
L1_halo_north,24,12.098732186603932,3.1017387841670523,284.30191643542634,44833.28657786212,72677.92475095668,0.08252061560863677,0.37931165693194574,3.0,142.0,496,6.213975181143168,13.539594542544217,13.544244393826782,13.521052777812802,13.300915737168916,14.467339619046252,14.473411161882892,14.447854963158804,13.383335428028143,15.458654614445727,15.46632093824246,15.438184915526886,15.681641435651917
L1_halo_north,24,12.098732186603932,3.1017387841670523,284.30191643542634,44833.28657786212,72677.92475095668,0.08252061560863677,0.37931165693194574,7.0,142.0,845,1.0825586406223415,15.155343373178,15.142477131199,15.14161084025577,13.440809954800667,16.479467855417603,16.471592661329947,16.451793985881178,15.722428201795946,18.06020575677688,18.068849221717436,18.014080421197757,18.399099827088172
L1_halo_north,24,12.098732186603932,3.1017387841670523,284.30191643542634,44833.28657786212,72677.92475095668,0.08252061560863677,0.37931165693194574,3.0,179.90972222222223,157,5.050823503979794,12.797584332091038,12.81695206615357,12.812709779903429,11.369423145463623,13.985772323183701,14.002593902529991,14.023187603900872,13.449031546970316,15.520515828780402,15.51226358185859,15.57953629038283,15.66453716586759
L1_halo_north,24,12.098732186603932,3.1017387841670523,284.30191643542634,44833.28657786212,72677.92475095668,0.08252061560863677,0.37931165693194574,7.0,179.90972222222223,391,1.8644840417239017,13.804438121536316,13.822798110881289,13.82206834584464,13.321141835630858,15.403885170493377,15.377463090627632,15.375770430300653,15.667679081221374,17.46068748623503,17.469944069319432,17.345612868439645,15.70003650499205
L1_halo_north,24,12.098732186603932,3.1017387841670523,284.30191643542634,44833.28657786212,72677.92475095668,0.08252061560863677,0.37931165693194574,3.0,232.0,519,1.8948207591381572,13.282903999203745,13.313086060401943,13.305854177722528,12.242196420113048,15.30079067698427,15.318583349164244,15.295948379006902,15.764581753838327,18.98569087622178,18.922492121169373,18.83951400425128,18.4472656484661
L1_halo_north,24,12.098732186603932,3.1017387841670523,284.30191643542634,44833.28657786212,72677.92475095668,0.08252061560863677,0.37931165693194574,7.0,232.0,1185,0.44251687947390544,15.590936738792836,15.55250049453244,15.557959014806906,13.833768795204982,19.363465726075006,19.343339421668496,19.325122006431005,18.4472656484661,21.100907890515142,21.06298210400683,21.01540024824343,19.052967394251052
L1_halo_north,24,12.098732186603932,3.1017387841670523,284.30191643542634,44833.28657786212,72677.92475095668,0.08252061560863677,0.37931165693194574,3.0,267.2361111111111,194,3.3491874218240527,12.382038908091989,12.403391062724461,12.398512871810881,11.384981925480176,14.133339228586683,14.13591662408677,14.143885872623507,13.647170118081135,16.515142800031644,16.412748921957203,16.37223527580831,15.735876381240152
L1_halo_north,24,12.098732186603932,3.1017387841670523,284.30191643542634,44833.28657786212,72677.92475095668,0.08252061560863677,0.37931165693194574,7.0,267.2361111111111,822,0.7107593732866055,14.50638110670006,14.531001551476097,14.523909755759849,13.388364334465258,17.022099284880372,17.04118846460774,16.99993216350497,16.959347117570736,20.040784530043958,19.978178711423737,19.878736588101113,18.812551312862134
L1_halo_north,24,12.098732186603932,3.1017387841670523,284.30191643542634,44833.28657786212,72677.92475095668,0.08252061560863677,0.37931165693194574,3.0,322.0,245,16.51927159900357,8.65478399766311,8.647522501969519,8.648183657764466,8.201864670524515,11.136024069690698,11.13511723377437,11.135436811381858,11.658075816667871,14.451946085805975,14.417702094898624,14.332156071341842,13.423400366415413
L1_halo_north,24,12.098732186603932,3.1017387841670523,284.30191643542634,44833.28657786212,72677.92475095668,0.08252061560863677,0.37931165693194574,7.0,322.0,1043,0.3489031397273705,17.450312350986476,17.436015086095267,17.430410401944233,15.714651123630468,19.08397725409921,19.07077575204434,19.032715695001617,18.44118170842157,21.080264945247997,21.08905784218443,20.963516411470383,18.65791005588125
L1_halo_north,36,11.941011913447664,3.044338975526261,61.11316838090153,38093.777966675545,80899.88620970193,0.4979015857627619,0.42875896577310174,3.0,52.0,610,3.321197093518793,15.604524342711814,15.604394671059678,15.604284484238407,13.885100685213159,17.449967089104202,17.422723523674925,17.439485975604995,18.458767492373052,20.129920342746562,20.027634848317703,19.996111223546897,18.70139766167321
L1_halo_north,36,11.941011913447664,3.044338975526261,61.11316838090153,38093.777966675545,80899.88620970193,0.4979015857627619,0.42875896577310174,7.0,52.0,1168,1.0451458462410352,17.508997906677454,17.541409866795668,17.53565167280679,15.806919575476751,20.01364560896426,20.07013603957845,20.05674570138574,19.730072119720887,25.680143094893623,25.61673099178865,25.56813262696379,25.534477008839648
L1_halo_north,36,11.941011913447664,3.044338975526261,61.11316838090153,38093.777966675545,80899.88620970193,0.4979015857627619,0.42875896577310174,3.0,90.78472222222223,110,7.605131224349062,13.718758651289463,13.717305579441481,13.712826940090435,13.296425129983852,15.627465954297007,15.677001329363138,15.646784213278977,15.737300585146748,22.027800061582738,21.986840432646197,21.869283101079375,21.699096531736544
L1_halo_north,36,11.941011913447664,3.044338975526261,61.11316838090153,38093.777966675545,80899.88620970193,0.4979015857627619,0.42875896577310174,7.0,90.78472222222223,538,1.3793120361035787,16.66167058831945,16.659340849071718,16.660251397954514,15.69607463358643,23.546647885495975,23.534215089764622,23.472129235229833,21.71391272104046,24.67294307925629,24.65952644686567,24.622344855802925,21.842204207636755
L1_halo_north,36,11.941011913447664,3.044338975526261,61.11316838090153,38093.777966675545,80899.88620970193,0.4979015857627619,0.42875896577310174,3.0,141.91666666666666,471,2.164724551128025,20.78057496323649,20.775130700527097,20.762975462460204,18.467371935907927,21.604119681623576,21.592281025416064,21.590120491598142,21.69145987639967,23.878666211132252,23.87013822932294,23.700221468577595,21.807439607528462
L1_halo_north,36,11.941011913447664,3.044338975526261,61.11316838090153,38093.777966675545,80899.88620970193,0.4979015857627619,0.42875896577310174,7.0,141.91666666666666,1105,0.44413740438711735,21.608199522013212,21.59119383598044,21.590484905198647,19.23529358637546,23.461435991975424,23.439118009886574,23.412487901939087,21.797288102335386,25.71328814379997,25.69784099988403,25.483127379984083,inf
L1_halo_north,36,11.941011913447664,3.044338975526261,61.11316838090153,38093.777966675545,80899.88620970193,0.4979015857627619,0.42875896577310174,3.0,179.8125,91,3.921917792291119,17.0885362592483,17.085601321728284,17.085103834063407,15.705212700286461,18.819577027519227,18.816299319910236,18.803076603133462,18.443464754451327,20.662592011388703,20.652457343254955,20.59560614116722,18.682359375977285
L1_halo_north,36,11.941011913447664,3.044338975526261,61.11316838090153,38093.777966675545,80899.88620970193,0.4979015857627619,0.42875896577310174,7.0,179.8125,473,0.7415183301858751,20.417457249715902,20.406673067901515,20.400159501893473,18.50912554072281,22.69363448469877,22.67603454398109,22.652893716792676,21.821723161137115,25.679022514742947,25.6814011266063,25.644023677890235,25.729392291614744
L1_halo_north,36,11.941011913447664,3.044338975526261,61.11316838090153,38093.777966675545,80899.88620970193,0.4979015857627619,0.42875896577310174,3.0,232.0,567,3.049878647487857,15.795452255005577,15.770588911880452,15.772119540491142,15.00817757212653,17.661275286716922,17.656028339841146,17.65330092830809,18.48257788571561,21.486025783291364,21.33574838975416,21.2181120041557,21.72172763909112
L1_halo_north,36,11.941011913447664,3.044338975526261,61.11316838090153,38093.777966675545,80899.88620970193,0.4979015857627619,0.42875896577310174,7.0,232.0,1261,1.0798079334221964,17.428866948038912,17.437827607203932,17.429468769328334,15.722428201795946,20.77026151343138,20.724616597580066,20.6928890126941,21.753012107474717,24.68586267899226,24.559709193453138,24.496778205477753,25.506229046484197
L1_halo_north,36,11.941011913447664,3.044338975526261,61.11316838090153,38093.777966675545,80899.88620970193,0.4979015857627619,0.42875896577310174,3.0,267.96527777777777,196,4.8647496559766985,14.796161521776988,14.780925358859655,14.782588649861204,13.409420775519568,16.646577067791252,16.62986303560046,16.625463825495146,15.76691321336731,19.24390870042201,19.15171637494069,19.059288419934486,18.723179459938983
L1_halo_north,36,11.941011913447664,3.044338975526261,61.11316838090153,38093.777966675545,80899.88620970193,0.4979015857627619,0.42875896577310174,7.0,267.96527777777777,722,1.4711597447614193,16.706674165218345,16.70064187882527,16.698789394541283,15.69607463358643,19.113754234149543,19.11271479279003,19.090880991231252,19.558572787356074,23.340753830208183,23.249736982800474,23.194089612474837,22.425261561923232
L1_halo_north,36,11.941011913447664,3.044338975526261,61.11316838090153,38093.777966675545,80899.88620970193,0.4979015857627619,0.42875896577310174,3.0,321.99305555555554,420,1.4930711531203305,19.818944159033506,19.833605693229362,19.836310044112793,18.461240664012426,21.445752538090172,21.460235602610656,21.467746736327115,21.690982185255404,23.770734499998063,23.783438934731794,23.723055481442163,21.9360769181452
L1_halo_north,36,11.941011913447664,3.044338975526261,61.11316838090153,38093.777966675545,80899.88620970193,0.4979015857627619,0.42875896577310174,7.0,321.99305555555554,1195,0.3698146271865474,21.979889705675404,22.00337296555739,22.00592201823111,21.671636973473056,24.156739290947637,24.179227899373416,24.17823890484925,23.020356958502784,inf,29.97172953347246,29.44319808267692,inf
L1_halo_north,48,10.068260081291468,2.998387154577847,2.2287009865664262,21650.38914397294,85965.85258390507,0.44874563345642454,0.37175852818629784,3.0,52.0,327,3.880652199449052,26.66769835456408,26.67769154340263,26.665304813464502,25.56159952904577,29.229369932600978,29.210942338462697,29.171265430049772,inf,inf,inf,inf,inf
L1_halo_north,48,10.068260081291468,2.998387154577847,2.2287009865664262,21650.38914397294,85965.85258390507,0.44874563345642454,0.37175852818629784,7.0,52.0,886,1.19209907197699,29.77960273379747,29.8017325702224,29.812567102406714,26.333060706112168,inf,inf,inf,inf,inf,inf,inf,inf
L1_halo_north,48,10.068260081291468,2.998387154577847,2.2287009865664262,21650.38914397294,85965.85258390507,0.44874563345642454,0.37175852818629784,3.0,89.78472222222223,119,8.94492088079606,20.618049988358397,20.589768856476237,20.586070335294266,18.560432321578727,inf,inf,inf,inf,inf,inf,inf,inf
L1_halo_north,48,10.068260081291468,2.998387154577847,2.2287009865664262,21650.38914397294,85965.85258390507,0.44874563345642454,0.37175852818629784,7.0,89.78472222222223,632,1.3313534989170397,inf,inf,inf,inf,inf,inf,inf,inf,inf,inf,inf,inf
L1_halo_north,48,10.068260081291468,2.998387154577847,2.2287009865664262,21650.38914397294,85965.85258390507,0.44874563345642454,0.37175852818629784,3.0,140.72222222222223,523,2.6379756062164237,29.387973909233793,29.43387842976834,29.43395598822549,26.465434552684176,inf,inf,inf,inf,inf,inf,inf,inf
L1_halo_north,48,10.068260081291468,2.998387154577847,2.2287009865664262,21650.38914397294,85965.85258390507,0.44874563345642454,0.37175852818629784,7.0,140.72222222222223,1081,0.5766465828348893,inf,inf,inf,inf,inf,inf,inf,inf,inf,inf,inf,inf
L1_halo_north,48,10.068260081291468,2.998387154577847,2.2287009865664262,21650.38914397294,85965.85258390507,0.44874563345642454,0.37175852818629784,3.0,178.90972222222223,182,8.853982967773913,24.07619462859311,24.065726190426044,24.046016535368235,21.928841639040236,inf,inf,inf,inf,inf,inf,inf,inf
L1_halo_north,48,10.068260081291468,2.998387154577847,2.2287009865664262,21650.38914397294,85965.85258390507,0.44874563345642454,0.37175852818629784,7.0,178.90972222222223,629,1.2843098750722,inf,inf,inf,inf,inf,inf,inf,inf,inf,inf,inf,inf
L1_halo_north,48,10.068260081291468,2.998387154577847,2.2287009865664262,21650.38914397294,85965.85258390507,0.44874563345642454,0.37175852818629784,3.0,231.21527777777777,555,2.9950077583228754,29.045422849278676,29.055606695767178,29.052714149068358,25.954354890591247,inf,inf,inf,inf,inf,inf,inf,inf
L1_halo_north,48,10.068260081291468,2.998387154577847,2.2287009865664262,21650.38914397294,85965.85258390507,0.44874563345642454,0.37175852818629784,7.0,231.21527777777777,1190,0.6014289956017835,inf,inf,inf,inf,inf,inf,inf,inf,inf,inf,inf,inf
L1_halo_north,48,10.068260081291468,2.998387154577847,2.2287009865664262,21650.38914397294,85965.85258390507,0.44874563345642454,0.37175852818629784,3.0,267.625,209,6.607873664904778,inf,inf,inf,inf,inf,inf,inf,inf,inf,inf,inf,inf
L1_halo_north,48,10.068260081291468,2.998387154577847,2.2287009865664262,21650.38914397294,85965.85258390507,0.44874563345642454,0.37175852818629784,7.0,267.625,539,1.434636808650494,inf,inf,inf,inf,inf,inf,inf,inf,inf,inf,inf,inf
L1_halo_north,48,10.068260081291468,2.998387154577847,2.2287009865664262,21650.38914397294,85965.85258390507,0.44874563345642454,0.37175852818629784,3.0,321.9583333333333,417,3.0037238247077895,28.582443313534146,28.59056998834216,28.58514556010986,25.837129946506547,inf,inf,inf,inf,inf,inf,inf,inf
L1_halo_north,48,10.068260081291468,2.998387154577847,2.2287009865664262,21650.38914397294,85965.85258390507,0.44874563345642454,0.37175852818629784,7.0,321.9583333333333,1164,0.5447719539760245,inf,inf,inf,inf,inf,inf,inf,inf,inf,inf,inf,inf
L1_halo_north,60,8.548435338065943,3.001307691132672,1.8227870615794595,11380.603948504311,84312.79685160927,0.7054283434253289,0.36645040999980977,3.0,52.0,391,6.659259646613688,inf,inf,inf,inf,inf,inf,inf,inf,inf,inf,inf,inf
L1_halo_north,60,8.548435338065943,3.001307691132672,1.8227870615794595,11380.603948504311,84312.79685160927,0.7054283434253289,0.36645040999980977,7.0,52.0,906,0.9051901826632739,inf,inf,inf,inf,inf,inf,inf,inf,inf,inf,inf,inf
L1_halo_north,60,8.548435338065943,3.001307691132672,1.8227870615794595,11380.603948504311,84312.79685160927,0.7054283434253289,0.36645040999980977,3.0,89.78472222222223,171,10.283129834547365,26.981364392500346,27.06100364447285,27.05305522725315,25.716200931977557,inf,inf,inf,inf,inf,inf,inf,inf
L1_halo_north,60,8.548435338065943,3.001307691132672,1.8227870615794595,11380.603948504311,84312.79685160927,0.7054283434253289,0.36645040999980977,7.0,89.78472222222223,483,1.8780330235691298,inf,inf,inf,inf,inf,inf,inf,inf,inf,inf,inf,inf
L1_halo_north,60,8.548435338065943,3.001307691132672,1.8227870615794595,11380.603948504311,84312.79685160927,0.7054283434253289,0.36645040999980977,3.0,141.91666666666666,512,5.370356695523373,inf,inf,29.978091821972846,27.652462256771244,inf,inf,inf,inf,inf,inf,inf,inf
L1_halo_north,60,8.548435338065943,3.001307691132672,1.8227870615794595,11380.603948504311,84312.79685160927,0.7054283434253289,0.36645040999980977,7.0,141.91666666666666,1012,1.213801305380735,inf,inf,inf,inf,inf,inf,inf,inf,inf,inf,inf,inf
L1_halo_north,60,8.548435338065943,3.001307691132672,1.8227870615794595,11380.603948504311,84312.79685160927,0.7054283434253289,0.36645040999980977,3.0,180.19444444444446,73,20.003453096087387,24.341814605185775,24.38862562071834,24.344811445413708,22.083324587630926,inf,inf,inf,inf,inf,inf,inf,inf
L1_halo_north,60,8.548435338065943,3.001307691132672,1.8227870615794595,11380.603948504311,84312.79685160927,0.7054283434253289,0.36645040999980977,7.0,180.19444444444446,447,1.9503012662204464,inf,inf,inf,inf,inf,inf,inf,inf,inf,inf,inf,inf
L1_halo_north,60,8.548435338065943,3.001307691132672,1.8227870615794595,11380.603948504311,84312.79685160927,0.7054283434253289,0.36645040999980977,3.0,232.0,407,6.114336574449025,inf,inf,inf,inf,inf,inf,inf,inf,inf,inf,inf,inf
L1_halo_north,60,8.548435338065943,3.001307691132672,1.8227870615794595,11380.603948504311,84312.79685160927,0.7054283434253289,0.36645040999980977,7.0,232.0,974,0.7874137526542143,inf,inf,inf,inf,inf,inf,inf,inf,inf,inf,inf,inf
L1_halo_north,60,8.548435338065943,3.001307691132672,1.8227870615794595,11380.603948504311,84312.79685160927,0.7054283434253289,0.36645040999980977,3.0,321.99305555555554,405,5.249281054431353,inf,inf,inf,28.106793150115237,inf,inf,inf,inf,inf,inf,inf,inf
L1_halo_north,60,8.548435338065943,3.001307691132672,1.8227870615794595,11380.603948504311,84312.79685160927,0.7054283434253289,0.36645040999980977,7.0,321.99305555555554,1139,0.8509571465515066,inf,inf,inf,inf,inf,inf,inf,inf,inf,inf,inf,inf
L1_halo_north,72,7.866911368615339,3.003602933463421,2.4211059604353076,5360.2039875845385,85394.6267206201,0.2977884872004949,0.3704267422613725,3.0,52.0,562,5.967197862784716,26.21097024655046,26.271239203978777,26.256803015081555,25.590135095986206,inf,inf,inf,inf,inf,inf,inf,inf
L1_halo_north,72,7.866911368615339,3.003602933463421,2.4211059604353076,5360.2039875845385,85394.6267206201,0.2977884872004949,0.3704267422613725,7.0,52.0,956,0.5913180701463014,inf,inf,inf,inf,inf,inf,inf,inf,inf,inf,inf,inf
L1_halo_north,72,7.866911368615339,3.003602933463421,2.4211059604353076,5360.2039875845385,85394.6267206201,0.2977884872004949,0.3704267422613725,3.0,90.95833333333333,72,20.605383429597424,21.088331588140424,21.047047248679927,21.049579113734758,18.969979788864677,26.400144770821488,26.448398296045493,26.370068935102005,25.907401224747943,inf,inf,inf,inf
L1_halo_north,72,7.866911368615339,3.003602933463421,2.4211059604353076,5360.2039875845385,85394.6267206201,0.2977884872004949,0.3704267422613725,7.0,90.95833333333333,399,1.7973753671045465,inf,inf,inf,inf,inf,inf,inf,inf,inf,inf,inf,inf
L1_halo_north,72,7.866911368615339,3.003602933463421,2.4211059604353076,5360.2039875845385,85394.6267206201,0.2977884872004949,0.3704267422613725,3.0,141.91666666666666,516,7.059085855730031,24.02208995747123,24.0433204645174,24.104912513341784,22.02383827983911,inf,inf,inf,inf,inf,inf,inf,inf
L1_halo_north,72,7.866911368615339,3.003602933463421,2.4211059604353076,5360.2039875845385,85394.6267206201,0.2977884872004949,0.3704267422613725,7.0,141.91666666666666,1005,1.8335761475695351,inf,inf,inf,inf,inf,inf,inf,inf,inf,inf,inf,inf
L1_halo_north,72,7.866911368615339,3.003602933463421,2.4211059604353076,5360.2039875845385,85394.6267206201,0.2977884872004949,0.3704267422613725,3.0,179.59722222222223,185,13.9688057166216,20.9873599621385,21.016420615136283,21.004038386549613,19.052967394251052,27.18084644792588,27.13802461688998,27.108263455735546,inf,inf,inf,inf,inf
L1_halo_north,72,7.866911368615339,3.003602933463421,2.4211059604353076,5360.2039875845385,85394.6267206201,0.2977884872004949,0.3704267422613725,7.0,179.59722222222223,480,0.8151241447068147,inf,inf,inf,inf,inf,inf,inf,inf,inf,inf,inf,inf
L1_halo_north,72,7.866911368615339,3.003602933463421,2.4211059604353076,5360.2039875845385,85394.6267206201,0.2977884872004949,0.3704267422613725,3.0,232.0,334,2.6419828022448635,inf,inf,inf,inf,inf,inf,inf,inf,inf,inf,inf,inf
L1_halo_north,72,7.866911368615339,3.003602933463421,2.4211059604353076,5360.2039875845385,85394.6267206201,0.2977884872004949,0.3704267422613725,7.0,232.0,1046,1.0758279061443536,inf,inf,inf,inf,inf,inf,inf,inf,inf,inf,inf,inf
L1_halo_north,72,7.866911368615339,3.003602933463421,2.4211059604353076,5360.2039875845385,85394.6267206201,0.2977884872004949,0.3704267422613725,3.0,267.2361111111111,192,19.37522429977082,20.259964292720248,20.2727354736524,20.250458247917948,18.70139766167321,24.332684958294465,24.315958385657584,24.166185564073725,23.020356958502784,inf,inf,inf,inf
L1_halo_north,72,7.866911368615339,3.003602933463421,2.4211059604353076,5360.2039875845385,85394.6267206201,0.2977884872004949,0.3704267422613725,7.0,267.2361111111111,573,2.634348759563474,inf,inf,inf,26.703473689911373,inf,inf,inf,inf,inf,inf,inf,inf
L1_halo_north,72,7.866911368615339,3.003602933463421,2.4211059604353076,5360.2039875845385,85394.6267206201,0.2977884872004949,0.3704267422613725,3.0,321.99305555555554,412,7.933476884945068,26.368325652187558,26.346460387192447,26.302917333049354,25.579743005904838,inf,inf,inf,inf,inf,inf,inf,inf
L1_halo_north,72,7.866911368615339,3.003602933463421,2.4211059604353076,5360.2039875845385,85394.6267206201,0.2977884872004949,0.3704267422613725,7.0,321.99305555555554,969,1.201340189069512,inf,inf,inf,inf,inf,inf,inf,inf,inf,inf,inf,inf
L1_halo_north,84,8.222917325742117,2.9850455485361205,2.8558395780669796,2041.6682326278124,95220.18505984978,0.6212646905621998,0.3852285915412568,3.0,52.0,617,5.845358603004387,23.806131407762397,23.812143397645983,23.794935781832883,21.882100841077765,28.176931254778086,27.775640230303903,27.711165399586463,25.954354890591247,inf,inf,inf,inf
L1_halo_north,84,8.222917325742117,2.9850455485361205,2.8558395780669796,2041.6682326278124,95220.18505984978,0.6212646905621998,0.3852285915412568,7.0,52.0,974,0.4800367708759272,inf,inf,inf,inf,inf,inf,inf,inf,inf,inf,inf,inf
L1_halo_north,84,8.222917325742117,2.9850455485361205,2.8558395780669796,2041.6682326278124,95220.18505984978,0.6212646905621998,0.3852285915412568,3.0,90.78472222222223,64,12.117077070528019,22.582396593547756,22.554726078603615,22.551774770479778,21.752566594346398,25.371633914252726,25.15384550174093,25.141291376654582,25.982014435423405,28.101901583650232,27.947716404298458,27.940222505210215,26.911505420219033
L1_halo_north,84,8.222917325742117,2.9850455485361205,2.8558395780669796,2041.6682326278124,95220.18505984978,0.6212646905621998,0.3852285915412568,7.0,90.78472222222223,476,5.112821121729738,26.420172178328308,26.36909379244214,26.389454129369504,24.47105192075318,inf,inf,inf,inf,inf,inf,inf,inf
L1_halo_north,84,8.222917325742117,2.9850455485361205,2.8558395780669796,2041.6682326278124,95220.18505984978,0.6212646905621998,0.3852285915412568,3.0,142.0,491,7.186940379511724,24.116159826703754,24.145567072783127,24.106276929694964,21.8455498768851,26.971176799557476,26.98968304599476,26.966983737828976,25.729392291614744,29.411099749204297,29.42341245243309,29.371177065421712,27.33244348075582
L1_halo_north,84,8.222917325742117,2.9850455485361205,2.8558395780669796,2041.6682326278124,95220.18505984978,0.6212646905621998,0.3852285915412568,7.0,142.0,986,0.6349167057133234,inf,inf,inf,inf,inf,inf,inf,inf,inf,inf,inf,inf
L1_halo_north,84,8.222917325742117,2.9850455485361205,2.8558395780669796,2041.6682326278124,95220.18505984978,0.6212646905621998,0.3852285915412568,3.0,178.90972222222223,191,12.507423738928365,19.409117585068827,19.40424404189986,19.372715808561242,18.52273583415723,25.997680032820547,25.963747175531225,25.91610436909661,25.554640323621722,27.843598373488263,27.784253686263735,27.759056040984394,25.729392291614744
L1_halo_north,84,8.222917325742117,2.9850455485361205,2.8558395780669796,2041.6682326278124,95220.18505984978,0.6212646905621998,0.3852285915412568,7.0,178.90972222222223,646,1.8147695565759119,29.076345794373434,29.079668133352534,29.085148346152398,25.744206980154456,inf,inf,inf,inf,inf,inf,inf,inf
L1_halo_north,84,8.222917325742117,2.9850455485361205,2.8558395780669796,2041.6682326278124,95220.18505984978,0.6212646905621998,0.3852285915412568,3.0,232.0,405,8.305055772019687,24.12026324289104,24.065275783118736,24.05646826249336,21.76980454253413,27.38068170448423,27.2869163788491,27.25221286023655,27.33244348075582,inf,inf,inf,inf
L1_halo_north,84,8.222917325742117,2.9850455485361205,2.8558395780669796,2041.6682326278124,95220.18505984978,0.6212646905621998,0.3852285915412568,7.0,232.0,1060,0.8107047968132899,inf,inf,inf,inf,inf,inf,inf,inf,inf,inf,inf,inf
L1_halo_north,84,8.222917325742117,2.9850455485361205,2.8558395780669796,2041.6682326278124,95220.18505984978,0.6212646905621998,0.3852285915412568,3.0,267.2361111111111,208,15.836459356461688,19.470384791956874,19.426708657368778,19.4195707300884,18.59569136941383,22.531394300154197,22.352256770403184,22.332538610787935,23.494105533359747,25.647387784777234,25.59475424411219,25.593536641864414,25.568627572506117
L1_halo_north,84,8.222917325742117,2.9850455485361205,2.8558395780669796,2041.6682326278124,95220.18505984978,0.6212646905621998,0.3852285915412568,7.0,267.2361111111111,649,0.7033223092442247,inf,inf,inf,inf,inf,inf,inf,inf,inf,inf,inf,inf
L1_halo_north,84,8.222917325742117,2.9850455485361205,2.8558395780669796,2041.6682326278124,95220.18505984978,0.6212646905621998,0.3852285915412568,3.0,321.99305555555554,264,4.74112736042995,26.718658761882306,26.831606121466553,26.808775143305184,23.494105533359747,inf,inf,inf,inf,inf,inf,inf,inf
L1_halo_north,84,8.222917325742117,2.9850455485361205,2.8558395780669796,2041.6682326278124,95220.18505984978,0.6212646905621998,0.3852285915412568,7.0,321.99305555555554,1035,1.0925630180354569,inf,inf,inf,inf,inf,inf,inf,inf,inf,inf,inf,inf
L2_halo_south,19,13.620623888087861,3.061252978491047,75.42484599477362,36335.98048210482,85289.43189643313,0.08984774982329768,0.3352675938433439,3.0,52.0,593,2.5721270604267032,22.316555527061308,22.322637940663128,22.312695576666048,21.69657865603238,23.652847403485296,23.62866016446877,23.614008916967368,21.742617961519606,25.069155032198257,25.01109334174721,24.99121700534283,22.556161320737218
L2_halo_south,19,13.620623888087861,3.061252978491047,75.42484599477362,36335.98048210482,85289.43189643313,0.08984774982329768,0.3352675938433439,7.0,52.0,1122,0.3878329422944366,24.545167628321213,24.500408346303647,24.494738404003648,21.811919715626686,26.361388942137364,26.28871872513755,26.258740695307875,25.572959329060875,29.012607817253755,28.957537590638456,28.86753807317472,26.013166658869434
L2_halo_south,19,13.620623888087861,3.061252978491047,75.42484599477362,36335.98048210482,85289.43189643313,0.08984774982329768,0.3352675938433439,3.0,90.78472222222223,54,9.861220330235573,14.87828214771658,14.912168216830372,14.920741925381671,13.409420775519568,17.22297608477057,17.278178799409798,17.270090449358165,19.426215704608406,24.074435171184422,24.1760629721022,23.837031611969337,22.051358290906172
L2_halo_south,19,13.620623888087861,3.061252978491047,75.42484599477362,36335.98048210482,85289.43189643313,0.08984774982329768,0.3352675938433439,7.0,90.78472222222223,361,1.4455018801152266,18.23504816945973,18.270298137738237,18.26803470261125,16.34270443214519,24.65269407809622,24.60801523600072,24.548972470010405,25.502564895242838,27.43479735484932,27.34022844014012,27.172913274356034,25.559122306522774
L2_halo_south,19,13.620623888087861,3.061252978491047,75.42484599477362,36335.98048210482,85289.43189643313,0.08984774982329768,0.3352675938433439,3.0,141.90277777777777,418,4.621322618162801,16.92303657235815,16.919199928631826,16.928058608077738,15.702529413582074,18.870409454989854,18.86791165949064,18.875046071843396,18.49018555516646,21.49707281370941,21.50787967095523,21.434956370260647,25.557562190144285
L2_halo_south,19,13.620623888087861,3.061252978491047,75.42484599477362,36335.98048210482,85289.43189643313,0.08984774982329768,0.3352675938433439,7.0,141.90277777777777,898,1.5287630492646076,18.583380280839105,18.570214430349814,18.576191771970116,17.23798976627628,20.982814149157203,20.972816861492483,20.96298452143759,25.519639352227138,27.994891118178067,28.17089097185172,27.92984489450682,25.655315359588524
L2_halo_south,19,13.620623888087861,3.061252978491047,75.42484599477362,36335.98048210482,85289.43189643313,0.08984774982329768,0.3352675938433439,3.0,177.8125,59,3.3512984857625527,19.868482396559564,19.850386591995168,19.842518601534408,18.449141308708512,21.23144409853582,21.222942728177383,21.207477049972447,21.69145987639967,23.54362232436725,23.544316575432287,23.374660065388813,21.718773996477907
L2_halo_south,19,13.620623888087861,3.061252978491047,75.42484599477362,36335.98048210482,85289.43189643313,0.08984774982329768,0.3352675938433439,7.0,177.8125,556,0.45556678837095904,22.8369293619396,22.837469436336043,22.837709813793616,21.704733280425614,24.733439360371666,24.736562643712542,24.74360112876975,25.8873042370971,inf,inf,inf,inf
L2_halo_south,19,13.620623888087861,3.061252978491047,75.42484599477362,36335.98048210482,85289.43189643313,0.08984774982329768,0.3352675938433439,3.0,232.0,177,2.7735641083039257,20.36161997268544,20.355497748901954,20.33780103725611,18.452089160125794,21.68814214077155,21.657235682123414,21.639857146013878,21.6939174790614,24.135073405654733,23.968599951978117,23.82380550053367,21.736018198877257
L2_halo_south,19,13.620623888087861,3.061252978491047,75.42484599477362,36335.98048210482,85289.43189643313,0.08984774982329768,0.3352675938433439,7.0,232.0,826,0.2648967654011103,23.515862694067938,23.536107971135987,23.52641488188391,21.72235185648598,25.393579563997793,25.414410020324244,25.39626705912595,27.094862199734393,inf,inf,inf,inf
L2_halo_south,19,13.620623888087861,3.061252978491047,75.42484599477362,36335.98048210482,85289.43189643313,0.08984774982329768,0.3352675938433439,3.0,267.96527777777777,164,6.302332036332106,15.2829040685017,15.272829279671289,15.266723327344819,13.647170118081135,18.01615675742938,18.015445155662796,18.01417751457711,21.680355443165265,24.78043444810429,24.619356257141686,24.508735227852487,25.488622295405268
L2_halo_south,19,13.620623888087861,3.061252978491047,75.42484599477362,36335.98048210482,85289.43189643313,0.08984774982329768,0.3352675938433439,7.0,267.96527777777777,661,1.1478945046080802,22.499717762270077,22.49956978592181,22.50189441499237,21.70184367173585,24.991760224225036,25.019756272967275,25.03052258997565,25.530332896121372,27.79824171786326,27.721129873169055,27.562067692585025,25.570736362324006
L2_halo_south,19,13.620623888087861,3.061252978491047,75.42484599477362,36335.98048210482,85289.43189643313,0.08984774982329768,0.3352675938433439,3.0,322.0,474,3.01349257374476,17.227160436905905,17.18709517504007,17.184648863785114,15.731826427930002,22.980643401723665,22.997959119704994,22.927152967389652,22.066720923193472,25.952650074941758,25.865439136292547,25.68049490669089,25.507008387185806
L2_halo_south,19,13.620623888087861,3.061252978491047,75.42484599477362,36335.98048210482,85289.43189643313,0.08984774982329768,0.3352675938433439,7.0,322.0,1309,0.6249069885120183,24.103183459173145,24.088496989465032,24.061151256800382,21.89762578058346,26.79644280040979,26.718763064872274,26.657532604237467,25.536780769759606,28.99970091556482,28.814943151301986,28.672884541406017,25.611084924188106
L2_halo_south,39,10.387287558393792,3.015182096464025,1.1159088875896364,17582.28654291302,86019.55238963901,0.008940684081531147,0.32874184281120983,3.0,51.020833333333336,553,1.3278582475437477,inf,inf,inf,inf,inf,inf,inf,inf,inf,inf,inf,inf
L2_halo_south,39,10.387287558393792,3.015182096464025,1.1159088875896364,17582.28654291302,86019.55238963901,0.008940684081531147,0.32874184281120983,7.0,51.020833333333336,1007,0.38752795249259175,inf,inf,inf,inf,inf,inf,inf,inf,inf,inf,inf,inf
L2_halo_south,39,10.387287558393792,3.015182096464025,1.1159088875896364,17582.28654291302,86019.55238963901,0.008940684081531147,0.32874184281120983,3.0,90.78472222222223,50,9.917779483950454,inf,inf,inf,inf,inf,inf,inf,inf,inf,inf,inf,inf
L2_halo_south,39,10.387287558393792,3.015182096464025,1.1159088875896364,17582.28654291302,86019.55238963901,0.008940684081531147,0.32874184281120983,7.0,90.78472222222223,339,1.459580643824545,inf,inf,inf,inf,inf,inf,inf,inf,inf,inf,inf,inf
L2_halo_south,39,10.387287558393792,3.015182096464025,1.1159088875896364,17582.28654291302,86019.55238963901,0.008940684081531147,0.32874184281120983,3.0,141.86111111111111,364,3.7952668952843527,inf,inf,inf,inf,inf,inf,inf,inf,inf,inf,inf,inf
L2_halo_south,39,10.387287558393792,3.015182096464025,1.1159088875896364,17582.28654291302,86019.55238963901,0.008940684081531147,0.32874184281120983,7.0,141.86111111111111,818,0.8933225040325673,inf,inf,inf,inf,inf,inf,inf,inf,inf,inf,inf,inf
L2_halo_south,39,10.387287558393792,3.015182096464025,1.1159088875896364,17582.28654291302,86019.55238963901,0.008940684081531147,0.32874184281120983,3.0,177.90972222222223,82,6.056931715791939,26.76481268975498,26.772593144254664,26.761123436190495,25.550694153647463,29.402649681649077,29.37023995669139,29.313311829770267,inf,inf,inf,inf,inf
L2_halo_south,39,10.387287558393792,3.015182096464025,1.1159088875896364,17582.28654291302,86019.55238963901,0.008940684081531147,0.32874184281120983,7.0,177.90972222222223,524,0.9467983696403426,inf,inf,inf,inf,inf,inf,inf,inf,inf,inf,inf,inf
L2_halo_south,39,10.387287558393792,3.015182096464025,1.1159088875896364,17582.28654291302,86019.55238963901,0.008940684081531147,0.32874184281120983,3.0,232.0,450,5.044736774843606,inf,inf,inf,inf,inf,inf,inf,inf,inf,inf,inf,inf
L2_halo_south,39,10.387287558393792,3.015182096464025,1.1159088875896364,17582.28654291302,86019.55238963901,0.008940684081531147,0.32874184281120983,7.0,232.0,822,1.2421996831301134,inf,inf,inf,inf,inf,inf,inf,inf,inf,inf,inf,inf
L2_halo_south,39,10.387287558393792,3.015182096464025,1.1159088875896364,17582.28654291302,86019.55238963901,0.008940684081531147,0.32874184281120983,3.0,267.96527777777777,171,4.681027884489419,inf,inf,inf,inf,inf,inf,inf,inf,inf,inf,inf,inf
L2_halo_south,39,10.387287558393792,3.015182096464025,1.1159088875896364,17582.28654291302,86019.55238963901,0.008940684081531147,0.32874184281120983,7.0,267.96527777777777,662,0.9347124449885461,inf,inf,inf,inf,inf,inf,inf,inf,inf,inf,inf,inf
L2_halo_south,39,10.387287558393792,3.015182096464025,1.1159088875896364,17582.28654291302,86019.55238963901,0.008940684081531147,0.32874184281120983,3.0,321.09027777777777,549,1.3240586633773668,inf,inf,inf,inf,inf,inf,inf,inf,inf,inf,inf,inf
L2_halo_south,39,10.387287558393792,3.015182096464025,1.1159088875896364,17582.28654291302,86019.55238963901,0.008940684081531147,0.32874184281120983,7.0,321.09027777777777,1367,0.3553963783102943,inf,inf,inf,inf,inf,inf,inf,inf,inf,inf,inf,inf
L2_halo_south,59,8.300887743750161,3.0243353839266582,1.6546748970966147,9011.046005105796,79495.38414193189,0.38228047349118616,0.3197237495481441,3.0,52.0,603,2.6712755941364437,inf,inf,inf,inf,inf,inf,inf,inf,inf,inf,inf,inf
L2_halo_south,59,8.300887743750161,3.0243353839266582,1.6546748970966147,9011.046005105796,79495.38414193189,0.38228047349118616,0.3197237495481441,7.0,52.0,968,0.8431625795417939,inf,inf,inf,inf,inf,inf,inf,inf,inf,inf,inf,inf
L2_halo_south,59,8.300887743750161,3.0243353839266582,1.6546748970966147,9011.046005105796,79495.38414193189,0.38228047349118616,0.3197237495481441,3.0,89.78472222222223,21,69.53378001472142,6.623615855901364,6.610410239017443,6.603606193788796,6.006255913236038,24.820647352935985,24.752255765110636,24.67563303335721,inf,inf,inf,inf,inf
L2_halo_south,59,8.300887743750161,3.0243353839266582,1.6546748970966147,9011.046005105796,79495.38414193189,0.38228047349118616,0.3197237495481441,7.0,89.78472222222223,450,1.7277674623300439,inf,inf,inf,inf,inf,inf,inf,inf,inf,inf,inf,inf
L2_halo_south,59,8.300887743750161,3.0243353839266582,1.6546748970966147,9011.046005105796,79495.38414193189,0.38228047349118616,0.3197237495481441,3.0,141.80555555555554,389,2.988437634874955,inf,inf,inf,inf,inf,inf,inf,inf,inf,inf,inf,inf
L2_halo_south,59,8.300887743750161,3.0243353839266582,1.6546748970966147,9011.046005105796,79495.38414193189,0.38228047349118616,0.3197237495481441,7.0,141.80555555555554,688,0.9293295335958696,inf,inf,inf,inf,inf,inf,inf,inf,inf,inf,inf,inf
L2_halo_south,59,8.300887743750161,3.0243353839266582,1.6546748970966147,9011.046005105796,79495.38414193189,0.38228047349118616,0.3197237495481441,3.0,178.59722222222223,186,2.31345241546003,inf,inf,inf,inf,inf,inf,inf,inf,inf,inf,inf,inf
L2_halo_south,59,8.300887743750161,3.0243353839266582,1.6546748970966147,9011.046005105796,79495.38414193189,0.38228047349118616,0.3197237495481441,7.0,178.59722222222223,519,0.7143747844743534,inf,inf,inf,inf,inf,inf,inf,inf,inf,inf,inf,inf
L2_halo_south,59,8.300887743750161,3.0243353839266582,1.6546748970966147,9011.046005105796,79495.38414193189,0.38228047349118616,0.3197237495481441,3.0,232.0,311,6.696233281041569,inf,inf,inf,inf,inf,inf,inf,inf,inf,inf,inf,inf
L2_halo_south,59,8.300887743750161,3.0243353839266582,1.6546748970966147,9011.046005105796,79495.38414193189,0.38228047349118616,0.3197237495481441,7.0,232.0,840,0.6253608964092813,inf,inf,inf,inf,inf,inf,inf,inf,inf,inf,inf,inf
L2_halo_south,59,8.300887743750161,3.0243353839266582,1.6546748970966147,9011.046005105796,79495.38414193189,0.38228047349118616,0.3197237495481441,3.0,267.625,174,5.306421984966153,inf,inf,inf,inf,inf,inf,inf,inf,inf,inf,inf,inf
L2_halo_south,59,8.300887743750161,3.0243353839266582,1.6546748970966147,9011.046005105796,79495.38414193189,0.38228047349118616,0.3197237495481441,7.0,267.625,500,1.2865120052004804,inf,inf,inf,inf,inf,inf,inf,inf,inf,inf,inf,inf
L2_halo_south,59,8.300887743750161,3.0243353839266582,1.6546748970966147,9011.046005105796,79495.38414193189,0.38228047349118616,0.3197237495481441,3.0,321.99305555555554,233,6.8835598063837065,inf,inf,inf,inf,inf,inf,inf,inf,inf,inf,inf,inf
L2_halo_south,59,8.300887743750161,3.0243353839266582,1.6546748970966147,9011.046005105796,79495.38414193189,0.38228047349118616,0.3197237495481441,7.0,321.99305555555554,1068,0.874913899266531,inf,inf,inf,inf,inf,inf,inf,inf,inf,inf,inf,inf
L2_halo_south,78,7.318045927640572,3.0350227829312453,1.6101956079787443,5536.280816948489,75209.49532366512,0.8969593236044294,0.3105344266661593,3.0,51.291666666666664,573,1.44796736784556,inf,inf,inf,inf,inf,inf,inf,inf,inf,inf,inf,inf
L2_halo_south,78,7.318045927640572,3.0350227829312453,1.6101956079787443,5536.280816948489,75209.49532366512,0.8969593236044294,0.3105344266661593,7.0,51.291666666666664,957,0.5119033883314671,inf,inf,inf,inf,inf,inf,inf,inf,inf,inf,inf,inf
L2_halo_south,78,7.318045927640572,3.0350227829312453,1.6101956079787443,5536.280816948489,75209.49532366512,0.8969593236044294,0.3105344266661593,3.0,89.78472222222223,59,9.800627591219238,inf,inf,inf,inf,inf,inf,inf,inf,inf,inf,inf,inf
L2_halo_south,78,7.318045927640572,3.0350227829312453,1.6101956079787443,5536.280816948489,75209.49532366512,0.8969593236044294,0.3105344266661593,7.0,89.78472222222223,466,1.2365298674779845,inf,inf,inf,inf,inf,inf,inf,inf,inf,inf,inf,inf
L2_halo_south,78,7.318045927640572,3.0350227829312453,1.6101956079787443,5536.280816948489,75209.49532366512,0.8969593236044294,0.3105344266661593,3.0,141.90277777777777,237,3.921378202838436,inf,inf,inf,inf,inf,inf,inf,inf,inf,inf,inf,inf
L2_halo_south,78,7.318045927640572,3.0350227829312453,1.6101956079787443,5536.280816948489,75209.49532366512,0.8969593236044294,0.3105344266661593,7.0,141.90277777777777,773,0.7527628200491472,inf,inf,inf,inf,inf,inf,inf,inf,inf,inf,inf,inf
L2_halo_south,78,7.318045927640572,3.0350227829312453,1.6101956079787443,5536.280816948489,75209.49532366512,0.8969593236044294,0.3105344266661593,3.0,178.8125,58,13.457536908547326,inf,inf,inf,inf,inf,inf,inf,inf,inf,inf,inf,inf
L2_halo_south,78,7.318045927640572,3.0350227829312453,1.6101956079787443,5536.280816948489,75209.49532366512,0.8969593236044294,0.3105344266661593,7.0,178.8125,431,1.2921728135429882,inf,inf,inf,inf,inf,inf,inf,inf,inf,inf,inf,inf
L2_halo_south,78,7.318045927640572,3.0350227829312453,1.6101956079787443,5536.280816948489,75209.49532366512,0.8969593236044294,0.3105344266661593,3.0,232.0,487,2.781219793700166,inf,inf,inf,inf,inf,inf,inf,inf,inf,inf,inf,inf
L2_halo_south,78,7.318045927640572,3.0350227829312453,1.6101956079787443,5536.280816948489,75209.49532366512,0.8969593236044294,0.3105344266661593,7.0,232.0,917,0.7288286484173344,inf,inf,inf,inf,inf,inf,inf,inf,inf,inf,inf,inf
L2_halo_south,78,7.318045927640572,3.0350227829312453,1.6101956079787443,5536.280816948489,75209.49532366512,0.8969593236044294,0.3105344266661593,3.0,267.2361111111111,128,7.0592970662156675,inf,inf,inf,inf,inf,inf,inf,inf,inf,inf,inf,inf
L2_halo_south,78,7.318045927640572,3.0350227829312453,1.6101956079787443,5536.280816948489,75209.49532366512,0.8969593236044294,0.3105344266661593,7.0,267.2361111111111,614,0.8933900710496213,inf,inf,inf,inf,inf,inf,inf,inf,inf,inf,inf,inf
L2_halo_south,78,7.318045927640572,3.0350227829312453,1.6101956079787443,5536.280816948489,75209.49532366512,0.8969593236044294,0.3105344266661593,3.0,321.99305555555554,465,1.644243376359083,inf,inf,inf,inf,inf,inf,inf,inf,inf,inf,inf,inf
L2_halo_south,78,7.318045927640572,3.0350227829312453,1.6101956079787443,5536.280816948489,75209.49532366512,0.8969593236044294,0.3105344266661593,7.0,321.99305555555554,1072,0.5062869107246271,inf,inf,inf,inf,inf,inf,inf,inf,inf,inf,inf,inf
L2_halo_south,98,6.7132189806714315,3.0439429668880904,1.3932589118017709,3669.3484913212646,72078.2280939957,0.02892827026220235,0.31728848385685204,3.0,52.0,604,2.094168373178855,inf,inf,inf,inf,inf,inf,inf,inf,inf,inf,inf,inf
L2_halo_south,98,6.7132189806714315,3.0439429668880904,1.3932589118017709,3669.3484913212646,72078.2280939957,0.02892827026220235,0.31728848385685204,7.0,52.0,980,0.6561962950737412,inf,inf,inf,inf,inf,inf,inf,inf,inf,inf,inf,inf
L2_halo_south,98,6.7132189806714315,3.0439429668880904,1.3932589118017709,3669.3484913212646,72078.2280939957,0.02892827026220235,0.31728848385685204,3.0,89.78472222222223,46,8.375756238185742,inf,inf,inf,inf,inf,inf,inf,inf,inf,inf,inf,inf
L2_halo_south,98,6.7132189806714315,3.0439429668880904,1.3932589118017709,3669.3484913212646,72078.2280939957,0.02892827026220235,0.31728848385685204,7.0,89.78472222222223,432,1.3322160538749683,inf,inf,inf,inf,inf,inf,inf,inf,inf,inf,inf,inf
L2_halo_south,98,6.7132189806714315,3.0439429668880904,1.3932589118017709,3669.3484913212646,72078.2280939957,0.02892827026220235,0.31728848385685204,3.0,141.91666666666666,280,2.8309783502434023,inf,inf,inf,inf,inf,inf,inf,inf,inf,inf,inf,inf
L2_halo_south,98,6.7132189806714315,3.0439429668880904,1.3932589118017709,3669.3484913212646,72078.2280939957,0.02892827026220235,0.31728848385685204,7.0,141.91666666666666,815,0.8652045475422886,inf,inf,inf,inf,inf,inf,inf,inf,inf,inf,inf,inf
L2_halo_south,98,6.7132189806714315,3.0439429668880904,1.3932589118017709,3669.3484913212646,72078.2280939957,0.02892827026220235,0.31728848385685204,3.0,178.8125,148,4.096444435099212,inf,inf,inf,inf,inf,inf,inf,inf,inf,inf,inf,inf
L2_halo_south,98,6.7132189806714315,3.0439429668880904,1.3932589118017709,3669.3484913212646,72078.2280939957,0.02892827026220235,0.31728848385685204,7.0,178.8125,419,0.9784515677755147,inf,inf,inf,inf,inf,inf,inf,inf,inf,inf,inf,inf
L2_halo_south,98,6.7132189806714315,3.0439429668880904,1.3932589118017709,3669.3484913212646,72078.2280939957,0.02892827026220235,0.31728848385685204,3.0,232.0,488,2.550015888496806,inf,inf,inf,inf,inf,inf,inf,inf,inf,inf,inf,inf
L2_halo_south,98,6.7132189806714315,3.0439429668880904,1.3932589118017709,3669.3484913212646,72078.2280939957,0.02892827026220235,0.31728848385685204,7.0,232.0,880,0.6942060383050943,inf,inf,inf,inf,inf,inf,inf,inf,inf,inf,inf,inf
L2_halo_south,98,6.7132189806714315,3.0439429668880904,1.3932589118017709,3669.3484913212646,72078.2280939957,0.02892827026220235,0.31728848385685204,3.0,267.625,199,2.648069729022423,inf,inf,inf,inf,inf,inf,inf,inf,inf,inf,inf,inf
L2_halo_south,98,6.7132189806714315,3.0439429668880904,1.3932589118017709,3669.3484913212646,72078.2280939957,0.02892827026220235,0.31728848385685204,7.0,267.625,541,0.8056676814146377,inf,inf,inf,inf,inf,inf,inf,inf,inf,inf,inf,inf
L2_halo_south,98,6.7132189806714315,3.0439429668880904,1.3932589118017709,3669.3484913212646,72078.2280939957,0.02892827026220235,0.31728848385685204,3.0,321.3888888888889,512,1.6878098027263253,inf,inf,inf,inf,inf,inf,inf,inf,inf,inf,inf,inf
L2_halo_south,98,6.7132189806714315,3.0439429668880904,1.3932589118017709,3669.3484913212646,72078.2280939957,0.02892827026220235,0.31728848385685204,7.0,321.3888888888889,1074,0.5133855800895732,inf,inf,inf,inf,inf,inf,inf,inf,inf,inf,inf,inf
L2_halo_south,118,6.314029898129342,3.0510096938530724,1.1961132116472233,2607.471989193571,69735.65254069629,0.9614995785175582,0.3154239835619566,3.0,52.0,360,2.4678174255386645,inf,inf,inf,inf,inf,inf,inf,inf,inf,inf,inf,inf
L2_halo_south,118,6.314029898129342,3.0510096938530724,1.1961132116472233,2607.471989193571,69735.65254069629,0.9614995785175582,0.3154239835619566,7.0,52.0,892,0.8680246879394482,inf,inf,inf,inf,inf,inf,inf,inf,inf,inf,inf,inf
L2_halo_south,118,6.314029898129342,3.0510096938530724,1.1961132116472233,2607.471989193571,69735.65254069629,0.9614995785175582,0.3154239835619566,3.0,89.78472222222223,59,7.219039714144866,inf,inf,inf,inf,inf,inf,inf,inf,inf,inf,inf,inf
L2_halo_south,118,6.314029898129342,3.0510096938530724,1.1961132116472233,2607.471989193571,69735.65254069629,0.9614995785175582,0.3154239835619566,7.0,89.78472222222223,447,1.1296529012118235,inf,inf,inf,inf,inf,inf,inf,inf,inf,inf,inf,inf
L2_halo_south,118,6.314029898129342,3.0510096938530724,1.1961132116472233,2607.471989193571,69735.65254069629,0.9614995785175582,0.3154239835619566,3.0,141.80555555555554,264,4.714630819894261,inf,inf,inf,inf,inf,inf,inf,inf,inf,inf,inf,inf
L2_halo_south,118,6.314029898129342,3.0510096938530724,1.1961132116472233,2607.471989193571,69735.65254069629,0.9614995785175582,0.3154239835619566,7.0,141.80555555555554,741,0.6968959687892288,inf,inf,inf,inf,inf,inf,inf,inf,inf,inf,inf,inf
L2_halo_south,118,6.314029898129342,3.0510096938530724,1.1961132116472233,2607.471989193571,69735.65254069629,0.9614995785175582,0.3154239835619566,3.0,178.8125,70,6.113147239895759,inf,inf,inf,inf,inf,inf,inf,inf,inf,inf,inf,inf
L2_halo_south,118,6.314029898129342,3.0510096938530724,1.1961132116472233,2607.471989193571,69735.65254069629,0.9614995785175582,0.3154239835619566,7.0,178.8125,451,1.385905522284931,inf,inf,inf,inf,inf,inf,inf,inf,inf,inf,inf,inf
L2_halo_south,118,6.314029898129342,3.0510096938530724,1.1961132116472233,2607.471989193571,69735.65254069629,0.9614995785175582,0.3154239835619566,3.0,232.0,490,2.4567104970983222,inf,inf,inf,inf,inf,inf,inf,inf,inf,inf,inf,inf
L2_halo_south,118,6.314029898129342,3.0510096938530724,1.1961132116472233,2607.471989193571,69735.65254069629,0.9614995785175582,0.3154239835619566,7.0,232.0,929,0.6745021019715566,inf,inf,inf,inf,inf,inf,inf,inf,inf,inf,inf,inf
L2_halo_south,118,6.314029898129342,3.0510096938530724,1.1961132116472233,2607.471989193571,69735.65254069629,0.9614995785175582,0.3154239835619566,3.0,267.2361111111111,93,7.263407263244877,inf,inf,inf,inf,inf,inf,inf,inf,inf,inf,inf,inf
L2_halo_south,118,6.314029898129342,3.0510096938530724,1.1961132116472233,2607.471989193571,69735.65254069629,0.9614995785175582,0.3154239835619566,7.0,267.2361111111111,664,1.0961531052801141,inf,inf,inf,inf,inf,inf,inf,inf,inf,inf,inf,inf
L2_halo_south,118,6.314029898129342,3.0510096938530724,1.1961132116472233,2607.471989193571,69735.65254069629,0.9614995785175582,0.3154239835619566,3.0,321.63194444444446,490,1.5172474790601287,inf,inf,inf,inf,inf,inf,inf,inf,inf,inf,inf,inf
L2_halo_south,118,6.314029898129342,3.0510096938530724,1.1961132116472233,2607.471989193571,69735.65254069629,0.9614995785175582,0.3154239835619566,7.0,321.63194444444446,1036,0.4775427460817792,inf,inf,inf,inf,inf,inf,inf,inf,inf,inf,inf,inf
L2_halo_south,138,6.023618034666166,3.056834835251398,1.03280230546495,1946.8913337660008,67861.80508847677,0.7452056561305497,0.3132360495424364,3.0,52.0,387,3.384689777089538,inf,inf,inf,inf,inf,inf,inf,inf,inf,inf,inf,inf
L2_halo_south,138,6.023618034666166,3.056834835251398,1.03280230546495,1946.8913337660008,67861.80508847677,0.7452056561305497,0.3132360495424364,7.0,52.0,921,0.7710179800887998,inf,inf,inf,inf,inf,inf,inf,inf,inf,inf,inf,inf
L2_halo_south,138,6.023618034666166,3.056834835251398,1.03280230546495,1946.8913337660008,67861.80508847677,0.7452056561305497,0.3132360495424364,3.0,89.78472222222223,84,5.6144555787157095,inf,inf,inf,inf,inf,inf,inf,inf,inf,inf,inf,inf
L2_halo_south,138,6.023618034666166,3.056834835251398,1.03280230546495,1946.8913337660008,67861.80508847677,0.7452056561305497,0.3132360495424364,7.0,89.78472222222223,443,0.9222206974021381,inf,inf,inf,inf,inf,inf,inf,inf,inf,inf,inf,inf
L2_halo_south,138,6.023618034666166,3.056834835251398,1.03280230546495,1946.8913337660008,67861.80508847677,0.7452056561305497,0.3132360495424364,3.0,141.89583333333334,239,2.9954617611379506,inf,inf,inf,inf,inf,inf,inf,inf,inf,inf,inf,inf
L2_halo_south,138,6.023618034666166,3.056834835251398,1.03280230546495,1946.8913337660008,67861.80508847677,0.7452056561305497,0.3132360495424364,7.0,141.89583333333334,779,0.8438498286113321,inf,inf,inf,inf,inf,inf,inf,inf,inf,inf,inf,inf
L2_halo_south,138,6.023618034666166,3.056834835251398,1.03280230546495,1946.8913337660008,67861.80508847677,0.7452056561305497,0.3132360495424364,3.0,178.8125,81,7.915946139725741,inf,inf,inf,inf,inf,inf,inf,inf,inf,inf,inf,inf
L2_halo_south,138,6.023618034666166,3.056834835251398,1.03280230546495,1946.8913337660008,67861.80508847677,0.7452056561305497,0.3132360495424364,7.0,178.8125,436,1.231130528101096,inf,inf,inf,inf,inf,inf,inf,inf,inf,inf,inf,inf
L2_halo_south,138,6.023618034666166,3.056834835251398,1.03280230546495,1946.8913337660008,67861.80508847677,0.7452056561305497,0.3132360495424364,3.0,232.0,301,3.2584656310311,inf,inf,inf,inf,inf,inf,inf,inf,inf,inf,inf,inf
L2_halo_south,138,6.023618034666166,3.056834835251398,1.03280230546495,1946.8913337660008,67861.80508847677,0.7452056561305497,0.3132360495424364,7.0,232.0,954,0.7874295522103613,inf,inf,inf,inf,inf,inf,inf,inf,inf,inf,inf,inf
L2_halo_south,138,6.023618034666166,3.056834835251398,1.03280230546495,1946.8913337660008,67861.80508847677,0.7452056561305497,0.3132360495424364,3.0,267.2361111111111,155,7.495885544831114,inf,inf,inf,inf,inf,inf,inf,inf,inf,inf,inf,inf
L2_halo_south,138,6.023618034666166,3.056834835251398,1.03280230546495,1946.8913337660008,67861.80508847677,0.7452056561305497,0.3132360495424364,7.0,267.2361111111111,563,0.9832892042789783,inf,inf,inf,inf,inf,inf,inf,inf,inf,inf,inf,inf
L2_halo_south,138,6.023618034666166,3.056834835251398,1.03280230546495,1946.8913337660008,67861.80508847677,0.7452056561305497,0.3132360495424364,3.0,321.99305555555554,293,2.5059032660406366,inf,inf,inf,inf,inf,inf,inf,inf,inf,inf,inf,inf
L2_halo_south,138,6.023618034666166,3.056834835251398,1.03280230546495,1946.8913337660008,67861.80508847677,0.7452056561305497,0.3132360495424364,7.0,321.99305555555554,1070,0.7080520071279764,inf,inf,inf,inf,inf,inf,inf,inf,inf,inf,inf,inf
L1_lyapunov,16,12.165359031942318,3.15986725345811,1032.1107833880312,47533.91800375458,65242.32893917329,0.5871393275943448,0.11455261505679115,3.0,51.43055555555556,306,10.216897221874277,8.613456235819518,8.611761795622996,8.596794794989476,8.18851543234398,11.744887198800042,11.745231136716678,11.616872861025392,12.242196420113048,13.329837792539442,13.320541823145485,13.099771301819688,13.833768795204982
L1_lyapunov,16,12.165359031942318,3.15986725345811,1032.1107833880312,47533.91800375458,65242.32893917329,0.5871393275943448,0.11455261505679115,7.0,51.43055555555556,382,7.179060818092346,9.585986523226689,9.588475914983471,9.565766836704576,8.553711114340752,12.26738820303061,12.314027267744116,12.14984351458053,13.336398352466592,13.688951952097648,13.72582463290742,13.550958194352324,15.724607410668918
L1_lyapunov,16,12.165359031942318,3.15986725345811,1032.1107833880312,47533.91800375458,65242.32893917329,0.5871393275943448,0.11455261505679115,3.0,87.78472222222223,126,18.802303595200346,7.381491737345913,7.376898691213062,7.383115362736278,6.969865333256036,10.161939808709096,10.159963392925377,10.014064240870866,11.39975000917332,12.351136681036635,12.26465326170133,12.0733623687418,13.409420775519568
L1_lyapunov,16,12.165359031942318,3.15986725345811,1032.1107833880312,47533.91800375458,65242.32893917329,0.5871393275943448,0.11455261505679115,7.0,87.78472222222223,327,6.1509905724926845,9.69520301401827,9.655042081789619,9.620614417105156,8.982289464351211,12.444248216717403,12.47121794074588,12.326079235137236,13.340116573407256,13.867886959003974,13.870159971167679,13.731370929726493,15.73314077219602
L1_lyapunov,16,12.165359031942318,3.15986725345811,1032.1107833880312,47533.91800375458,65242.32893917329,0.5871393275943448,0.11455261505679115,3.0,141.91666666666666,129,12.050316751044695,9.10452262964063,9.113559468589257,9.108469342750372,8.31321423139364,10.36121202117345,10.365263458646876,10.372828884600445,11.372138224868628,11.855345528914954,11.888303717718523,11.847445605822585,15.66453716586759
L1_lyapunov,16,12.165359031942318,3.15986725345811,1032.1107833880312,47533.91800375458,65242.32893917329,0.5871393275943448,0.11455261505679115,7.0,141.91666666666666,345,1.0551920813046511,12.182114899989244,12.160130166778702,12.155971611666137,11.347094643045821,13.907849670399095,13.915737918756484,13.860255536598773,15.690930247185056,16.167002756791423,16.18877214556202,16.026830992179423,18.498214622685087
L1_lyapunov,16,12.165359031942318,3.15986725345811,1032.1107833880312,47533.91800375458,65242.32893917329,0.5871393275943448,0.11455261505679115,3.0,178.90972222222223,68,14.973231672549717,9.277003264231814,9.280863526159553,9.281952649843268,8.320580344731248,10.491001332864796,10.498782340464318,10.4898386111301,11.39082195571789,12.216555240858824,12.200743027095045,12.111432297391437,15.721376714850356
L1_lyapunov,16,12.165359031942318,3.15986725345811,1032.1107833880312,47533.91800375458,65242.32893917329,0.5871393275943448,0.11455261505679115,7.0,178.90972222222223,203,1.095992157150952,11.882641594266257,11.881340969221684,11.884074693091183,11.332303529021805,13.623144655371702,13.628277699585917,13.612174235244764,15.702529413582074,15.905050314701663,15.920899750367914,15.743841877777266,18.48181031316004
L1_lyapunov,16,12.165359031942318,3.15986725345811,1032.1107833880312,47533.91800375458,65242.32893917329,0.5871393275943448,0.11455261505679115,3.0,227.79861111111111,312,5.378841006798948,10.474026965104642,10.474140397459497,10.467931621144313,9.63730884493173,11.958828764038222,11.964329268656064,11.939437584025676,13.355062926500546,14.050372297770489,14.061228668077185,13.759307429500016,15.880744769068075
L1_lyapunov,16,12.165359031942318,3.15986725345811,1032.1107833880312,47533.91800375458,65242.32893917329,0.5871393275943448,0.11455261505679115,7.0,227.79861111111111,363,1.2483901231306564,11.60859757668034,11.632677392583384,11.625115053325992,11.310719716440186,13.225533722243933,13.261691099153836,13.238358955978413,15.654233630864978,16.07221632097802,16.08826501816673,15.801475070533485,18.449141308708512
L1_lyapunov,16,12.165359031942318,3.15986725345811,1032.1107833880312,47533.91800375458,65242.32893917329,0.5871393275943448,0.11455261505679115,3.0,319.1041666666667,360,9.040594498124143,8.380473530445906,8.346290376498477,8.34300354132982,7.631539450161542,11.865143995376792,11.853885410833389,11.745973064995704,12.100518884213127,13.29799971481595,13.282541664703022,13.09269856703445,14.022918848621721
L1_lyapunov,16,12.165359031942318,3.15986725345811,1032.1107833880312,47533.91800375458,65242.32893917329,0.5871393275943448,0.11455261505679115,7.0,319.1041666666667,487,6.558344321918703,9.274261223875058,9.255379736972802,9.26827278869437,8.600302792098246,12.201946999739395,12.218530933774954,12.110439609409175,13.357207768286678,13.544544570920399,13.563268582243968,13.408524870013068,15.632256868936901
L1_lyapunov,25,12.935406032711139,3.123434586616114,717.754125280634,40183.250668509965,71040.9512483472,0.716357663938137,0.26443560815052986,3.0,52.0,406,9.127830682768666,9.151520899811283,9.188134822375826,9.184188860286428,8.284067929115075,13.812790519101853,13.776191534607253,13.674119983564351,13.610153511117902,14.982132457675668,14.929825576124626,14.833639121401694,15.824492823248802
L1_lyapunov,25,12.935406032711139,3.123434586616114,717.754125280634,40183.250668509965,71040.9512483472,0.716357663938137,0.26443560815052986,7.0,52.0,766,2.436276197283881,14.506342987932497,14.475297483322418,14.424056763229174,13.357207768286678,15.704206374604555,15.670168751629559,15.624003260195128,15.683981052315236,16.91384863875791,16.89728002252034,16.855495899033652,18.63734597365203
L1_lyapunov,25,12.935406032711139,3.123434586616114,717.754125280634,40183.250668509965,71040.9512483472,0.716357663938137,0.26443560815052986,3.0,91.78472222222223,61,30.12212192369273,7.227585270348966,7.189405945489709,7.18854174253893,6.961788901327414,11.523791681252812,11.537983452618077,11.296129686373192,12.443336122769388,13.351669397686285,13.320889443941248,13.137728559430382,13.579941889207774
L1_lyapunov,25,12.935406032711139,3.123434586616114,717.754125280634,40183.250668509965,71040.9512483472,0.716357663938137,0.26443560815052986,7.0,91.78472222222223,182,7.953867692775914,12.78551861948783,12.836376772387563,12.594054788384911,11.797069563302365,14.140812664357725,14.135214500640755,14.040715980971015,13.668991604266552,15.2604542212367,15.223696505613228,15.143789346256828,16.019092778001585
L1_lyapunov,25,12.935406032711139,3.123434586616114,717.754125280634,40183.250668509965,71040.9512483472,0.716357663938137,0.26443560815052986,3.0,142.0,203,14.396702461544244,8.549068094666513,8.52792253694836,8.52836982436259,8.193995917836313,12.545184734805972,12.51646824474231,11.789884205517486,13.499705025062353,14.533184266889888,14.480208586048409,14.331836165080773,15.735876381240152
L1_lyapunov,25,12.935406032711139,3.123434586616114,717.754125280634,40183.250668509965,71040.9512483472,0.716357663938137,0.26443560815052986,7.0,142.0,679,1.8304763664291752,15.334984206448887,15.347132230060643,15.265327155997948,13.753487537546306,16.512632614224064,16.5057585508887,16.47313847104836,15.74674185112723,17.664553744090217,17.63814973094628,17.638620619642257,18.878677120399917
L1_lyapunov,25,12.935406032711139,3.123434586616114,717.754125280634,40183.250668509965,71040.9512483472,0.716357663938137,0.26443560815052986,3.0,180.59722222222223,25,65.82645487927314,6.356741681706932,6.3562484503894305,6.358392719771502,5.9915426979390425,8.098378842460432,8.082763242682656,8.095506808158074,9.587315155141827,10.253657337422053,10.278660519912632,10.09234228125887,13.392002235101895
L1_lyapunov,25,12.935406032711139,3.123434586616114,717.754125280634,40183.250668509965,71040.9512483472,0.716357663938137,0.26443560815052986,7.0,180.59722222222223,309,2.5914471780185058,14.47321590841511,14.475720570233893,14.390452610274782,13.647170118081135,15.991915144545787,15.99410724250368,15.936045482408197,15.705212700286461,17.10961103558202,17.11784060862561,17.070397976944022,18.64382769595041
L1_lyapunov,25,12.935406032711139,3.123434586616114,717.754125280634,40183.250668509965,71040.9512483472,0.716357663938137,0.26443560815052986,3.0,232.0,136,17.07018929757494,8.1322403387396,8.171740593524026,8.167199364592147,7.508179801216049,10.234997578884776,10.163260743784475,10.164585296759972,13.315890057738262,13.69723638794852,13.620941420367847,13.377606849207435,15.678225479536128
L1_lyapunov,25,12.935406032711139,3.123434586616114,717.754125280634,40183.250668509965,71040.9512483472,0.716357663938137,0.26443560815052986,7.0,232.0,834,1.161187734265539,16.08214606857084,16.073795040690666,16.03493198514021,15.663103966782149,17.096387468341543,17.10641809166601,17.08125041976455,16.11728832632813,18.174593317422847,18.205379575021905,18.19584368509283,20.79111331931099
L1_lyapunov,25,12.935406032711139,3.123434586616114,717.754125280634,40183.250668509965,71040.9512483472,0.716357663938137,0.26443560815052986,3.0,267.2361111111111,159,8.78641561080223,10.22386453467694,10.23103257512893,10.229206800091589,9.654509483318916,11.844777021807158,11.850250843029762,11.831342617884552,13.281489698569585,14.424486608395648,14.362949959395076,14.042126967628246,18.399099827088172
L1_lyapunov,25,12.935406032711139,3.123434586616114,717.754125280634,40183.250668509965,71040.9512483472,0.716357663938137,0.26443560815052986,7.0,267.2361111111111,408,0.9839049557931374,12.781454635689348,12.805356825720494,12.798254906560555,11.516453500231602,15.80515700351011,15.750437322012361,15.627530193801652,18.44713703875031,18.759231684674532,18.73391199558935,18.621432690453812,18.64382769595041
L1_lyapunov,25,12.935406032711139,3.123434586616114,717.754125280634,40183.250668509965,71040.9512483472,0.716357663938137,0.26443560815052986,3.0,322.0,76,18.44281451993801,8.407252807931034,8.417779156844762,8.421242748093402,8.174490536958453,10.27350736110214,10.280921403730424,10.270269654653791,12.242196420113048,13.391649556088396,13.360871687023831,12.92796198429671,15.708869416413508
L1_lyapunov,25,12.935406032711139,3.123434586616114,717.754125280634,40183.250668509965,71040.9512483472,0.716357663938137,0.26443560815052986,7.0,322.0,840,1.222755682075716,16.258583850177818,16.255216845035648,16.19768311851481,15.666110030818821,17.330011533462184,17.311695145153582,17.269838641955186,16.959347117570736,18.495008374996033,18.449105300264684,18.416965946478207,19.426215704608417
L1_lyapunov,33,14.223510362371329,3.079860934652635,439.4121397042631,32287.752614347442,80769.78059829664,0.909078072725061,0.3210935864994958,3.0,52.0,240,11.627481548523512,9.916427313131797,9.957777612443808,9.95385249636921,9.639536827384067,12.113144041721126,12.153070600141822,12.140542317573981,15.782831202222514,16.307184016001276,16.24713325512937,16.121723509847026,18.458570251476406
L1_lyapunov,33,14.223510362371329,3.079860934652635,439.4121397042631,32287.752614347442,80769.78059829664,0.909078072725061,0.3210935864994958,7.0,52.0,849,2.1470655493867414,17.562825744354196,17.515327792575288,17.460219259128575,15.845997771040784,19.015654092392268,18.977178655050086,18.95331622815285,18.49607751431502,20.270882598345278,20.22567529896834,20.206677080437913,21.960280755438824
L1_lyapunov,33,14.223510362371329,3.079860934652635,439.4121397042631,32287.752614347442,80769.78059829664,0.909078072725061,0.3210935864994958,3.0,89.78472222222223,66,17.712602719553626,11.345276601239563,11.368538032187132,11.362905711523538,10.401224020614132,12.923198211952554,12.935598986552748,12.929094776561687,13.463088402663088,14.568024986523097,14.556364780128108,14.538182149365184,21.65566221726103
L1_lyapunov,33,14.223510362371329,3.079860934652635,439.4121397042631,32287.752614347442,80769.78059829664,0.909078072725061,0.3210935864994958,7.0,89.78472222222223,490,1.5097576464696036,14.459673450648593,14.505133674475537,14.509276171376772,13.429886757105834,16.77249843736765,16.830374192713197,16.82023925867095,20.289040615644055,21.474037972021883,21.282560522413913,20.715557884945618,21.803209239266202
L1_lyapunov,33,14.223510362371329,3.079860934652635,439.4121397042631,32287.752614347442,80769.78059829664,0.909078072725061,0.3210935864994958,3.0,142.0,501,6.980848520774271,14.24447285647723,14.238992744077102,14.228060966738925,13.320663395194629,15.450186049525284,15.454257767635902,15.427247062299386,15.689825335869436,16.965021156160176,16.991697838064226,16.962330900456102,19.96107940360659
L1_lyapunov,33,14.223510362371329,3.079860934652635,439.4121397042631,32287.752614347442,80769.78059829664,0.909078072725061,0.3210935864994958,7.0,142.0,853,1.442840901229592,15.913177897039217,15.896075771253926,15.903019854527145,15.632256868936901,17.388920733014597,17.38255881603044,17.39398338037503,18.474845565746737,19.386763810471038,19.318255622764745,19.39028466081223,25.55116143143944
L1_lyapunov,33,14.223510362371329,3.079860934652635,439.4121397042631,32287.752614347442,80769.78059829664,0.909078072725061,0.3210935864994958,3.0,178.19444444444446,175,7.007713423056384,11.715319829720698,11.68502240717634,11.691099748087234,11.318021605822182,14.048318495565663,14.019076253926292,14.002499073666062,17.66456114989626,18.445939820134353,18.40719393945475,17.622803607672306,18.554845653639116
L1_lyapunov,33,14.223510362371329,3.079860934652635,439.4121397042631,32287.752614347442,80769.78059829664,0.909078072725061,0.3210935864994958,7.0,178.19444444444446,384,2.1798005455916547,13.2802827848793,13.246328240297897,13.252704590512618,12.242196420113048,15.504555741871917,15.469007286674204,15.447504515873092,18.498214622685087,19.5670918737478,19.542112605683517,19.469768783072357,20.289040615644055
L1_lyapunov,33,14.223510362371329,3.079860934652635,439.4121397042631,32287.752614347442,80769.78059829664,0.909078072725061,0.3210935864994958,3.0,232.0,342,7.092210731616374,12.835696174227097,12.819227812107732,12.820808482843399,11.416349249496196,14.721714992918944,14.74645135596803,14.730361185170553,15.840182742756536,17.496327882945813,17.43656535027662,17.186777611642746,21.734816666671392
L1_lyapunov,33,14.223510362371329,3.079860934652635,439.4121397042631,32287.752614347442,80769.78059829664,0.909078072725061,0.3210935864994958,7.0,232.0,777,0.5367075342414593,16.74070590868127,16.70749926819853,16.71114815242471,15.685792683577246,22.343230906420896,22.31316413519609,22.194674216690633,21.741212682881653,23.35195012997179,23.3072395112486,23.22051145433706,23.222210943049912
L1_lyapunov,33,14.223510362371329,3.079860934652635,439.4121397042631,32287.752614347442,80769.78059829664,0.909078072725061,0.3210935864994958,3.0,276.84722222222223,16,59.243329707338226,7.725741797063725,7.716639871745228,7.720808913987072,7.057326416497007,9.209453029270488,9.19170958548746,9.180824950421034,9.776648267359617,10.684209709838255,10.699463401897896,10.671826926703751,16.2822870159978
L1_lyapunov,33,14.223510362371329,3.079860934652635,439.4121397042631,32287.752614347442,80769.78059829664,0.909078072725061,0.3210935864994958,7.0,276.84722222222223,16,59.24140159831821,7.725799311358575,7.716697670547196,7.7208419227618545,7.057326416497007,9.20951506476326,9.191772755533242,9.18087459541468,9.776648267359617,10.684216085285884,10.699466318535857,10.671833761553922,16.2822870159978
L1_lyapunov,33,14.223510362371329,3.079860934652635,439.4121397042631,32287.752614347442,80769.78059829664,0.909078072725061,0.3210935864994958,3.0,320.4375,523,3.376815301800727,12.97440300685065,13.005010120972479,13.007758965296075,11.563468740912263,15.306467335266182,15.264436182945566,15.236312821969497,18.478876170355694,19.390483616008467,19.361198775550566,19.27422245918734,19.23529358637546
L1_lyapunov,33,14.223510362371329,3.079860934652635,439.4121397042631,32287.752614347442,80769.78059829664,0.909078072725061,0.3210935864994958,7.0,320.4375,987,1.313515706329242,14.323332001719157,14.296116954142118,14.291819311510219,13.359015831026616,19.619176912602843,19.588837912986072,19.491732039587593,18.614523574716003,20.693164532393503,20.648344953420438,20.585815519569362,21.799208294860062
L1_lyapunov,42,16.87969064842192,3.0254632840342603,212.8093315808338,22716.029351731668,101556.44206373235,0.041183294396942904,0.35421700500370995,3.0,52.0,304,5.502143133171986,14.64632602957924,14.693338947515599,14.69622036724747,13.463088402663088,17.454858642018007,17.498559971042464,17.496408087844138,18.735291419252032,20.45893503677437,20.521478926784514,20.46553279624038,25.60012688067294
L1_lyapunov,42,16.87969064842192,3.0254632840342603,212.8093315808338,22716.029351731668,101556.44206373235,0.041183294396942904,0.35421700500370995,7.0,52.0,747,0.7115974457920022,20.452390478214195,20.47120498717497,20.475801245767737,18.665576984390704,26.9246698929615,26.88316735725838,26.7627765341408,25.63740336989827,28.33096634455985,28.276729638137606,28.207067295916737,inf
L1_lyapunov,42,16.87969064842192,3.0254632840342603,212.8093315808338,22716.029351731668,101556.44206373235,0.041183294396942904,0.35421700500370995,3.0,88.78472222222223,100,18.100881677012147,12.067181210814539,12.056164511587479,12.05947259580243,11.325168495890882,15.078310770400362,15.070688419237346,15.066030667371203,16.504915824127814,18.30058196233276,18.293738170991485,18.31837358588893,21.864255699799184
L1_lyapunov,42,16.87969064842192,3.0254632840342603,212.8093315808338,22716.029351731668,101556.44206373235,0.041183294396942904,0.35421700500370995,7.0,88.78472222222223,468,1.0847951318490738,22.260909651284987,22.272211991843545,22.126202821983906,21.702456007014053,25.12958648541399,25.108536537761346,25.081694777595768,25.55680774179618,26.872163778660077,26.843990609203292,26.833809889124865,28.106793150115237
L1_lyapunov,42,16.87969064842192,3.0254632840342603,212.8093315808338,22716.029351731668,101556.44206373235,0.041183294396942904,0.35421700500370995,3.0,141.91666666666666,441,8.617676716247768,13.127805243094626,13.059374917736365,13.057609100862377,11.716679879321406,16.540865230158143,16.514924547803425,16.45827788512387,21.68851613320888,22.17156868875303,22.162702057311403,22.10411101115499,21.928841639040236
L1_lyapunov,42,16.87969064842192,3.0254632840342603,212.8093315808338,22716.029351731668,101556.44206373235,0.041183294396942904,0.35421700500370995,7.0,141.91666666666666,1063,1.5443897219570866,17.999779781695185,18.05849055133406,18.01075374604487,16.15015375615103,23.70128341202861,23.705772577199404,23.684670338360604,21.89762578058346,24.90370724852186,24.904174169795507,24.89526028994371,26.548505909011002
L1_lyapunov,42,16.87969064842192,3.0254632840342603,212.8093315808338,22716.029351731668,101556.44206373235,0.041183294396942904,0.35421700500370995,3.0,180.90972222222223,130,17.920472535257982,17.244633721117573,17.24250041867017,17.19470962419215,12.443336122769388,18.158174373212,18.15588240383803,18.14593529818993,18.498214622685087,19.684752029272357,19.66957719579163,19.66037466028155,22.556161320737218
L1_lyapunov,42,16.87969064842192,3.0254632840342603,212.8093315808338,22716.029351731668,101556.44206373235,0.041183294396942904,0.35421700500370995,7.0,180.90972222222223,340,3.006870830364669,19.449444986884252,19.44552727357423,19.442919915705264,18.46255575991589,21.64079448097484,21.655074033080567,21.64596039708586,21.978879597576466,24.54217525667989,24.54648547357153,24.56809923333518,inf
L1_lyapunov,42,16.87969064842192,3.0254632840342603,212.8093315808338,22716.029351731668,101556.44206373235,0.041183294396942904,0.35421700500370995,3.0,232.0,573,6.4342736551029756,17.96376104874165,17.949765198190867,17.943963427370978,15.716466855232103,19.44051300250071,19.39850469061745,19.39095505200573,20.289040615644055,21.79010095152426,21.722353040170294,21.68402696304994,28.106793150115237
L1_lyapunov,42,16.87969064842192,3.0254632840342603,212.8093315808338,22716.029351731668,101556.44206373235,0.041183294396942904,0.35421700500370995,7.0,232.0,1017,1.1034170419013667,21.287810727929834,21.259253757203766,21.25518168188,18.854404046258644,24.203102665492402,24.198366510493766,24.204921281573675,25.780073128990885,27.960868428200353,27.73016330017718,27.50016997199922,inf
L1_lyapunov,42,16.87969064842192,3.0254632840342603,212.8093315808338,22716.029351731668,101556.44206373235,0.041183294396942904,0.35421700500370995,3.0,321.99305555555554,198,7.321168697388231,14.413233701701829,14.429957628125077,14.426677695288003,13.393915665620764,17.170764745484348,17.181121758559506,17.18247664767958,18.625360727442782,20.02150618619522,19.979628206969384,19.98872298687926,25.61354016888267
L1_lyapunov,42,16.87969064842192,3.0254632840342603,212.8093315808338,22716.029351731668,101556.44206373235,0.041183294396942904,0.35421700500370995,7.0,321.99305555555554,981,0.7231474022831019,21.139364048957784,21.108684214917186,21.101289379562466,18.878677120399917,27.199096019981553,27.1951756852387,27.04901272868277,25.672536706181994,28.66308531366526,28.63978679038123,28.564824896507208,inf
L1_lyapunov,50,20.226395105330674,2.9853455894595173,113.42936857818992,15918.33348637623,130882.7404125316,0.10185197388380962,0.3693042369817926,3.0,52.0,580,4.602150319595407,23.449091217087908,23.455676306514324,23.456297794586597,21.71992318423135,25.188423311306043,25.192455885779562,25.193280254333555,26.39443744980175,inf,29.964577002685584,29.935355525190328,inf
L1_lyapunov,50,20.226395105330674,2.9853455894595173,113.42936857818992,15918.33348637623,130882.7404125316,0.10185197388380962,0.3693042369817926,7.0,52.0,988,1.583675084427737,26.03131595405393,25.97069089022153,25.97180435481826,23.880114484612385,inf,inf,inf,inf,inf,inf,inf,inf
L1_lyapunov,50,20.226395105330674,2.9853455894595173,113.42936857818992,15918.33348637623,130882.7404125316,0.10185197388380962,0.3693042369817926,3.0,91.78472222222223,59,19.720312891855222,22.675127832930876,22.697143736096166,22.691022029001765,21.698743056216934,24.03647287741921,24.055691969665876,24.053205607573688,22.864573235223812,25.479548897971174,25.507593307107875,25.51138987759154,inf
L1_lyapunov,50,20.226395105330674,2.9853455894595173,113.42936857818992,15918.33348637623,130882.7404125316,0.10185197388380962,0.3693042369817926,7.0,91.78472222222223,242,2.569662998029555,25.054569475758882,25.019751375213342,25.019807855526064,22.037102566325203,28.784245065215014,28.661690551029395,28.673862037664808,inf,inf,inf,inf,inf
L1_lyapunov,50,20.226395105330674,2.9853455894595173,113.42936857818992,15918.33348637623,130882.7404125316,0.10185197388380962,0.3693042369817926,3.0,141.91666666666666,256,5.445828606579247,15.670348781860966,15.655232247370645,15.655473492775407,14.118461524489895,20.028894925217212,20.06486214294888,20.073027331502857,25.749558824868295,26.83581262262674,26.65624058030301,26.451566714260796,inf
L1_lyapunov,50,20.226395105330674,2.9853455894595173,113.42936857818992,15918.33348637623,130882.7404125316,0.10185197388380962,0.3693042369817926,7.0,141.91666666666666,774,0.5668084504614374,inf,inf,inf,inf,inf,inf,inf,inf,inf,inf,inf,inf
L1_lyapunov,50,20.226395105330674,2.9853455894595173,113.42936857818992,15918.33348637623,130882.7404125316,0.10185197388380962,0.3693042369817926,3.0,179.19444444444446,228,8.616808695959152,17.24085863651396,17.238182559894597,17.23739176379879,15.707363606672335,19.0725923503702,19.06471033764332,19.063891338091036,21.92197033434831,23.005628334860866,22.9833484794429,22.973212767678273,inf
L1_lyapunov,50,20.226395105330674,2.9853455894595173,113.42936857818992,15918.33348637623,130882.7404125316,0.10185197388380962,0.3693042369817926,7.0,179.19444444444446,734,1.3240836981656965,22.272184722298586,22.267884523002053,22.268991018006353,20.79111331931099,28.72932219074461,28.72510962067882,28.689780415253782,inf,inf,inf,inf,inf
L1_lyapunov,50,20.226395105330674,2.9853455894595173,113.42936857818992,15918.33348637623,130882.7404125316,0.10185197388380962,0.3693042369817926,3.0,232.0,311,4.590989234271926,25.83058920721845,25.822827515265704,25.82201352433354,25.488622295405268,28.8063809383159,28.79699643715116,28.790627224851782,inf,inf,inf,inf,inf
L1_lyapunov,50,20.226395105330674,2.9853455894595173,113.42936857818992,15918.33348637623,130882.7404125316,0.10185197388380962,0.3693042369817926,7.0,232.0,1073,1.481914717782889,27.021030312446975,26.98481414133165,26.98321846715371,25.5633500466049,inf,inf,inf,inf,inf,inf,inf,inf
L1_lyapunov,50,20.226395105330674,2.9853455894595173,113.42936857818992,15918.33348637623,130882.7404125316,0.10185197388380962,0.3693042369817926,3.0,265.96527777777777,179,18.8058917196936,12.449032725365244,12.392115166243476,12.392550732000435,11.383174903954693,15.457790650856076,15.332446389511428,15.332923292611449,20.79111331931099,22.241224468987035,22.066119293794703,21.993266907718667,28.80232399830156
L1_lyapunov,50,20.226395105330674,2.9853455894595173,113.42936857818992,15918.33348637623,130882.7404125316,0.10185197388380962,0.3693042369817926,7.0,265.96527777777777,645,1.0381896969888686,23.73442452973786,23.655430394360714,23.643170955407918,21.805294529502223,inf,inf,inf,inf,inf,inf,inf,inf
L1_lyapunov,50,20.226395105330674,2.9853455894595173,113.42936857818992,15918.33348637623,130882.7404125316,0.10185197388380962,0.3693042369817926,3.0,320.99305555555554,578,4.265685080550878,17.97318237519627,17.97265500953024,17.972559876637515,15.865573082632206,20.957584610713834,20.955913644509973,20.952824284975907,25.598166462250816,26.636897644571302,26.544193094890183,26.582626712833836,inf
L1_lyapunov,50,20.226395105330674,2.9853455894595173,113.42936857818992,15918.33348637623,130882.7404125316,0.10185197388380962,0.3693042369817926,7.0,320.99305555555554,1273,0.859308975924788,24.60362591839113,24.593839720560833,24.594710275121816,22.083324587630926,inf,inf,inf,inf,inf,inf,inf,inf
L1_lyapunov,59,23.790974260363065,2.954291361674755,70.6715644404305,11325.881967695643,169289.32391918823,0.9698099680429374,0.38056734080401816,3.0,52.0,568,4.175058273529815,16.800267149150905,16.8455827463282,16.84603460504455,15.735876381240152,21.21112806864445,21.369987799913044,21.372258453887945,inf,inf,inf,inf,inf
L1_lyapunov,59,23.790974260363065,2.954291361674755,70.6715644404305,11325.881967695643,169289.32391918823,0.9698099680429374,0.38056734080401816,7.0,52.0,872,0.49172985061737184,inf,inf,inf,inf,inf,inf,inf,inf,inf,inf,inf,inf
L1_lyapunov,59,23.790974260363065,2.954291361674755,70.6715644404305,11325.881967695643,169289.32391918823,0.9698099680429374,0.38056734080401816,3.0,92.78472222222223,93,15.92606230398422,20.630470728833917,20.62396403572114,20.61200790416365,18.475488809493925,21.897302471425952,21.87413224703262,21.87188906732908,21.860225400376002,24.130322731270642,24.098940074300792,24.098771399197297,inf
L1_lyapunov,59,23.790974260363065,2.954291361674755,70.6715644404305,11325.881967695643,169289.32391918823,0.9698099680429374,0.38056734080401816,7.0,92.78472222222223,435,2.2418376364142967,24.342919411718338,24.33164349103435,24.331682595434017,21.85634788911859,inf,inf,inf,inf,inf,inf,inf,inf
L1_lyapunov,59,23.790974260363065,2.954291361674755,70.6715644404305,11325.881967695643,169289.32391918823,0.9698099680429374,0.38056734080401816,3.0,142.0,493,4.654172515905335,20.641141018936068,20.64115783169653,20.64011775598277,18.547155289197963,22.92968667299683,22.918199596771274,22.916064362225768,inf,inf,inf,inf,inf
L1_lyapunov,59,23.790974260363065,2.954291361674755,70.6715644404305,11325.881967695643,169289.32391918823,0.9698099680429374,0.38056734080401816,7.0,142.0,975,0.9483734987597127,25.320446601631364,25.278102401998066,25.277522004543485,22.74070563962975,inf,inf,inf,inf,inf,inf,inf,inf
L1_lyapunov,59,23.790974260363065,2.954291361674755,70.6715644404305,11325.881967695643,169289.32391918823,0.9698099680429374,0.38056734080401816,3.0,177.90972222222223,122,31.689653611631076,10.411371356422478,10.423601609526964,10.423032006252836,9.67701208416048,20.549746634155852,20.64252314481951,20.639924946884086,24.47105192075318,26.431001623354724,26.210931280083518,25.496073635995643,inf
L1_lyapunov,59,23.790974260363065,2.954291361674755,70.6715644404305,11325.881967695643,169289.32391918823,0.9698099680429374,0.38056734080401816,7.0,177.90972222222223,483,4.898095258624486,24.94352664363767,24.949449392086265,24.769234009130198,23.222210943049912,inf,inf,inf,inf,inf,inf,inf,inf
L1_lyapunov,59,23.790974260363065,2.954291361674755,70.6715644404305,11325.881967695643,169289.32391918823,0.9698099680429374,0.38056734080401816,3.0,232.0,584,7.6017813727515,25.17910019152941,25.16396680592174,25.161974877064132,22.051358290906172,27.445442993200487,27.412175758212715,27.41343858823848,27.33244348075582,inf,inf,inf,inf
L1_lyapunov,59,23.790974260363065,2.954291361674755,70.6715644404305,11325.881967695643,169289.32391918823,0.9698099680429374,0.38056734080401816,7.0,232.0,1090,0.9275166508778914,inf,inf,inf,inf,inf,inf,inf,inf,inf,inf,inf,inf
L1_lyapunov,59,23.790974260363065,2.954291361674755,70.6715644404305,11325.881967695643,169289.32391918823,0.9698099680429374,0.38056734080401816,3.0,265.625,205,7.492421372311503,16.299758954900245,16.29218823676761,16.293704399373794,15.682288017493882,18.711231634535462,18.714009238983305,18.71534443143878,inf,inf,inf,inf,inf
L1_lyapunov,59,23.790974260363065,2.954291361674755,70.6715644404305,11325.881967695643,169289.32391918823,0.9698099680429374,0.38056734080401816,7.0,265.625,853,0.5983943035573107,inf,inf,inf,inf,inf,inf,inf,inf,inf,inf,inf,inf
L1_lyapunov,59,23.790974260363065,2.954291361674755,70.6715644404305,11325.881967695643,169289.32391918823,0.9698099680429374,0.38056734080401816,3.0,321.25694444444446,453,8.981586286457192,20.645955850371134,20.6279166592611,20.627846762294876,18.399099827088172,29.138128257609562,29.093335996188227,29.010634441086086,inf,inf,inf,inf,inf
L1_lyapunov,59,23.790974260363065,2.954291361674755,70.6715644404305,11325.881967695643,169289.32391918823,0.9698099680429374,0.38056734080401816,7.0,321.25694444444446,1273,3.8378243318382506,28.989460335960267,28.99840140307571,28.96030390214793,25.687189802421216,inf,inf,inf,inf,inf,inf,inf,inf
L2_lyapunov,25,15.022526163088596,3.1351642921275658,515.8105239607294,45089.17058834783,76827.77217095197,0.6469061758446689,0.1531934323928388,3.0,48.30555555555556,339,8.155359703888232,13.126910799673077,13.144940450858137,13.137386689473184,11.716679879321406,14.791925688479687,14.809055864051137,14.78594666288136,16.763078537355728,17.87109092249772,17.88407646505222,17.459734031772967,21.909215051695707
L2_lyapunov,25,15.022526163088596,3.1351642921275658,515.8105239607294,45089.17058834783,76827.77217095197,0.6469061758446689,0.1531934323928388,7.0,48.30555555555556,339,8.155349792171203,13.12691240847444,13.144942077974044,13.1373883167749,11.716679879321406,14.791927419003986,14.809057596506959,14.78594839566425,16.763078537355728,17.87109578257385,17.88408174418884,17.459738275435193,21.909215051695707
L2_lyapunov,25,15.022526163088596,3.1351642921275658,515.8105239607294,45089.17058834783,76827.77217095197,0.6469061758446689,0.1531934323928388,3.0,85.23611111111111,355,18.905713446309875,9.670929001303554,9.699378166147651,9.691000475381518,8.734824987003597,14.368337619445112,14.391494492489516,14.122457770652826,16.18779631729124,18.46734853051107,18.05780101315537,17.642827875730454,21.960280755438824
L2_lyapunov,25,15.022526163088596,3.1351642921275658,515.8105239607294,45089.17058834783,76827.77217095197,0.6469061758446689,0.1531934323928388,7.0,85.23611111111111,371,8.240463071138661,12.659295924846186,12.649099093887067,12.729904952054268,11.516453500231599,16.788016532447823,16.743001433818705,16.641182819178884,18.44218962995807,19.13951481677138,19.06209402055255,18.95772408530973,25.488622295405268
L2_lyapunov,25,15.022526163088596,3.1351642921275658,515.8105239607294,45089.17058834783,76827.77217095197,0.6469061758446689,0.1531934323928388,3.0,138.44444444444446,377,6.584080841675227,13.474104045545687,13.463460329646232,13.47092038131932,13.281489698569585,15.29000732453465,15.238414210361581,15.262266963213925,17.66456114989626,18.974509396694078,18.897033271840424,18.342328890460053,22.066720923193472
L2_lyapunov,25,15.022526163088596,3.1351642921275658,515.8105239607294,45089.17058834783,76827.77217095197,0.6469061758446689,0.1531934323928388,7.0,138.44444444444446,377,6.584075679706658,13.474104970838027,13.463461181844565,13.470921236000352,13.281489698569585,15.29000833372434,15.238415184084753,15.262267930130857,17.66456114989626,18.97451173556303,18.89703507611071,18.342330495128728,22.066720923193472
L2_lyapunov,25,15.022526163088596,3.1351642921275658,515.8105239607294,45089.17058834783,76827.77217095197,0.6469061758446689,0.1531934323928388,3.0,175.19444444444446,259,24.166352798008113,9.22542697691347,9.22695393795894,9.220457331312268,8.398319704929317,13.458685189479874,13.507962978749504,13.324736371261766,16.019092778001585,17.59773772260997,17.384227811956283,16.776479705157865,21.915436213372274
L2_lyapunov,25,15.022526163088596,3.1351642921275658,515.8105239607294,45089.17058834783,76827.77217095197,0.6469061758446689,0.1531934323928388,7.0,175.19444444444446,303,10.812671252465924,11.083883771626285,11.085274853489992,11.090009009693109,10.023035009721188,16.420728842354496,16.37857319734878,16.203287914979175,18.428233676687015,19.165451257449146,19.021371382984174,18.79527927121138,23.494105533359747
L2_lyapunov,25,15.022526163088596,3.1351642921275658,515.8105239607294,45089.17058834783,76827.77217095197,0.6469061758446689,0.1531934323928388,3.0,228.57638888888889,459,5.2851620847473,13.741186100228225,13.736571636508438,13.736559087334822,13.310970270968918,15.523878521932296,15.526268377149751,15.505358345560827,18.524458837578234,19.292730007579916,19.141103816635088,18.668668919585976,22.101325989178424
L2_lyapunov,25,15.022526163088596,3.1351642921275658,515.8105239607294,45089.17058834783,76827.77217095197,0.6469061758446689,0.1531934323928388,7.0,228.57638888888889,459,5.285159878460645,13.741186541056093,13.736572078932507,13.736559524641134,13.310970270968918,15.523879106344307,15.52626896590141,15.505358931202863,18.524458837578234,19.292731264509115,19.141104794233986,18.668669944039994,22.101325989178424
L2_lyapunov,25,15.022526163088596,3.1351642921275658,515.8105239607294,45089.17058834783,76827.77217095197,0.6469061758446689,0.1531934323928388,3.0,265.625,243,27.38266324201871,9.110272880187187,9.1100522079903,9.112323225478614,8.253926849522388,12.866610594634587,12.88943105194103,12.5850404005299,15.808938495953063,17.14730437647598,17.016116444686674,16.47611928130936,21.8455498768851
L2_lyapunov,25,15.022526163088596,3.1351642921275658,515.8105239607294,45089.17058834783,76827.77217095197,0.6469061758446689,0.1531934323928388,7.0,265.625,243,27.382654697199307,9.11027343951994,9.110052757377614,9.112323796448534,8.253926849522388,12.866612592534077,12.889433088473853,12.585042181363914,15.808938495953063,17.14730548374624,17.016117265597615,16.476120223601608,21.8455498768851
L2_lyapunov,25,15.022526163088596,3.1351642921275658,515.8105239607294,45089.17058834783,76827.77217095197,0.6469061758446689,0.1531934323928388,3.0,318.72222222222223,593,4.670981777246822,13.972566231440874,14.013056465803011,14.003823129765822,13.326038645355357,15.908481286584191,15.977406954616958,15.911913771358364,18.691569028347395,20.818585358845954,20.116111064694056,19.5462825908888,23.020356958502784
L2_lyapunov,25,15.022526163088596,3.1351642921275658,515.8105239607294,45089.17058834783,76827.77217095197,0.6469061758446689,0.1531934323928388,7.0,318.72222222222223,593,4.670980351499844,13.972566516369849,14.01305675161268,14.003823415397122,13.326038645355357,15.908481873193754,15.977407527169964,15.911914307863972,18.691569028347395,20.818586257775937,20.11611176741666,19.546283251958354,23.020356958502784
L2_lyapunov,33,15.323816033730465,3.1137408866550924,416.1424740188126,38872.364695628705,79658.65354164098,0.9220525021259244,0.22569966324841612,3.0,52.0,625,12.260522904544045,10.838842641445657,10.890956962672075,10.886694989680139,9.824562905394611,16.550141459701145,16.532026827798134,16.447633174802178,18.415402769712276,18.96002031578427,18.77018465827255,18.72076037707143,23.880114484612385
L2_lyapunov,33,15.323816033730465,3.1137408866550924,416.1424740188126,38872.364695628705,79658.65354164098,0.9220525021259244,0.22569966324841612,7.0,52.0,748,5.640714017767974,16.055872790609765,16.11511509138448,16.044735961674142,15.632256868936901,18.709171712626073,18.72484252131151,18.673116974008547,18.475488809493925,20.505911725589577,20.34883558335417,20.363567790297147,25.734135936888855
L2_lyapunov,33,15.323816033730465,3.1137408866550924,416.1424740188126,38872.364695628705,79658.65354164098,0.9220525021259244,0.22569966324841612,3.0,90.78472222222223,98,14.021523191059472,13.293958259827818,13.272622618199684,13.266066671983346,11.849618397985813,14.982618661822826,14.96104607263117,14.97539025751216,16.18779631729124,17.59218139998549,17.68075074864492,17.418662920208195,21.809647082013313
L2_lyapunov,33,15.323816033730465,3.1137408866550924,416.1424740188126,38872.364695628705,79658.65354164098,0.9220525021259244,0.22569966324841612,7.0,90.78472222222223,142,10.319805562302983,13.596565527812135,13.59313140487311,13.59481729314778,13.294379406440658,15.390413156619044,15.35965985725271,15.335414614844076,16.34270443214519,18.00645499375437,18.15354782242462,17.880163921952555,21.8922195522045
L2_lyapunov,33,15.323816033730465,3.1137408866550924,416.1424740188126,38872.364695628705,79658.65354164098,0.9220525021259244,0.22569966324841612,3.0,141.91666666666666,204,21.63820727069288,10.223064323961733,10.23916212137345,10.236581393576758,9.631427563754043,12.461157451592287,12.458041849134725,12.461202255714767,16.415501330466164,18.08063001442051,18.101729196982284,17.579633169171647,22.306921096124352
L2_lyapunov,33,15.323816033730465,3.1137408866550924,416.1424740188126,38872.364695628705,79658.65354164098,0.9220525021259244,0.22569966324841612,7.0,141.91666666666666,564,6.132544380870745,12.72800521783531,12.684211663572091,12.680335877752952,11.507073415798557,18.743287339857527,18.713787650603226,18.583376138833827,18.533848164048262,20.697849972034362,20.593194356174532,20.590130720413942,25.664738890300445
L2_lyapunov,33,15.323816033730465,3.1137408866550924,416.1424740188126,38872.364695628705,79658.65354164098,0.9220525021259244,0.22569966324841612,3.0,175.48611111111111,297,24.43558059206618,9.264373492479722,9.236341793324836,9.233009971991768,8.300197848251502,15.258109898038006,15.362217317566966,14.971847598565114,15.782831202222514,17.704422959782097,17.63977817731132,17.669403970396168,22.066720923193472
L2_lyapunov,33,15.323816033730465,3.1137408866550924,416.1424740188126,38872.364695628705,79658.65354164098,0.9220525021259244,0.22569966324841612,7.0,175.48611111111111,440,15.845479586342186,11.08369594056931,11.250593062948086,11.172530044402592,9.875638091499333,16.17219492903954,16.180241177100186,16.10530097008507,15.880744769068075,17.964783611238634,17.88015607175011,17.883558070037797,22.120909373849656
L2_lyapunov,33,15.323816033730465,3.1137408866550924,416.1424740188126,38872.364695628705,79658.65354164098,0.9220525021259244,0.22569966324841612,3.0,229.61111111111111,538,3.9334611906351826,14.327311957049513,14.32937265405593,14.322725279661563,13.36834932515568,16.767306663360827,16.785520776236204,16.694026915233906,21.65566221726103,22.092884045184014,22.019251365956144,21.676176816172454,25.8873042370971
L2_lyapunov,33,15.323816033730465,3.1137408866550924,416.1424740188126,38872.364695628705,79658.65354164098,0.9220525021259244,0.22569966324841612,7.0,229.61111111111111,746,2.1221092300292694,15.070707566802394,15.069334740272499,15.072463750131776,13.5072933028802,18.274297601794583,18.294925458221048,18.185201609330214,21.832839059420643,23.535492800237346,23.57021182252282,23.134283205656978,inf
L2_lyapunov,33,15.323816033730465,3.1137408866550924,416.1424740188126,38872.364695628705,79658.65354164098,0.9220525021259244,0.22569966324841612,3.0,265.96527777777777,209,32.31982290641838,9.257490129724575,9.250709959856126,9.259285610920344,8.337441693749243,11.599498393496939,11.580498087375311,11.549367629381761,15.968098044624384,17.656189714128256,17.248676333303905,16.806204864312566,21.95176154679367
L2_lyapunov,33,15.323816033730465,3.1137408866550924,416.1424740188126,38872.364695628705,79658.65354164098,0.9220525021259244,0.22569966324841612,7.0,265.96527777777777,450,12.994002473093893,10.909999596577514,10.880835140075668,10.883787887353872,9.793287665725849,16.53324623070399,16.443864879017152,16.26846816560887,18.451168970971235,19.481498232430535,19.326123331969185,19.219873914504035,23.494105533359747
L2_lyapunov,33,15.323816033730465,3.1137408866550924,416.1424740188126,38872.364695628705,79658.65354164098,0.9220525021259244,0.22569966324841612,3.0,321.5486111111111,534,3.94319942101204,14.342617110333315,14.341649964563077,14.336740611139998,13.357207768286678,16.784304166185787,16.804977321321463,16.71644071822947,20.79111331931099,22.036761710758146,21.94096759662465,21.566737719740562,26.152989824553597
L2_lyapunov,33,15.323816033730465,3.1137408866550924,416.1424740188126,38872.364695628705,79658.65354164098,0.9220525021259244,0.22569966324841612,7.0,321.5486111111111,812,2.209338980407222,15.09906421102538,15.084635464575443,15.093051324906853,13.543776453393749,18.19065432556964,18.191931638839698,18.090133139223088,21.832839059420643,23.45356060897189,23.468787292845192,23.03492323276945,inf
L2_lyapunov,42,15.80253990366392,3.0882401226087475,316.89633825313615,32327.335957009585,83892.32143221838,0.20893576700177263,0.270010083522003,3.0,50.47222222222222,570,13.810141618201712,14.487749282994596,14.541052022471124,14.451783605702415,13.524171417242377,17.285978937183714,17.253492216576735,17.29522363458965,18.426132398061448,19.717176586098223,19.630818813554715,19.739284991980433,25.548030833405658
L2_lyapunov,42,15.80253990366392,3.0882401226087475,316.89633825313615,32327.335957009585,83892.32143221838,0.20893576700177263,0.270010083522003,7.0,50.47222222222222,855,7.116244267792925,16.48932160086767,16.5096650971733,16.49029406906601,15.711244853042409,18.81593167122758,18.79939266621101,18.808439033436645,18.5052311022281,20.533982612348,20.41628241885508,20.45107562224259,25.716200931977557
L2_lyapunov,42,15.80253990366392,3.0882401226087475,316.89633825313615,32327.335957009585,83892.32143221838,0.20893576700177263,0.270010083522003,3.0,89.78472222222223,176,10.273606481208194,13.825205690511618,13.80703474504138,13.806569881755824,13.335710595199215,15.74615096669043,15.792799441264618,15.763457089156326,17.66456114989626,19.000953140798728,18.96424976757583,18.58333123655263,23.494105533359747
L2_lyapunov,42,15.80253990366392,3.0882401226087475,316.89633825313615,32327.335957009585,83892.32143221838,0.20893576700177263,0.270010083522003,7.0,89.78472222222223,354,3.866607739116082,15.083982136912768,15.058264869831158,15.064710652827271,13.566827327847687,17.577877553742404,17.540739927097814,17.496289240598962,21.960280755438824,23.209594332720663,23.061728655976438,22.93238388366175,27.33244348075582
L2_lyapunov,42,15.80253990366392,3.0882401226087475,316.89633825313615,32327.335957009585,83892.32143221838,0.20893576700177263,0.270010083522003,3.0,141.91666666666666,276,17.517417157354174,11.276756068395208,11.304427925345314,11.310767473413813,10.122519796193828,16.45303990413032,16.367864477767615,16.08041770895078,18.56643469038702,20.3023625957838,20.201491319321136,20.309375270256837,25.570198811148703
L2_lyapunov,42,15.80253990366392,3.0882401226087475,316.89633825313615,32327.335957009585,83892.32143221838,0.20893576700177263,0.270010083522003,7.0,141.91666666666666,662,4.281278041677357,17.69835164966459,17.64206221624814,17.734894049208712,16.415501330466164,19.954888553555666,19.976205571229833,19.972628626023834,21.68181962884119,22.03380513465244,22.125246019553188,22.027719339994,26.39443744980175
L2_lyapunov,42,15.80253990366392,3.0882401226087475,316.89633825313615,32327.335957009585,83892.32143221838,0.20893576700177263,0.270010083522003,3.0,176.8125,216,27.232687368539647,9.284168330959966,9.304962320816143,9.308958756261395,8.415445066299304,16.047823276094753,16.067381237367556,16.000867916696578,15.94096726346236,17.770061300473454,17.729265383743062,17.71143568994151,22.327585503455378
L2_lyapunov,42,15.80253990366392,3.0882401226087475,316.89633825313615,32327.335957009585,83892.32143221838,0.20893576700177263,0.270010083522003,7.0,176.8125,469,9.91348345507327,16.113742202938088,16.151092749556387,16.10415987039068,15.67242672442687,18.512331516643535,18.5359981607741,18.510191148035883,18.50044804469611,20.41875197997927,20.320067654030897,20.36059218998929,25.648883975159755
L2_lyapunov,42,15.80253990366392,3.0882401226087475,316.89633825313615,32327.335957009585,83892.32143221838,0.20893576700177263,0.270010083522003,3.0,232.0,557,5.170474543258768,15.126834684102729,15.112807234190804,15.104050653580815,13.444817352938012,17.609961313518074,17.666941354103095,17.587949157552845,21.887049626176918,23.29287744618317,23.20944205477476,22.985668167596945,26.152989824553597
L2_lyapunov,42,15.80253990366392,3.0882401226087475,316.89633825313615,32327.335957009585,83892.32143221838,0.20893576700177263,0.270010083522003,7.0,232.0,880,2.598401897718965,16.125890523948364,16.094496792217818,16.081737364868758,15.632256868936901,20.918151969334634,21.38048807589102,20.32545523690914,23.494105533359747,25.869032143697066,25.659747990375244,25.2561413072058,inf
L2_lyapunov,42,15.80253990366392,3.0882401226087475,316.89633825313615,32327.335957009585,83892.32143221838,0.20893576700177263,0.270010083522003,3.0,266.625,96,7.720935104721544,12.183444945562078,12.187156921858113,12.19124992204675,11.375032055815321,14.641475546506753,14.639543238150212,14.59247307397393,19.052967394251052,20.570391345980475,20.512206596834364,20.174049256290356,25.488622295405268
L2_lyapunov,42,15.80253990366392,3.0882401226087475,316.89633825313615,32327.335957009585,83892.32143221838,0.20893576700177263,0.270010083522003,7.0,266.625,773,2.5768756704329836,19.689127836924534,19.716410358971896,19.59905041136166,18.6046770895807,22.738070593953733,22.712399915117132,22.661735299030966,21.78840941182866,24.86748382429971,24.744434546077937,24.76086232450817,inf
L2_lyapunov,42,15.80253990366392,3.0882401226087475,316.89633825313615,32327.335957009585,83892.32143221838,0.20893576700177263,0.270010083522003,3.0,319.1041666666667,614,12.876577737156675,14.795671190072971,14.752491662626465,14.665497713276617,13.833768795204982,17.39673976298238,17.342398403648474,17.372136376639872,18.399099827088172,19.79517397126466,19.695858880537912,19.805190236452617,25.547193132793506
L2_lyapunov,42,15.80253990366392,3.0882401226087475,316.89633825313615,32327.335957009585,83892.32143221838,0.20893576700177263,0.270010083522003,7.0,319.1041666666667,1043,6.242000093233939,16.7182845335861,16.727778940425996,16.70838863841019,15.738764484593798,18.91367423909254,18.886270303756312,18.88105592848172,18.524458837578234,20.557644808960237,20.46171729960457,20.48382302741545,25.675291724778837
L2_lyapunov,50,16.36699241172847,3.066189306314147,246.5047067450507,27126.57516936858,88650.59891335889,0.7270753168965554,0.29268849527215995,3.0,52.0,602,5.3760040853894795,15.254467456775327,15.290938552124423,15.286135468683723,13.533593370744413,17.597666543417585,17.582475589274235,17.610415575113294,21.96930469767539,23.307432417032217,23.325504908969954,23.263780054778028,26.548505909011002
L2_lyapunov,50,16.36699241172847,3.066189306314147,246.5047067450507,27126.57516936858,88650.59891335889,0.7270753168965554,0.29268849527215995,7.0,52.0,920,2.5477812261662076,16.307439973737623,16.35733894438143,16.355193772039378,15.695026343120713,22.341371752987417,22.44012428273082,22.30916542511439,25.525245574893603,25.966620081423187,26.002746145368395,25.91852702545142,inf
L2_lyapunov,50,16.36699241172847,3.066189306314147,246.5047067450507,27126.57516936858,88650.59891335889,0.7270753168965554,0.29268849527215995,3.0,88.78472222222223,45,67.74506193471913,9.898853659257743,9.890151788461491,9.892403359890432,9.603435897967396,11.811485570008356,11.823867238304437,11.802408519457114,13.721505636775158,15.218639055434723,15.194242247119226,14.559591872765942,19.320975225983847
L2_lyapunov,50,16.36699241172847,3.066189306314147,246.5047067450507,27126.57516936858,88650.59891335889,0.7270753168965554,0.29268849527215995,7.0,88.78472222222223,601,2.692713149812267,20.845566994774735,20.823931150815138,20.762909070772665,18.794383462031462,22.976282236449403,22.95596344358596,22.925597100630934,21.92197033434831,24.709296903868537,24.66946840449667,24.633675951800676,inf
L2_lyapunov,50,16.36699241172847,3.066189306314147,246.5047067450507,27126.57516936858,88650.59891335889,0.7270753168965554,0.29268849527215995,3.0,141.91666666666666,453,15.439877296001297,15.137150913542808,15.050539699428601,15.005593010206692,13.668991604266552,18.809960661979574,18.776671904224546,18.725219456602556,18.48750013786014,20.65490861731618,20.560902242772492,20.55142124600228,25.716200931977557
L2_lyapunov,50,16.36699241172847,3.066189306314147,246.5047067450507,27126.57516936858,88650.59891335889,0.7270753168965554,0.29268849527215995,7.0,141.91666666666666,911,5.960080570840747,18.307651970711483,18.233536222423638,18.18889156048826,16.504915824127814,19.6847400378095,19.680699132888755,19.65028915733889,19.320975225983847,21.093831588150838,21.113322525656876,21.064849447998657,26.27947314454921
L2_lyapunov,50,16.36699241172847,3.066189306314147,246.5047067450507,27126.57516936858,88650.59891335889,0.7270753168965554,0.29268849527215995,3.0,179.90972222222223,94,22.434943152084998,15.430302230714156,15.46403410643762,15.45731937587352,13.693582485864086,17.167702697779866,17.197928153856164,17.175739731949,18.579887041474624,19.815468435521755,19.78263722478985,19.48562900668164,22.191553346126646
L2_lyapunov,50,16.36699241172847,3.066189306314147,246.5047067450507,27126.57516936858,88650.59891335889,0.7270753168965554,0.29268849527215995,7.0,179.90972222222223,289,2.0788238888869404,18.0120212983158,18.061422400229404,18.055176104278576,15.953961672507354,20.55658378613327,20.53951432787407,20.467233798216757,25.52187403640986,25.972966030632833,25.95736897800904,25.99563630961264,inf
L2_lyapunov,50,16.36699241172847,3.066189306314147,246.5047067450507,27126.57516936858,88650.59891335889,0.7270753168965554,0.29268849527215995,3.0,232.0,561,5.567325344020843,15.584995740186441,15.54259891262943,15.535617559184832,14.022918848621721,17.83476403736944,17.77396133583098,17.80588271892784,21.978879597576466,24.012912893165236,24.065917953279975,23.94518456629492,inf
L2_lyapunov,50,16.36699241172847,3.066189306314147,246.5047067450507,27126.57516936858,88650.59891335889,0.7270753168965554,0.29268849527215995,7.0,232.0,940,2.664428211888884,16.682396071502918,16.649670882840386,16.65471887414319,15.686170345745179,22.800160685168777,22.884300258110585,22.709830434708152,25.525902974891668,26.46909012860996,26.45414105659631,26.403400896166545,inf
L2_lyapunov,50,16.36699241172847,3.066189306314147,246.5047067450507,27126.57516936858,88650.59891335889,0.7270753168965554,0.29268849527215995,3.0,265.2361111111111,403,6.30453488303788,14.88038717691698,14.865992008729991,14.858515147079023,13.449031546970316,17.370015698012338,17.394332953207417,17.319866289697757,21.8922195522045,22.857139059148388,22.865849668138445,22.83800646817764,26.647017385194932
L2_lyapunov,50,16.36699241172847,3.066189306314147,246.5047067450507,27126.57516936858,88650.59891335889,0.7270753168965554,0.29268849527215995,7.0,265.2361111111111,919,1.7315860665626275,17.180624554101986,17.214848412991035,17.20378808852714,15.803017060288614,23.598269455359958,23.73184014562295,23.50761175452051,25.54803083340567,26.734163258096373,26.769643219771353,26.674764300389693,inf
L2_lyapunov,50,16.36699241172847,3.066189306314147,246.5047067450507,27126.57516936858,88650.59891335889,0.7270753168965554,0.29268849527215995,3.0,321.99305555555554,406,21.057102458596283,14.355861938417544,14.360971348156543,14.319053864875224,13.45814783401061,18.304489066221816,18.369249280702906,18.164621060353507,18.473591039072712,20.479419783543143,20.417768551524823,20.415635664708386,25.678130538014134
L2_lyapunov,50,16.36699241172847,3.066189306314147,246.5047067450507,27126.57516936858,88650.59891335889,0.7270753168965554,0.29268849527215995,7.0,321.99305555555554,954,6.17931812510318,18.460100054152026,18.45868287455969,18.44052149247969,16.617369147137033,19.758800611785645,19.76715187464535,19.730427120649626,19.320975225983847,21.14886704140534,21.16837349071233,21.110561028440788,28.80232399830156
L2_lyapunov,59,17.160171270046444,3.0435598615547725,187.568213426803,22120.753470860804,95134.77303754404,0.18439115027586184,0.31485321816556,3.0,52.0,597,8.717080798942415,17.25674178198496,17.27492272456208,17.2904281143064,12.751258982610185,21.618799889146743,21.693548481935743,21.670461340142403,21.77494863819819,23.94941380406296,23.853072252293273,23.820641362183306,inf
L2_lyapunov,59,17.160171270046444,3.0435598615547725,187.568213426803,22120.753470860804,95134.77303754404,0.18439115027586184,0.31485321816556,7.0,52.0,846,3.2003376466925264,21.20236266508931,21.2988338928414,21.28047184557373,19.008662259939815,23.430903160333038,23.42621692674342,23.406546470859034,23.020356958502784,25.609213225742494,25.50833419333335,25.46509086181054,inf
L2_lyapunov,59,17.160171270046444,3.0435598615547725,187.568213426803,22120.753470860804,95134.77303754404,0.18439115027586184,0.31485321816556,3.0,87.78472222222223,168,24.808949429838737,11.143510342950053,11.136959620371558,11.127592780800754,10.06768158969819,17.623013843786023,17.625048406531217,17.612673622450007,19.052967394251052,20.902343298456767,20.898519833986757,20.87943032466056,25.921963954649584
L2_lyapunov,59,17.160171270046444,3.0435598615547725,187.568213426803,22120.753470860804,95134.77303754404,0.18439115027586184,0.31485321816556,7.0,87.78472222222223,566,2.9858441398733646,21.36517981345526,21.328942814861346,21.34993335948618,19.426215704608417,23.29643186358941,23.282199320319272,23.2670706323589,22.425261561923232,25.182178017019098,25.167053172889208,25.122926886135577,inf
L2_lyapunov,59,17.160171270046444,3.0435598615547725,187.568213426803,22120.753470860804,95134.77303754404,0.18439115027586184,0.31485321816556,3.0,141.44444444444446,465,15.202515459811373,15.844245631913473,15.849669719776637,15.846989807045382,13.946950440065834,19.077711172467655,19.086331784549895,19.061275861276037,18.832469586556662,20.618529920614193,20.627453928607576,20.581303970103853,26.76571378720119
L2_lyapunov,59,17.160171270046444,3.0435598615547725,187.568213426803,22120.753470860804,95134.77303754404,0.18439115027586184,0.31485321816556,7.0,141.44444444444446,1000,5.283112599902328,19.19528610606789,19.19569884191591,19.18486554503585,18.451778837797132,21.304785916679947,21.29323047362256,21.274259204157453,21.737890486088887,23.533213257244512,23.406813183780883,23.457009200523647,inf
L2_lyapunov,59,17.160171270046444,3.0435598615547725,187.568213426803,22120.753470860804,95134.77303754404,0.18439115027586184,0.31485321816556,3.0,179.59722222222223,34,51.931914473497834,13.589452233263641,13.600805456748953,13.61368873588738,12.579261886732503,16.485421195699068,16.481538733259473,16.481369887143032,16.34270443214519,18.153420058018128,18.142556409609472,18.109382102748494,25.667263638011057
L2_lyapunov,59,17.160171270046444,3.0435598615547725,187.568213426803,22120.753470860804,95134.77303754404,0.18439115027586184,0.31485321816556,7.0,179.59722222222223,327,3.9578219112572324,18.18187474926484,18.20349536710129,18.200257758941873,17.23798976627628,20.377687191904442,20.3716121837338,20.385433849892284,22.37311460733571,24.5333498177394,24.44314492782169,24.139074957052,26.911505420219022
L2_lyapunov,59,17.160171270046444,3.0435598615547725,187.568213426803,22120.753470860804,95134.77303754404,0.18439115027586184,0.31485321816556,3.0,232.0,412,9.668783206559116,17.51867007382004,17.554256892822895,17.5596823672482,15.760152930487891,19.568448693849106,19.578122874320943,19.55649483856227,19.558572787356074,22.386881759411626,22.14526499899669,21.786073752576723,26.152989824553597
L2_lyapunov,59,17.160171270046444,3.0435598615547725,187.568213426803,22120.753470860804,95134.77303754404,0.18439115027586184,0.31485321816556,7.0,232.0,784,1.077903521682551,20.734008404396363,20.700590336082218,20.686839668587687,18.54475787055397,27.07208682212236,27.075978426678052,27.033640639692866,inf,inf,inf,inf,inf
L2_lyapunov,59,17.160171270046444,3.0435598615547725,187.568213426803,22120.753470860804,95134.77303754404,0.18439115027586184,0.31485321816556,3.0,322.0,502,5.3143143379435696,15.825871023631143,15.826826362104345,15.819017569936413,15.00817757212653,18.219877341232834,18.230296243254166,18.185608752901647,22.28748971317982,24.532497100594046,24.48847846507718,24.472029418745333,inf
L2_lyapunov,59,17.160171270046444,3.0435598615547725,187.568213426803,22120.753470860804,95134.77303754404,0.18439115027586184,0.31485321816556,7.0,322.0,1234,1.3870595973878235,18.17780830855642,18.18194553148267,18.192100039701934,15.983533827549124,25.56097471433887,25.540990382896887,25.555146906336162,25.598166462250816,28.228010125035972,28.05943930049335,28.057694799483002,inf
DRO,39,8.642307043287051,2.975166323225858,1.0000000000097538,47323.541662727934,55093.979085713356,0.048850563337645925,0.24942447822530012,3.0,50.451388888888886,485,4.182461822064321,inf,inf,inf,inf,inf,inf,inf,inf,inf,inf,inf,inf
DRO,39,8.642307043287051,2.975166323225858,1.0000000000097538,47323.541662727934,55093.979085713356,0.048850563337645925,0.24942447822530012,7.0,50.451388888888886,671,0.7514881737129543,inf,inf,inf,inf,inf,inf,inf,inf,inf,inf,inf,inf
DRO,39,8.642307043287051,2.975166323225858,1.0000000000097538,47323.541662727934,55093.979085713356,0.048850563337645925,0.24942447822530012,3.0,89.23611111111111,126,5.8321001930342895,inf,inf,inf,inf,inf,inf,inf,inf,inf,inf,inf,inf
DRO,39,8.642307043287051,2.975166323225858,1.0000000000097538,47323.541662727934,55093.979085713356,0.048850563337645925,0.24942447822530012,7.0,89.23611111111111,479,0.7056773069842233,inf,inf,inf,inf,inf,inf,inf,inf,inf,inf,inf,inf
DRO,39,8.642307043287051,2.975166323225858,1.0000000000097538,47323.541662727934,55093.979085713356,0.048850563337645925,0.24942447822530012,3.0,141.40277777777777,400,2.850766738709033,inf,inf,inf,inf,inf,inf,inf,inf,inf,inf,inf,inf
DRO,39,8.642307043287051,2.975166323225858,1.0000000000097538,47323.541662727934,55093.979085713356,0.048850563337645925,0.24942447822530012,7.0,141.40277777777777,754,0.4337728505967623,inf,inf,inf,inf,inf,inf,inf,inf,inf,inf,inf,inf
DRO,39,8.642307043287051,2.975166323225858,1.0000000000097538,47323.541662727934,55093.979085713356,0.048850563337645925,0.24942447822530012,3.0,178.59722222222223,93,4.9184909954524265,inf,inf,inf,inf,inf,inf,inf,inf,inf,inf,inf,inf
DRO,39,8.642307043287051,2.975166323225858,1.0000000000097538,47323.541662727934,55093.979085713356,0.048850563337645925,0.24942447822530012,7.0,178.59722222222223,345,3.0519947778106595,inf,inf,inf,inf,inf,inf,inf,inf,inf,inf,inf,inf
DRO,39,8.642307043287051,2.975166323225858,1.0000000000097538,47323.541662727934,55093.979085713356,0.048850563337645925,0.24942447822530012,3.0,231.94444444444446,452,4.788248021041411,inf,inf,inf,inf,inf,inf,inf,inf,inf,inf,inf,inf
DRO,39,8.642307043287051,2.975166323225858,1.0000000000097538,47323.541662727934,55093.979085713356,0.048850563337645925,0.24942447822530012,7.0,231.94444444444446,877,0.6441384060628013,inf,inf,inf,inf,inf,inf,inf,inf,inf,inf,inf,inf
DRO,39,8.642307043287051,2.975166323225858,1.0000000000097538,47323.541662727934,55093.979085713356,0.048850563337645925,0.24942447822530012,3.0,266.2361111111111,155,8.794896514975685,inf,inf,inf,inf,inf,inf,inf,inf,inf,inf,inf,inf
DRO,39,8.642307043287051,2.975166323225858,1.0000000000097538,47323.541662727934,55093.979085713356,0.048850563337645925,0.24942447822530012,7.0,266.2361111111111,591,0.8545851380054567,inf,inf,inf,inf,inf,inf,inf,inf,inf,inf,inf,inf
DRO,39,8.642307043287051,2.975166323225858,1.0000000000097538,47323.541662727934,55093.979085713356,0.048850563337645925,0.24942447822530012,3.0,322.0,262,4.069011744080228,inf,inf,inf,inf,inf,inf,inf,inf,inf,inf,inf,inf
DRO,39,8.642307043287051,2.975166323225858,1.0000000000097538,47323.541662727934,55093.979085713356,0.048850563337645925,0.24942447822530012,7.0,322.0,790,0.6182125103486801,inf,inf,inf,inf,inf,inf,inf,inf,inf,inf,inf,inf
DRO,53,17.26811955067486,2.9040654338540017,1.0000000000196636,86187.55897580262,129976.31936618927,0.3575344360916788,0.34693023344304713,3.0,52.0,566,6.097885877522155,inf,inf,inf,inf,inf,inf,inf,inf,inf,inf,inf,inf
DRO,53,17.26811955067486,2.9040654338540017,1.0000000000196636,86187.55897580262,129976.31936618927,0.3575344360916788,0.34693023344304713,7.0,52.0,898,3.53224548196505,inf,inf,inf,inf,inf,inf,inf,inf,inf,inf,inf,inf
DRO,53,17.26811955067486,2.9040654338540017,1.0000000000196636,86187.55897580262,129976.31936618927,0.3575344360916788,0.34693023344304713,3.0,89.78472222222223,119,8.536694151099327,inf,inf,inf,inf,inf,inf,inf,inf,inf,inf,inf,inf
DRO,53,17.26811955067486,2.9040654338540017,1.0000000000196636,86187.55897580262,129976.31936618927,0.3575344360916788,0.34693023344304713,7.0,89.78472222222223,718,1.0857618039439807,inf,inf,inf,inf,inf,inf,inf,inf,inf,inf,inf,inf
DRO,53,17.26811955067486,2.9040654338540017,1.0000000000196636,86187.55897580262,129976.31936618927,0.3575344360916788,0.34693023344304713,3.0,141.91666666666666,312,3.662109718323699,inf,inf,inf,inf,inf,inf,inf,inf,inf,inf,inf,inf
DRO,53,17.26811955067486,2.9040654338540017,1.0000000000196636,86187.55897580262,129976.31936618927,0.3575344360916788,0.34693023344304713,7.0,141.91666666666666,819,0.7804310215951255,inf,inf,inf,inf,inf,inf,inf,inf,inf,inf,inf,inf
DRO,53,17.26811955067486,2.9040654338540017,1.0000000000196636,86187.55897580262,129976.31936618927,0.3575344360916788,0.34693023344304713,3.0,177.59722222222223,120,7.148030052139174,inf,inf,inf,inf,inf,inf,inf,inf,inf,inf,inf,inf
DRO,53,17.26811955067486,2.9040654338540017,1.0000000000196636,86187.55897580262,129976.31936618927,0.3575344360916788,0.34693023344304713,7.0,177.59722222222223,691,0.8598541806911826,inf,inf,inf,inf,inf,inf,inf,inf,inf,inf,inf,inf
DRO,53,17.26811955067486,2.9040654338540017,1.0000000000196636,86187.55897580262,129976.31936618927,0.3575344360916788,0.34693023344304713,3.0,232.0,450,9.95077927513379,inf,inf,inf,inf,inf,inf,inf,inf,inf,inf,inf,inf
DRO,53,17.26811955067486,2.9040654338540017,1.0000000000196636,86187.55897580262,129976.31936618927,0.3575344360916788,0.34693023344304713,7.0,232.0,917,0.8606989815095768,inf,inf,inf,inf,inf,inf,inf,inf,inf,inf,inf,inf
DRO,53,17.26811955067486,2.9040654338540017,1.0000000000196636,86187.55897580262,129976.31936618927,0.3575344360916788,0.34693023344304713,3.0,265.625,231,12.788513670758897,inf,inf,inf,inf,inf,inf,inf,inf,inf,inf,inf,inf
DRO,53,17.26811955067486,2.9040654338540017,1.0000000000196636,86187.55897580262,129976.31936618927,0.3575344360916788,0.34693023344304713,7.0,265.625,779,0.738748614816622,inf,inf,inf,inf,inf,inf,inf,inf,inf,inf,inf,inf
DRO,53,17.26811955067486,2.9040654338540017,1.0000000000196636,86187.55897580262,129976.31936618927,0.3575344360916788,0.34693023344304713,3.0,321.02777777777777,455,17.566240964945873,inf,inf,inf,inf,inf,inf,inf,inf,inf,inf,inf,inf
DRO,53,17.26811955067486,2.9040654338540017,1.0000000000196636,86187.55897580262,129976.31936618927,0.3575344360916788,0.34693023344304713,7.0,321.02777777777777,1260,2.518445144176622,inf,inf,inf,inf,inf,inf,inf,inf,inf,inf,inf,inf
DRO,66,21.621856216459065,2.8608215388482954,1.0000000000007763,115013.58510855786,197334.74856857056,0.6411630755863602,0.3576606228953026,3.0,52.0,289,21.100317075738797,inf,inf,inf,inf,inf,inf,inf,inf,inf,inf,inf,inf
DRO,66,21.621856216459065,2.8608215388482954,1.0000000000007763,115013.58510855786,197334.74856857056,0.6411630755863602,0.3576606228953026,7.0,52.0,990,4.543992786683545,inf,inf,inf,inf,inf,inf,inf,inf,inf,inf,inf,inf
DRO,66,21.621856216459065,2.8608215388482954,1.0000000000007763,115013.58510855786,197334.74856857056,0.6411630755863602,0.3576606228953026,3.0,86.78472222222223,206,5.157474182520144,inf,inf,inf,inf,inf,inf,inf,inf,inf,inf,inf,inf
DRO,66,21.621856216459065,2.8608215388482954,1.0000000000007763,115013.58510855786,197334.74856857056,0.6411630755863602,0.3576606228953026,7.0,86.78472222222223,816,0.5434478985293422,inf,inf,inf,inf,inf,inf,inf,inf,inf,inf,inf,inf
DRO,66,21.621856216459065,2.8608215388482954,1.0000000000007763,115013.58510855786,197334.74856857056,0.6411630755863602,0.3576606228953026,3.0,142.0,506,10.115535453077042,inf,inf,inf,inf,inf,inf,inf,inf,inf,inf,inf,inf
DRO,66,21.621856216459065,2.8608215388482954,1.0000000000007763,115013.58510855786,197334.74856857056,0.6411630755863602,0.3576606228953026,7.0,142.0,888,2.4724804931163678,inf,inf,inf,inf,inf,inf,inf,inf,inf,inf,inf,inf
DRO,66,21.621856216459065,2.8608215388482954,1.0000000000007763,115013.58510855786,197334.74856857056,0.6411630755863602,0.3576606228953026,3.0,175.90972222222223,170,18.09343777247561,inf,inf,inf,inf,inf,inf,inf,inf,inf,inf,inf,inf
DRO,66,21.621856216459065,2.8608215388482954,1.0000000000007763,115013.58510855786,197334.74856857056,0.6411630755863602,0.3576606228953026,7.0,175.90972222222223,596,1.1178643401244972,inf,inf,inf,inf,inf,inf,inf,inf,inf,inf,inf,inf
DRO,66,21.621856216459065,2.8608215388482954,1.0000000000007763,115013.58510855786,197334.74856857056,0.6411630755863602,0.3576606228953026,3.0,232.0,567,5.76071501833594,inf,inf,inf,inf,inf,inf,inf,inf,inf,inf,inf,inf
DRO,66,21.621856216459065,2.8608215388482954,1.0000000000007763,115013.58510855786,197334.74856857056,0.6411630755863602,0.3576606228953026,7.0,232.0,1109,1.711211412241561,inf,inf,inf,inf,inf,inf,inf,inf,inf,inf,inf,inf
DRO,66,21.621856216459065,2.8608215388482954,1.0000000000007763,115013.58510855786,197334.74856857056,0.6411630755863602,0.3576606228953026,3.0,264.96527777777777,184,40.27686638384321,inf,inf,inf,inf,inf,inf,inf,inf,inf,inf,inf,inf
DRO,66,21.621856216459065,2.8608215388482954,1.0000000000007763,115013.58510855786,197334.74856857056,0.6411630755863602,0.3576606228953026,7.0,264.96527777777777,759,2.538693872208062,inf,inf,inf,inf,inf,inf,inf,inf,inf,inf,inf,inf
DRO,66,21.621856216459065,2.8608215388482954,1.0000000000007763,115013.58510855786,197334.74856857056,0.6411630755863602,0.3576606228953026,3.0,321.99305555555554,404,2.7106488110744555,inf,inf,inf,inf,inf,inf,inf,inf,inf,inf,inf,inf
DRO,66,21.621856216459065,2.8608215388482954,1.0000000000007763,115013.58510855786,197334.74856857056,0.6411630755863602,0.3576606228953026,7.0,321.99305555555554,1116,0.5192850455960027,inf,inf,inf,inf,inf,inf,inf,inf,inf,inf,inf,inf
DRO,79,24.019850594651082,2.8123570877957222,1.000000000001535,142296.41957551838,260827.08442003455,0.6212125938243266,0.37417476836437663,3.0,51.99305555555556,521,10.416715639744059,inf,inf,inf,inf,inf,inf,inf,inf,inf,inf,inf,inf
DRO,79,24.019850594651082,2.8123570877957222,1.000000000001535,142296.41957551838,260827.08442003455,0.6212125938243266,0.37417476836437663,7.0,51.99305555555556,1162,0.9782241767281976,inf,inf,inf,inf,inf,inf,inf,inf,inf,inf,inf,inf
DRO,79,24.019850594651082,2.8123570877957222,1.000000000001535,142296.41957551838,260827.08442003455,0.6212125938243266,0.37417476836437663,3.0,92.78472222222223,101,5.6819729635345295,inf,inf,inf,inf,inf,inf,inf,inf,inf,inf,inf,inf
DRO,79,24.019850594651082,2.8123570877957222,1.000000000001535,142296.41957551838,260827.08442003455,0.6212125938243266,0.37417476836437663,7.0,92.78472222222223,588,1.5479264308637946,inf,inf,inf,inf,inf,inf,inf,inf,inf,inf,inf,inf
DRO,79,24.019850594651082,2.8123570877957222,1.000000000001535,142296.41957551838,260827.08442003455,0.6212125938243266,0.37417476836437663,3.0,141.91666666666666,417,1.8193617446947146,inf,inf,inf,inf,inf,inf,inf,inf,inf,inf,inf,inf
DRO,79,24.019850594651082,2.8123570877957222,1.000000000001535,142296.41957551838,260827.08442003455,0.6212125938243266,0.37417476836437663,7.0,141.91666666666666,816,0.38621179088019,inf,inf,inf,inf,inf,inf,inf,inf,inf,inf,inf,inf
DRO,79,24.019850594651082,2.8123570877957222,1.000000000001535,142296.41957551838,260827.08442003455,0.6212125938243266,0.37417476836437663,3.0,181.59722222222223,74,42.77487931253789,inf,inf,inf,inf,inf,inf,inf,inf,inf,inf,inf,inf
DRO,79,24.019850594651082,2.8123570877957222,1.000000000001535,142296.41957551838,260827.08442003455,0.6212125938243266,0.37417476836437663,7.0,181.59722222222223,109,14.151951200971093,inf,inf,inf,inf,inf,inf,inf,inf,inf,inf,inf,inf
DRO,79,24.019850594651082,2.8123570877957222,1.000000000001535,142296.41957551838,260827.08442003455,0.6212125938243266,0.37417476836437663,3.0,232.0,565,9.006601783843125,inf,inf,inf,inf,inf,inf,inf,inf,inf,inf,inf,inf
DRO,79,24.019850594651082,2.8123570877957222,1.000000000001535,142296.41957551838,260827.08442003455,0.6212125938243266,0.37417476836437663,7.0,232.0,948,5.058493861648461,inf,inf,inf,inf,inf,inf,inf,inf,inf,inf,inf,inf
DRO,79,24.019850594651082,2.8123570877957222,1.000000000001535,142296.41957551838,260827.08442003455,0.6212125938243266,0.37417476836437663,3.0,264.625,255,4.251600002883543,inf,inf,inf,inf,inf,inf,inf,inf,inf,inf,inf,inf
DRO,79,24.019850594651082,2.8123570877957222,1.000000000001535,142296.41957551838,260827.08442003455,0.6212125938243266,0.37417476836437663,7.0,264.625,886,0.45757931144989716,inf,inf,inf,inf,inf,inf,inf,inf,inf,inf,inf,inf
DRO,79,24.019850594651082,2.8123570877957222,1.000000000001535,142296.41957551838,260827.08442003455,0.6212125938243266,0.37417476836437663,3.0,320.63194444444446,437,20.40540526344318,inf,inf,inf,inf,inf,inf,inf,inf,inf,inf,inf,inf
DRO,79,24.019850594651082,2.8123570877957222,1.000000000001535,142296.41957551838,260827.08442003455,0.6212125938243266,0.37417476836437663,7.0,320.63194444444446,1224,4.036799147757633,inf,inf,inf,inf,inf,inf,inf,inf,inf,inf,inf,inf
DRO,93,25.43140480964314,2.7495768362226087,1.0000000000017026,170993.096341107,324731.82571152266,0.17065649296140395,0.3620174654211297,3.0,5.722222222222222,167,11.61130944170888,inf,inf,inf,inf,inf,inf,inf,inf,inf,inf,inf,inf
DRO,93,25.43140480964314,2.7495768362226087,1.0000000000017026,170993.096341107,324731.82571152266,0.17065649296140395,0.3620174654211297,3.0,52.0,477,14.600411866994165,inf,inf,inf,inf,inf,inf,inf,inf,inf,inf,inf,inf
DRO,93,25.43140480964314,2.7495768362226087,1.0000000000017026,170993.096341107,324731.82571152266,0.17065649296140395,0.3620174654211297,7.0,52.0,755,6.003719902640774,inf,inf,inf,inf,inf,inf,inf,inf,inf,inf,inf,inf
DRO,93,25.43140480964314,2.7495768362226087,1.0000000000017026,170993.096341107,324731.82571152266,0.17065649296140395,0.3620174654211297,3.0,86.78472222222223,168,1.704361293643729,inf,inf,inf,inf,inf,inf,inf,inf,inf,inf,inf,inf
DRO,93,25.43140480964314,2.7495768362226087,1.0000000000017026,170993.096341107,324731.82571152266,0.17065649296140395,0.3620174654211297,7.0,86.78472222222223,862,0.38912161233080567,inf,inf,inf,inf,inf,inf,inf,inf,inf,inf,inf,inf
DRO,93,25.43140480964314,2.7495768362226087,1.0000000000017026,170993.096341107,324731.82571152266,0.17065649296140395,0.3620174654211297,3.0,141.91666666666666,262,14.429849545704483,inf,inf,inf,inf,inf,inf,inf,inf,inf,inf,inf,inf
DRO,93,25.43140480964314,2.7495768362226087,1.0000000000017026,170993.096341107,324731.82571152266,0.17065649296140395,0.3620174654211297,7.0,141.91666666666666,768,0.6761361972317612,inf,inf,inf,inf,inf,inf,inf,inf,inf,inf,inf,inf
DRO,93,25.43140480964314,2.7495768362226087,1.0000000000017026,170993.096341107,324731.82571152266,0.17065649296140395,0.3620174654211297,3.0,183.59722222222223,148,12.01321414122561,inf,inf,inf,inf,inf,inf,inf,inf,inf,inf,inf,inf
DRO,93,25.43140480964314,2.7495768362226087,1.0000000000017026,170993.096341107,324731.82571152266,0.17065649296140395,0.3620174654211297,7.0,183.59722222222223,503,2.746757432401809,inf,inf,inf,inf,inf,inf,inf,inf,inf,inf,inf,inf
DRO,93,25.43140480964314,2.7495768362226087,1.0000000000017026,170993.096341107,324731.82571152266,0.17065649296140395,0.3620174654211297,3.0,232.0,516,9.95579438352894,inf,inf,inf,inf,inf,inf,inf,inf,inf,inf,inf,inf
DRO,93,25.43140480964314,2.7495768362226087,1.0000000000017026,170993.096341107,324731.82571152266,0.17065649296140395,0.3620174654211297,7.0,232.0,876,4.583861810112624,inf,inf,inf,inf,inf,inf,inf,inf,inf,inf,inf,inf
DRO,93,25.43140480964314,2.7495768362226087,1.0000000000017026,170993.096341107,324731.82571152266,0.17065649296140395,0.3620174654211297,3.0,264.96527777777777,189,2.321061427374535,inf,inf,inf,inf,inf,inf,inf,inf,inf,inf,inf,inf
DRO,93,25.43140480964314,2.7495768362226087,1.0000000000017026,170993.096341107,324731.82571152266,0.17065649296140395,0.3620174654211297,7.0,264.96527777777777,884,0.42263683006091435,inf,inf,inf,inf,inf,inf,inf,inf,inf,inf,inf,inf
DRO,93,25.43140480964314,2.7495768362226087,1.0000000000017026,170993.096341107,324731.82571152266,0.17065649296140395,0.3620174654211297,3.0,321.99305555555554,199,39.569378517120114,inf,inf,inf,inf,inf,inf,inf,inf,inf,inf,inf,inf
DRO,93,25.43140480964314,2.7495768362226087,1.0000000000017026,170993.096341107,324731.82571152266,0.17065649296140395,0.3620174654211297,7.0,321.99305555555554,794,2.1040254754497534,inf,inf,inf,inf,inf,inf,inf,inf,inf,inf,inf,inf
