orbit,start_day,moon_illum,arc_d,n_meas,observable,sig_pos_max_km,sig_pos_min_km,sig_vel_max_ms,weak_los_deg
NRHO 9:2,0.0,0.37804573200953256,3.0,2,False,nan,nan,nan,nan
NRHO 9:2,0.0,0.37804573200953256,7.0,2,False,nan,nan,nan,nan
NRHO 9:2,2.0,0.2007883704273088,3.0,0,False,nan,nan,nan,nan
NRHO 9:2,2.0,0.2007883704273088,7.0,0,False,nan,nan,nan,nan
NRHO 9:2,4.0,0.07275050055370824,3.0,0,False,nan,nan,nan,nan
NRHO 9:2,4.0,0.07275050055370824,7.0,0,False,nan,nan,nan,nan
NRHO 9:2,6.0,0.007394998065385683,3.0,0,False,nan,nan,nan,nan
NRHO 9:2,6.0,0.007394998065385683,7.0,0,False,nan,nan,nan,nan
NRHO 9:2,8.0,0.012013026596608745,3.0,0,False,nan,nan,nan,nan
NRHO 9:2,8.0,0.012013026596608745,7.0,96,True,19.389536164931798,0.3407366177795287,0.10259821107655888,1.4775080628386092
NRHO 9:2,10.0,0.0867082102296382,3.0,0,False,nan,nan,nan,nan
NRHO 9:2,10.0,0.0867082102296382,7.0,295,True,2.735198033142535,0.20823179140984438,0.010255908403027916,4.878567642703396
NRHO 9:2,12.0,0.22440603393491892,3.0,96,True,19.389537128494883,0.3407366182525335,0.10259822177155972,1.4775081208754004
NRHO 9:2,12.0,0.22440603393491892,7.0,575,True,0.7387925090006596,0.15762186192977767,0.004232493787785162,14.68691911843871
NRHO 9:2,14.0,0.4111221928641952,3.0,275,True,3.6028263773435896,0.21769710705043976,0.013004880710810893,3.9546114062986564
NRHO 9:2,14.0,0.4111221928641952,7.0,724,True,1.0396023156144187,0.08267311270714868,0.002748888041961621,5.5435641702842595
NRHO 9:2,16.0,0.6238767578712962,3.0,390,True,1.8820457188229827,0.1965209672485007,0.008192215240489572,6.977642098169207
NRHO 9:2,16.0,0.6238767578712962,7.0,979,True,0.630862080154869,0.09791529511925343,0.0020421997716333247,8.235041773918375
NRHO 9:2,18.0,0.8254363359888046,3.0,320,True,3.0085809392075866,0.16350145839437794,0.0198031703718134,2.4602134740676873
NRHO 9:2,18.0,0.8254363359888046,7.0,1087,True,0.5995834414054876,0.11390459350630697,0.002449486076238286,15.10523160472332
NRHO 9:2,20.0,0.9646453803113219,3.0,582,True,2.4138467773987964,0.15958350838249932,0.009682752464196247,4.143115997126444
NRHO 9:2,20.0,0.9646453803113219,7.0,1031,True,0.6673249513255697,0.11769547840248906,0.0040105739599809315,13.19066347350898
NRHO 9:2,22.0,0.996342673210243,3.0,552,True,2.077817437528461,0.17749708657785415,0.007303239532408508,5.897148253622831
NRHO 9:2,22.0,0.996342673210243,7.0,811,True,0.8016958145646604,0.08023282005806671,0.0015940889826819855,12.80152470342232
NRHO 9:2,24.0,0.9123327538212156,3.0,267,True,3.60716762834802,0.26799205576495816,0.018488496122973264,5.139110306339791
NRHO 9:2,24.0,0.9123327538212156,7.0,471,True,1.079154779013867,0.18552300153765897,0.004825689915560681,24.203534377118256
NRHO 9:2,26.0,0.7466265221944814,3.0,173,True,6.056720528372091,0.2883807456548092,0.02579820520530945,2.9950907930652435
NRHO 9:2,26.0,0.7466265221944814,7.0,220,True,6.927195419302415,0.4636314549176678,0.21196885574236277,68.84382319939884
NRHO 9:2,28.0,0.5471858652005019,3.0,114,True,5.6050970001205,0.5418142057617588,0.018066808918815354,7.049481540048314
NRHO 9:2,28.0,0.5471858652005019,7.0,114,True,9.80738165320817,0.2432517660410733,0.02479215523675872,32.23907617598044
NRHO 9:2,30.0,0.35145099189759743,3.0,8,False,nan,nan,nan,nan
NRHO 9:2,30.0,0.35145099189759743,7.0,8,False,nan,nan,nan,nan
NRHO 9:2,32.0,0.18409752882015085,3.0,0,False,nan,nan,nan,nan
NRHO 9:2,32.0,0.18409752882015085,7.0,0,False,nan,nan,nan,nan
NRHO 9:2,34.0,0.06337150939696112,3.0,0,False,nan,nan,nan,nan
NRHO 9:2,34.0,0.06337150939696112,7.0,0,False,nan,nan,nan,nan
NRHO 9:2,36.0,0.004114992347496016,3.0,0,False,nan,nan,nan,nan
NRHO 9:2,36.0,0.004114992347496016,7.0,29,True,92.95748698667796,0.6406508527587845,0.42783505481858053,0.9666975616537786
NRHO 9:2,38.0,0.016768376349736158,3.0,0,False,nan,nan,nan,nan
NRHO 9:2,38.0,0.016768376349736158,7.0,163,True,3.5209925779837703,0.27130938131744103,0.01363435825764944,4.775676397786776
NRHO 9:2,40.0,0.10443510376394904,3.0,29,True,92.95749043443269,0.6406508519792018,0.42783551768321826,0.9666975294301993
NRHO 9:2,40.0,0.10443510376394904,7.0,238,True,2.808818917415357,0.1704863594768373,0.009336550292812022,5.027749630098364
NRHO 9:2,42.0,0.2599225183959973,3.0,163,True,3.520992583027008,0.27130938131888654,0.013634358334415638,4.775676392531541
NRHO 9:2,42.0,0.2599225183959973,7.0,556,True,0.8944247571896525,0.12133986039206794,0.002882736443879631,6.798298827001881
NRHO 9:2,44.0,0.46427643655758943,3.0,149,True,3.855112972174534,0.2466930340681163,0.025789174953389175,3.1756046196267596
NRHO 9:2,44.0,0.46427643655758943,7.0,862,True,0.7241326553030967,0.11706224730326152,0.002447712839237034,10.551474941515208
NRHO 9:2,46.0,0.6853171509167725,3.0,379,True,3.516124124224236,0.18687881129050596,0.014068369366037229,3.428045239156785
NRHO 9:2,46.0,0.6853171509167725,7.0,950,True,0.7843152145066998,0.12612869156675907,0.0082085796274517,36.69321551948948
NRHO 9:2,48.0,0.8764878198314991,3.0,565,True,2.145474032791665,0.15869030615811494,0.0072850474582026445,4.881308631206906
NRHO 9:2,48.0,0.8764878198314991,7.0,1030,True,0.6884779088075899,0.06319596433350685,0.0013127151449624974,11.582127556661762
NRHO 9:2,50.0,0.9863966435991329,3.0,384,True,5.4234217122780075,0.29128939204502335,0.05735535416351125,22.273969945376287
NRHO 9:2,50.0,0.9863966435991329,7.0,890,True,0.6556291636604152,0.11337511686894759,0.0023753994392366963,13.07231232570014
NRHO 9:2,52.0,0.9849052899096749,3.0,289,True,6.130986153517723,0.2202422735067452,0.02880556217152922,2.402672166759209
NRHO 9:2,52.0,0.9849052899096749,7.0,588,True,1.737204344417101,0.1476655112323778,0.16905118882441034,76.94218068442538
NRHO 9:2,54.0,0.8819782388795383,3.0,363,True,2.7587494668078727,0.20777312708188725,0.009188229673275119,5.145633356134461
NRHO 9:2,54.0,0.8819782388795383,7.0,455,True,1.6196388468371978,0.09262331407128603,0.003184902300242512,11.135203449058968
NRHO 9:2,56.0,0.7149214019774985,3.0,178,True,4.961712311136567,0.48624521619296984,0.48817624426385975,64.22822627893481
NRHO 9:2,56.0,0.7149214019774985,7.0,188,True,7.037461653908966,0.5627844778744563,0.011897649238464824,25.55924878879655
NRHO 9:2,58.0,0.5226503866833959,3.0,20,True,612.3167458416476,1.0340392859541088,3.688531508268203,10.561341801584826
NRHO 9:2,58.0,0.5226503866833959,7.0,20,True,3405.456174401723,2.048531752001169,34.51203299581173,61.54226760152698
NRHO 9:2,60.0,0.33434867060079787,3.0,0,False,nan,nan,nan,nan
NRHO 9:2,60.0,0.33434867060079787,7.0,0,False,nan,nan,nan,nan
NRHO 9:2,62.0,0.17194359511808882,3.0,0,False,nan,nan,nan,nan
NRHO 9:2,62.0,0.17194359511808882,7.0,0,False,nan,nan,nan,nan
NRHO 9:2,64.0,0.05489419460500644,3.0,0,False,nan,nan,nan,nan
NRHO 9:2,64.0,0.05489419460500644,7.0,0,False,nan,nan,nan,nan
NRHO 9:2,66.0,0.0018950240183716605,3.0,0,False,nan,nan,nan,nan
NRHO 9:2,66.0,0.0018950240183716605,7.0,20,False,nan,nan,nan,nan
NRHO 9:2,68.0,0.027896980918357628,3.0,0,False,nan,nan,nan,nan
NRHO 9:2,68.0,0.027896980918357628,7.0,191,True,5.8104374019613365,0.253996690973433,0.023825334146541404,2.9766249189341543
NRHO 9:2,70.0,0.13696100478493556,3.0,20,True,1537.0750494515412,0.8567889476669681,15.147099015288775,0.9146672157693057
NRHO 9:2,70.0,0.13696100478493556,7.0,441,True,1.4435042757969798,0.17326710062415854,0.005310423978501771,8.078985844785608
NRHO 9:2,72.0,0.3164009107513692,3.0,191,True,5.810437396384453,0.2539966909929851,0.023825334077299715,2.976624920357574
NRHO 9:2,72.0,0.3164009107513692,7.0,610,True,1.0109212611681393,0.15600573051889371,0.022577991244533423,51.086331241487
NRHO 9:2,74.0,0.5367763548429797,3.0,347,True,2.990369708854156,0.1989668258612654,0.009939281467291864,4.641493933842629
NRHO 9:2,74.0,0.5367763548429797,7.0,857,True,0.743144294763363,0.06286825788383445,0.001397769040203836,10.3949386417031
NRHO 9:2,76.0,0.7551796421585458,3.0,305,True,4.183945001186928,0.36014698614419777,0.0974570586967979,32.088376950972
NRHO 9:2,76.0,0.7551796421585458,7.0,985,True,0.6390555537046532,0.10419374018067207,0.0022052188980347647,11.395719274133166
NRHO 9:2,78.0,0.9218673328608905,3.0,357,True,3.5144366131562323,0.19247161788467138,0.010043026559413352,2.789091498552904
NRHO 9:2,78.0,0.9218673328608905,7.0,931,True,0.5316342373933867,0.1321954468678081,0.008919955798040875,42.383228661959066
NRHO 9:2,80.0,0.9967401753423297,3.0,533,True,2.445247240062406,0.16961101134226717,0.008618777195377639,5.019611815756209
NRHO 9:2,80.0,0.9967401753423297,7.0,829,True,0.9407528221700554,0.07345501161196243,0.0020083924125624143,8.255910716854563
NRHO 9:2,82.0,0.9685714974220043,3.0,398,True,1.64876021998706,0.28169406362365923,0.021426985205598364,19.522277638337172
NRHO 9:2,82.0,0.9685714974220043,7.0,525,True,0.8414939898989016,0.1521478200260315,0.0030157205148903465,12.383770974483037
NRHO 9:2,84.0,0.8562187937600535,3.0,148,True,6.889727236256368,0.24656175051729798,0.03946613935141373,3.776959910054121
NRHO 9:2,84.0,0.8562187937600535,7.0,230,True,1.8875893072468615,0.28202893671775203,0.012767051083428292,35.340670581620444
NRHO 9:2,86.0,0.6916324076144439,3.0,125,True,5.17346033539895,0.38196785559678315,0.017957808995727957,4.571061729042702
NRHO 9:2,86.0,0.6916324076144439,7.0,141,True,4.4792279101519,0.41093551174428894,0.02347440705171228,35.0458823690043
NRHO 9:2,88.0,0.5047341652717422,3.0,42,True,12.764471726937353,1.1628848743213296,0.05080663007996548,10.964511504265975
NRHO 9:2,88.0,0.5047341652717422,7.0,42,True,22.140950034819262,0.5265433901605723,0.03698571492258243,42.802936824910795
NRHO 9:2,90.0,0.31974074428691635,3.0,1,False,nan,nan,nan,nan
NRHO 9:2,90.0,0.31974074428691635,7.0,1,False,nan,nan,nan,nan
NRHO 9:2,92.0,0.1583555202371299,3.0,0,False,nan,nan,nan,nan
NRHO 9:2,92.0,0.1583555202371299,7.0,0,False,nan,nan,nan,nan
NRHO 9:2,94.0,0.043883971596802185,3.0,0,False,nan,nan,nan,nan
NRHO 9:2,94.0,0.043883971596802185,7.0,0,False,nan,nan,nan,nan
NRHO 9:2,96.0,0.0014210074193025668,3.0,0,False,nan,nan,nan,nan
NRHO 9:2,96.0,0.0014210074193025668,7.0,101,True,12.807810189322561,0.33006699703529807,0.04110415244719179,1.9462804250230126
NRHO 9:2,98.0,0.04970715005161691,3.0,0,False,nan,nan,nan,nan
NRHO 9:2,98.0,0.04970715005161691,7.0,207,True,3.9221232575841887,0.02571721573141965,1.0882604451459617,89.87781205776272
NRHO 9:2,100.0,0.18831973433945037,3.0,101,True,12.807810320945588,0.33006699703485803,0.041104153116206306,1.9462804136334089
NRHO 9:2,100.0,0.18831973433945037,7.0,393,True,1.1170200728980946,0.1300331122645203,0.0026915732921251765,8.700216496702497
NRHO 9:2,102.0,0.3923612244388024,3.0,174,True,5.363435617702323,0.0499080676845053,1.5107706081644428,89.75778718964796
NRHO 9:2,102.0,0.3923612244388024,7.0,675,True,0.8145559896848089,0.11869944462108706,0.0026349155519045445,9.019351040557437
NRHO 9:2,104.0,0.6193019106249203,3.0,209,True,4.617417391077393,0.21419931243436546,0.016897805218352126,3.107723198512988
NRHO 9:2,104.0,0.6193019106249203,7.0,864,True,0.5204848720407723,0.1235788431947558,0.00403733788601677,21.875732636114414
NRHO 9:2,106.0,0.8207733632304991,3.0,456,True,2.6070994008403243,0.17426657269105708,0.009490487673301948,4.60762023701971
NRHO 9:2,106.0,0.8207733632304991,7.0,898,True,0.911989641547356,0.07632920696900858,0.002232110048521258,6.388116597890242
NRHO 9:2,108.0,0.9548122768364844,3.0,504,True,1.6020327950745403,0.18942785018167893,0.008923500787539224,9.911123074755334
NRHO 9:2,108.0,0.9548122768364844,7.0,775,True,0.6698631569209407,0.11192307384495497,0.0022197499865606422,10.135830093104696
NRHO 9:2,110.0,0.9981852303462153,3.0,268,True,4.245241730637495,0.18644142068363773,0.02803624440285261,2.978437477945703
NRHO 9:2,110.0,0.9981852303462153,7.0,551,True,0.8573150334827123,0.14678704358812575,0.003915332370456458,17.85673386806083
NRHO 9:2,112.0,0.9519834296557228,3.0,271,True,3.6954321046319096,0.2523048541343709,0.013691640463440504,5.019467102483391
NRHO 9:2,112.0,0.9519834296557228,7.0,396,True,1.2335409950593836,0.19753014719422382,0.006441659364963552,11.635613902296216
NRHO 9:2,114.0,0.835030268197668,3.0,189,True,3.7494674458885755,0.3041183837935301,0.011430225336541899,5.97072421724721
NRHO 9:2,114.0,0.835030268197668,7.0,204,True,3.3706751881864956,0.17111289497256138,0.005838718495983506,16.598473604009
NRHO 9:2,116.0,0.6720668293098465,3.0,63,True,18.801773083429634,0.655633617059663,0.07706197871655328,5.553637177549791
NRHO 9:2,116.0,0.6720668293098465,7.0,67,True,14.206570009597034,0.8282182869127992,0.07454716496548344,41.76461790444394
NRHO 9:2,118.0,0.4865323994656629,3.0,10,True,749.3110357598407,2.312229818739944,3.6622093966394287,9.965888680857168
NRHO 9:2,118.0,0.4865323994656629,7.0,10,True,4476.971303869163,4.438427990967494,82.62912699594868,68.3053656277879
NRHO 9:2,120.0,0.30022908743186255,3.0,0,False,nan,nan,nan,nan
NRHO 9:2,120.0,0.30022908743186255,7.0,0,False,nan,nan,nan,nan
NRHO 9:2,122.0,0.13737092541159995,3.0,0,False,nan,nan,nan,nan
NRHO 9:2,122.0,0.13737092541159995,7.0,0,False,nan,nan,nan,nan
NRHO 9:2,124.0,0.028446762238983847,3.0,0,False,nan,nan,nan,nan
NRHO 9:2,124.0,0.028446762238983847,7.0,0,False,nan,nan,nan,nan
NRHO 9:2,126.0,0.005752991860187184,3.0,0,False,nan,nan,nan,nan
NRHO 9:2,126.0,0.005752991860187184,7.0,91,True,20.27061413863549,0.39072284268876334,0.10397816455691014,1.658851861800161
NRHO 9:2,128.0,0.08677468094203039,3.0,0,False,nan,nan,nan,nan
NRHO 9:2,128.0,0.08677468094203039,7.0,277,True,2.9740303677977966,0.22243273214512502,0.011382721939501884,5.301291704293797
NRHO 9:2,130.0,0.2582071718939486,3.0,91,True,20.270615482823096,0.3907228436725104,0.10397817936841444,1.6588518921721453
NRHO 9:2,130.0,0.2582071718939486,7.0,517,True,0.8382942615811023,0.17024522867321612,0.0043059878732429726,14.518957977624476
NRHO 9:2,132.0,0.47873666480732685,3.0,262,True,3.5877490021047005,0.22998318126647324,0.013416100018468095,4.647948769731169
NRHO 9:2,132.0,0.47873666480732685,7.0,618,True,1.0745469313418357,0.09828321161194711,0.003197544707435286,4.048773856772888
NRHO 9:2,134.0,0.6979835413629789,3.0,339,True,2.228436584745503,0.20972647446629397,0.008875770929738404,7.106623247413159
NRHO 9:2,134.0,0.6979835413629789,7.0,712,True,0.6935847915739312,0.10683029251473788,0.002152046529115182,8.791534135157805
NRHO 9:2,136.0,0.8730559181855757,3.0,245,True,3.2877918882350947,0.19025270553415963,0.022623698168387368,3.0654796156653776
NRHO 9:2,136.0,0.8730559181855757,7.0,719,True,0.7239336884469558,0.1210598431868676,0.0028551894983594606,14.691642558773927
NRHO 9:2,138.0,0.9757924284384508,3.0,360,True,3.3231174503127145,0.21069836480032364,0.013320660720696847,5.214269416949817
NRHO 9:2,138.0,0.9757924284384508,7.0,656,True,0.8453326613185169,0.1428543155277012,0.006918887689006129,31.234900887437067
NRHO 9:2,140.0,0.9953478220710825,3.0,335,True,2.811628262568083,0.21967750220215454,0.008460719001864365,5.921071382717612
NRHO 9:2,140.0,0.9953478220710825,7.0,532,True,0.9379973075167628,0.08835993894344008,0.0018062127972501606,12.069721696520118
NRHO 9:2,142.0,0.9368648731959088,3.0,189,True,7.8705997881736165,0.35695349649620767,0.06303804886965936,17.721431040739354
NRHO 9:2,142.0,0.9368648731959088,7.0,372,True,1.0239947185451603,0.18837622118639374,0.00404678853144694,17.174176245300977
NRHO 9:2,144.0,0.8155736685198697,3.0,118,True,10.23622354068509,0.3638673127366289,0.04522078264168627,2.330601444955887
NRHO 9:2,144.0,0.8155736685198697,7.0,190,True,5.129184194571087,0.27444520358820634,0.4632177439503028,78.70277713918924
NRHO 9:2,146.0,0.6502956610594088,3.0,116,True,5.75270195071256,0.39544377691482785,0.019148442949583795,4.437682363098491
NRHO 9:2,146.0,0.6502956610594088,7.0,123,True,5.026759797226659,0.22144424153900913,0.011895050865552642,33.71864547794309
NRHO 9:2,148.0,0.4606281564535869,3.0,35,True,24.349454763661708,1.2972361567594228,2.3525644217212087,63.285740397340064
NRHO 9:2,148.0,0.4606281564535869,7.0,35,True,41.67796567322433,2.5087163645275345,0.0578499889028556,37.371489714934626
NRHO 9:2,150.0,0.2689809666414978,3.0,0,False,nan,nan,nan,nan
NRHO 9:2,150.0,0.2689809666414978,7.0,0,False,nan,nan,nan,nan
NRHO 9:2,152.0,0.10590837982136636,3.0,0,False,nan,nan,nan,nan
NRHO 9:2,152.0,0.10590837982136636,7.0,0,False,nan,nan,nan,nan
NRHO 9:2,154.0,0.011375400091709231,3.0,0,False,nan,nan,nan,nan
NRHO 9:2,154.0,0.011375400091709231,7.0,32,True,59.03740275854273,0.8311324952985502,0.5501313998657053,1.1318832293557213
NRHO 9:2,156.0,0.021051233859922913,3.0,0,False,nan,nan,nan,nan
NRHO 9:2,156.0,0.021051233859922913,7.0,144,True,3.9168864980501064,0.30066817907408816,0.014216030454603672,5.861037639802575
NRHO 9:2,158.0,0.14126017595999263,3.0,32,True,59.03740647766956,0.8311324932847678,0.5501322012694554,1.1318834432056046
NRHO 9:2,158.0,0.14126017595999263,7.0,195,True,2.563447652979866,0.2154381119774544,0.009824615189640201,4.392997051192387
NRHO 9:2,160.0,0.338954880080059,3.0,144,True,3.916886502755329,0.30066817907655696,0.014216030506347434,5.861037636386992
NRHO 9:2,160.0,0.338954880080059,7.0,418,True,0.9001565562754169,0.12783859068346493,0.0027143432655580965,6.608502514727963
NRHO 9:2,162.0,0.5614877914801869,3.0,115,True,3.389482568073554,0.35163692555874226,0.021377682697482886,5.120288276623818
NRHO 9:2,162.0,0.5614877914801869,7.0,568,True,0.8970834755778387,0.12949999257753786,0.003042399613963196,11.20580607328324
NRHO 9:2,164.0,0.762440219878511,3.0,245,True,4.985494958410325,0.22255236861294383,0.01995668098846376,3.2786606362095063
NRHO 9:2,164.0,0.762440219878511,7.0,617,True,0.9561006203374472,0.15742339898872873,0.013582219542770188,39.325473669247195
NRHO 9:2,166.0,0.9106191387150842,3.0,347,True,3.043414782274542,0.2103971508442804,0.009352739825614074,5.392859767508059
NRHO 9:2,166.0,0.9106191387150842,7.0,702,True,0.8436098444214405,0.06917041786580365,0.001542574525229017,10.977869407985468
NRHO 9:2,168.0,0.9885254269102031,3.0,266,True,5.838674007493206,0.36052824420997237,0.0835024855264965,22.70084159009126
NRHO 9:2,168.0,0.9885254269102031,7.0,663,True,0.7754430159967435,0.12576123590905502,0.0027856397644140146,13.419218230659107
NRHO 9:2,170.0,0.9906946661894735,3.0,213,True,8.892713827152152,0.2725537264616855,0.04547650372354386,2.4174490451244592
NRHO 9:2,170.0,0.9906946661894735,7.0,502,True,1.1029778332022624,0.2093426920023837,0.03397872242778455,57.391409086893994
NRHO 9:2,172.0,0.9217701058419269,3.0,294,True,3.3868197016469597,0.23587742355585448,0.011588216282826684,4.822242595326628
NRHO 9:2,172.0,0.9217701058419269,7.0,421,True,1.5446075369524743,0.10465627472397594,0.0031457913301707378,9.660770296948785
NRHO 9:2,174.0,0.793049147812861,3.0,192,True,3.158529476517439,0.5289423191227857,0.08511045965936806,34.40546835901155
NRHO 9:2,174.0,0.793049147812861,7.0,214,True,2.7152488665590413,0.419689772760927,0.006842845567070883,21.73706656092188
NRHO 9:2,176.0,0.6196501939013835,3.0,47,True,9.898410657640555,0.5375784217685307,0.050538091651951146,4.250570938297809
NRHO 9:2,176.0,0.6196501939013835,7.0,47,True,44.703059744150664,1.187478649836394,0.39115932858777797,57.44772238033057
NRHO 9:2,178.0,0.4205956524829108,3.0,15,True,163.61416403964708,4.830401103052751,0.7918951750180918,21.320340362444227
NRHO 9:2,178.0,0.4205956524829108,7.0,15,True,508.1114396162058,5.421371635898813,3.0050659754410893,53.52235420261667
NRHO 9:2,180.0,0.2230050965316448,3.0,0,False,nan,nan,nan,nan
NRHO 9:2,180.0,0.2230050965316448,7.0,0,False,nan,nan,nan,nan
NRHO 9:2,182.0,0.06723214871794103,3.0,0,False,nan,nan,nan,nan
NRHO 9:2,182.0,0.06723214871794103,7.0,0,False,nan,nan,nan,nan
NRHO 9:2,184.0,0.0008347380219567713,3.0,0,False,nan,nan,nan,nan
NRHO 9:2,184.0,0.0008347380219567713,7.0,8,False,nan,nan,nan,nan
NRHO 9:2,186.0,0.05260620741890687,3.0,0,False,nan,nan,nan,nan
NRHO 9:2,186.0,0.05260620741890687,7.0,112,True,6.328995787921233,0.3268145091394327,0.014545345982555274,3.0583609404947416
NRHO 9:2,188.0,0.20761718483278457,3.0,8,False,nan,nan,nan,nan
NRHO 9:2,188.0,0.20761718483278457,7.0,262,True,1.8142302528772465,0.20487259833845514,0.005241330644509378,8.006826682425615
NRHO 9:2,190.0,0.4168498055133633,3.0,104,True,13.032295797271992,0.3670340116422338,0.052498961799607446,2.968281521955071
NRHO 9:2,190.0,0.4168498055133633,7.0,364,True,1.5917688799081484,0.1813290686808544,0.07245010864858147,64.21982859053718
NRHO 9:2,192.0,0.6294273375244753,3.0,206,True,3.9878709614095276,0.246212859493301,0.012058893587610928,4.661134774270178
NRHO 9:2,192.0,0.6294273375244753,7.0,560,True,0.9108004673204116,0.072131779314435,0.0017214081058051977,9.41663753367053
NRHO 9:2,194.0,0.8098210155350691,3.0,193,True,6.036596087085171,0.464308295310679,0.2917035246448118,49.91245271671276
NRHO 9:2,194.0,0.8098210155350691,7.0,743,True,0.742840068616403,0.11009747832123666,0.002534400126845308,11.211435871354448
NRHO 9:2,196.0,0.9361603462137678,3.0,252,True,3.8294486157057217,0.20541112434962921,0.013167988288531265,3.3035423123644647
NRHO 9:2,196.0,0.9361603462137678,7.0,811,True,0.5406683804100105,0.14099955818282456,0.006007235369222041,30.482710034309015
NRHO 9:2,198.0,0.9958187728810944,3.0,466,True,2.6597070336995516,0.1855165195434633,0.009311661092502492,5.053915394282279
NRHO 9:2,198.0,0.9958187728810944,7.0,816,True,0.9247860593211653,0.07626076606003993,0.002074452715136572,7.532220758202159
NRHO 9:2,200.0,0.9840246588155496,3.0,403,True,1.7116926203212162,0.24407928419169264,0.013415028017648834,13.117988556410701
NRHO 9:2,200.0,0.9840246588155496,7.0,656,True,0.7372883508527404,0.13556805340814865,0.0025066484935018464,10.710523720286927
NRHO 9:2,202.0,0.9031481488325839,3.0,209,True,4.905807440523069,0.22867831803403438,0.029064172726903863,3.047657412344664
NRHO 9:2,202.0,0.9031481488325839,7.0,439,True,1.1265895603532072,0.20645238999981513,0.006358356725401878,26.968374896895345
NRHO 9:2,204.0,0.7617803652380404,3.0,253,True,3.347826063727327,0.255732009024699,0.013230330211481378,4.660800684639912
NRHO 9:2,204.0,0.7617803652380404,7.0,327,True,2.620091632265291,0.27232619907105465,0.014907604024659533,37.464542772444254
NRHO 9:2,206.0,0.5745030758480485,3.0,145,True,5.142789935517505,0.4878422805997028,0.019134757769034012,10.392200640571883
NRHO 9:2,206.0,0.5745030758480485,7.0,145,True,8.779821858978988,0.21419501012134118,0.014193101368753357,36.192141458020046
NRHO 9:2,208.0,0.3639511102736108,3.0,18,True,145.32741876888176,2.6034671940480036,0.684885510293465,22.90361818510572
NRHO 9:2,208.0,0.3639511102736108,7.0,18,True,218.9378429972402,7.724733275818588,0.8368003093821763,44.39662369509094
NRHO 9:2,210.0,0.1660699534890553,3.0,0,False,nan,nan,nan,nan
NRHO 9:2,210.0,0.1660699534890553,7.0,0,False,nan,nan,nan,nan
NRHO 9:2,212.0,0.03113927377152298,3.0,0,False,nan,nan,nan,nan
NRHO 9:2,212.0,0.03113927377152298,7.0,11,False,nan,nan,nan,nan
NRHO 9:2,214.0,0.005196259856803942,3.0,0,False,nan,nan,nan,nan
NRHO 9:2,214.0,0.005196259856803942,7.0,65,True,9.37121596787925,0.46153857560860023,0.031228989926556105,5.515331168382001
NRHO 9:2,216.0,0.09747689556352584,3.0,11,False,nan,nan,nan,nan
NRHO 9:2,216.0,0.09747689556352584,7.0,142,True,1.6323386052663884,0.30762734136724046,0.07726882817349162,52.50431687454303
NRHO 9:2,218.0,0.27281307086612394,3.0,65,True,9.371215985774015,0.46153857566177614,0.031228990011477543,5.515331164515184
NRHO 9:2,218.0,0.27281307086612394,7.0,275,True,1.279299752079381,0.1067818549348578,0.0025187582671715317,7.796379252920291
NRHO 9:2,220.0,0.48006557288092117,3.0,108,True,3.053134006750759,0.5379035905602384,0.13883495431399787,39.4087726239958
NRHO 9:2,220.0,0.48006557288092117,7.0,526,True,0.9379362785215817,0.11864861373788729,0.002980473068730269,8.27184814745481
NRHO 9:2,222.0,0.6785520201705064,3.0,164,True,6.432034645970037,0.19860536443519025,0.023504416395573872,2.583953901255714
NRHO 9:2,222.0,0.6785520201705064,7.0,811,True,0.5521510445112419,0.11581133941941271,0.0033285005842441325,17.020146760128792
NRHO 9:2,224.0,0.8420247549295681,3.0,402,True,2.9281977065058116,0.18660419929336622,0.010249394913279027,4.575801631509379
NRHO 9:2,224.0,0.8420247549295681,7.0,902,True,0.8973135866998188,0.07787407226681756,0.002367351136818613,5.380115119218216
NRHO 9:2,226.0,0.9529283954239258,3.0,516,True,1.6383236680026327,0.17379501059198185,0.006680123626454395,7.5751642736832325
NRHO 9:2,226.0,0.9529283954239258,7.0,939,True,0.625405294383183,0.10887160380703326,0.0019324788057091685,9.480615940331003
NRHO 9:2,228.0,0.9990653369991307,3.0,329,True,3.100452377596662,0.19005311873653624,0.020359183640272182,2.659984508091357
NRHO 9:2,228.0,0.9990653369991307,7.0,851,True,0.672411826149058,0.12689793906075497,0.002813011571945841,15.768598135116148
NRHO 9:2,230.0,0.973658935370646,3.0,417,True,2.941079014118028,0.19632505452461185,0.01201471778018813,4.447353417319862
NRHO 9:2,230.0,0.973658935370646,7.0,715,True,0.8213554583127486,0.14490488167748833,0.005031931905735215,15.357541049331846
NRHO 9:2,232.0,0.87680822822877,3.0,374,True,2.4991713031235006,0.21432662676617245,0.008650795641952263,5.789761942644259
NRHO 9:2,232.0,0.87680822822877,7.0,456,True,1.9192154350472286,0.10364894578517579,0.0034022564323574127,17.219778751578456
NRHO 9:2,234.0,0.7170726382337808,3.0,172,True,5.111951679905157,0.344959163905487,0.02559244833968687,5.294231030360556
NRHO 9:2,234.0,0.7170726382337808,7.0,193,True,5.330189507398594,0.4507752468634604,0.027292109715596504,40.72016651789293
NRHO 9:2,236.0,0.5127081786278377,3.0,30,True,63.57654104904169,2.0488221710280317,0.30061276161907297,10.320628955960837
NRHO 9:2,236.0,0.5127081786278377,7.0,30,True,471.84480037119954,3.490730784589651,14.084620266089308,74.11695358920909
NRHO 9:2,238.0,0.2944250603514018,3.0,0,False,nan,nan,nan,nan
NRHO 9:2,238.0,0.2944250603514018,7.0,0,False,nan,nan,nan,nan
NRHO 9:2,240.0,0.1086141653337303,3.0,0,False,nan,nan,nan,nan
NRHO 9:2,240.0,0.1086141653337303,7.0,0,False,nan,nan,nan,nan
NRHO 9:2,242.0,0.008327100944112154,3.0,0,False,nan,nan,nan,nan
NRHO 9:2,242.0,0.008327100944112154,7.0,12,False,nan,nan,nan,nan
NRHO 9:2,244.0,0.02439343571774738,3.0,0,False,nan,nan,nan,nan
NRHO 9:2,244.0,0.02439343571774738,7.0,66,True,11.238013346281866,0.29914161809752504,0.05495017818606653,3.3835400361890873
NRHO 9:2,246.0,0.14398030411622498,3.0,12,False,nan,nan,nan,nan
NRHO 9:2,246.0,0.14398030411622498,7.0,232,True,2.8620478426486304,0.20017673551088494,0.006798667616673014,4.750306641915175
NRHO 9:2,248.0,0.32475672894873925,3.0,66,True,11.238013868385405,0.2991416182478521,0.054950182910474044,3.3835401754610412
NRHO 9:2,248.0,0.32475672894873925,7.0,486,True,0.8522552564221902,0.14397526313790723,0.0037235187103203554,12.909408243494939
NRHO 9:2,250.0,0.5237678748599126,3.0,220,True,3.822859968677506,0.23492316729150578,0.013317188958148067,4.366012935496443
NRHO 9:2,250.0,0.5237678748599126,7.0,591,True,1.0289269285975577,0.1061477283607049,0.003459805647994423,2.363002073871216
NRHO 9:2,252.0,0.710293880041411,3.0,349,True,2.445400690910261,0.20077601381448323,0.008435704276981324,6.225979302564127
NRHO 9:2,252.0,0.710293880041411,7.0,868,True,0.6513331139175648,0.10181665995637301,0.001911969872756076,7.898702241239126
NRHO 9:2,254.0,0.862918993223363,3.0,258,True,3.0147004052085675,0.21302050688437416,0.017865826694711085,3.9061814621771602
NRHO 9:2,254.0,0.862918993223363,7.0,1018,True,0.6338697837487145,0.11239205951840066,0.0023036935197872153,12.623579892815338
NRHO 9:2,256.0,0.9641746360666748,3.0,497,True,2.9566065637372136,0.17069820029348584,0.012457681889539364,3.756687236360366
NRHO 9:2,256.0,0.9641746360666748,7.0,991,True,0.7831794969974608,0.13095921149616038,0.00822033170708098,39.29972882289395
NRHO 9:2,258.0,0.999069502386106,3.0,557,True,2.1874598007357595,0.17038113453708487,0.007526960283826071,5.191731223718012
NRHO 9:2,258.0,0.999069502386106,7.0,888,True,0.7798098031210352,0.06328791818681817,0.0014726905654318023,12.013844889719083
NRHO 9:2,260.0,0.9575749684947479,3.0,310,True,5.596274423842998,0.3162363458206736,0.058417459172493906,21.269639948978938
NRHO 9:2,260.0,0.9575749684947479,7.0,639,True,0.7916487224249663,0.14184688666333062,0.00302736431256007,15.579211346045906
NRHO 9:2,262.0,0.8392883680612382,3.0,195,True,7.05240617373396,0.2745323711982494,0.03219394002547392,2.0382400597584547
NRHO 9:2,262.0,0.8392883680612382,7.0,344,True,4.787312607507755,0.20748983206978144,0.5022282140886956,79.57929326671365
NRHO 9:2,264.0,0.6569507495520097,3.0,231,True,3.5458347266221875,0.28300838731090416,0.011986599540890465,4.911624207861902
NRHO 9:2,264.0,0.6569507495520097,7.0,246,True,4.431798766775377,0.18639035883324337,0.012169315159153557,32.978321419476735
NRHO 9:2,266.0,0.437425362266624,3.0,71,True,21.63557252535007,1.0817119348980146,2.290660942068426,70.92651711972944
NRHO 9:2,266.0,0.437425362266624,7.0,71,True,27.325141578939263,1.265213009718411,0.03782558630854014,40.33047679061869
NRHO 9:2,268.0,0.2221069073116682,3.0,0,False,nan,nan,nan,nan
NRHO 9:2,268.0,0.2221069073116682,7.0,0,False,nan,nan,nan,nan
NRHO 9:2,270.0,0.06255186622613151,3.0,0,False,nan,nan,nan,nan
NRHO 9:2,270.0,0.06255186622613151,7.0,0,False,nan,nan,nan,nan
NRHO 9:2,272.0,0.0015006474185598195,3.0,0,False,nan,nan,nan,nan
NRHO 9:2,272.0,0.0015006474185598195,7.0,41,True,34.49661472070682,0.639785559822123,0.13800171024044905,2.986018999338962
NRHO 9:2,274.0,0.049014619301319895,3.0,0,False,nan,nan,nan,nan
NRHO 9:2,274.0,0.049014619301319895,7.0,166,True,2.5760040058776155,0.25897833706384443,0.00851300300574508,7.177020272812392
NRHO 9:2,276.0,0.18066094003452732,3.0,41,True,34.49661423054512,0.6397855597733502,0.1380017203888294,2.9860190404108353
NRHO 9:2,276.0,0.18066094003452732,7.0,235,True,1.8491888971352457,0.1911675089592121,0.008434664349478992,1.7793527934059798
NRHO 9:2,278.0,0.35847595377520663,3.0,152,True,4.13107109752084,0.2781891999991758,0.012637435197477755,5.249041933957259
NRHO 9:2,278.0,0.35847595377520663,7.0,538,True,0.849039061603555,0.12114537149642497,0.0024207218568247915,6.5307724510014
NRHO 9:2,280.0,0.5495332067412931,3.0,145,True,3.8051215813146673,0.2919506914776075,0.01807502858149755,4.743057334229488
NRHO 9:2,280.0,0.5495332067412931,7.0,851,True,0.7428459979722238,0.11474512817486451,0.002396301111574806,9.848412215102773
NRHO 9:2,282.0,0.7294495008298794,3.0,341,True,4.688861810959562,0.20086696638392856,0.02003841020131532,3.0250422452943284
NRHO 9:2,282.0,0.7294495008298794,7.0,964,True,0.839102210676367,0.12916389013461393,0.018388250360158735,51.70250338931547
NRHO 9:2,284.0,0.8776142894276,3.0,558,True,2.3231159780963684,0.16071881199679866,0.007956846464862955,4.721868622312866
NRHO 9:2,284.0,0.8776142894276,7.0,1087,True,0.7248292789518889,0.053690008779190244,0.0013410495463228357,11.041458933064085
NRHO 9:2,286.0,0.9732401723544046,3.0,438,True,3.66977189661658,0.3071921419817445,0.08369353590816861,31.705555754895055
NRHO 9:2,286.0,0.9732401723544046,7.0,999,True,0.6368811588291006,0.10677519713486279,0.002303514938069017,13.148700414284258
NRHO 9:2,288.0,0.996221590592206,3.0,311,True,3.9089433605130246,0.20320312720770953,0.010387904744427358,2.3271447504934057
NRHO 9:2,288.0,0.996221590592206,7.0,737,True,0.687929606318403,0.1586130466119935,0.011981340411425167,45.802136264833315
NRHO 9:2,290.0,0.933667700970233,3.0,429,True,2.6724830842406853,0.19813194914967158,0.009345557191567804,4.697903493199002
NRHO 9:2,290.0,0.933667700970233,7.0,602,True,1.2562159473378276,0.09585613541373508,0.0027044416283116776,10.000079808649222
NRHO 9:2,292.0,0.7885783626800744,3.0,285,True,2.3012034641729127,0.37152047338187144,0.030961483761926863,21.78276403327603
NRHO 9:2,292.0,0.7885783626800744,7.0,298,True,3.4191032933200076,0.3898972923259285,0.006378135829210527,23.800005402448278
NRHO 9:2,294.0,0.5836280059634709,3.0,65,True,12.249351841716075,0.7128976250375264,0.07601326648520088,6.334349199421556
NRHO 9:2,294.0,0.5836280059634709,7.0,65,True,60.98455682693096,1.122840006561462,0.47701681425245707,56.03999291259686
NRHO 9:2,296.0,0.357826013749894,3.0,8,True,2072.7845131401227,10.107995768032959,10.128912359607225,22.790373781671224
NRHO 9:2,296.0,0.357826013749894,7.0,8,True,6849.462687421881,12.12579775532748,43.873201220095154,54.8487078570262
NRHO 9:2,298.0,0.15922817359359936,3.0,0,False,nan,nan,nan,nan
NRHO 9:2,298.0,0.15922817359359936,7.0,0,False,nan,nan,nan,nan
NRHO 9:2,300.0,0.03291826547792176,3.0,0,False,nan,nan,nan,nan
NRHO 9:2,300.0,0.03291826547792176,7.0,0,False,nan,nan,nan,nan
NRHO 9:2,302.0,0.00421443321910242,3.0,0,False,nan,nan,nan,nan
NRHO 9:2,302.0,0.00421443321910242,7.0,7,False,nan,nan,nan,nan
NRHO 9:2,304.0,0.06928181126121746,3.0,0,False,nan,nan,nan,nan
NRHO 9:2,304.0,0.06928181126121746,7.0,194,True,4.183449590689931,0.2373023593224235,0.010600298509444227,2.9736630949762803
NRHO 9:2,306.0,0.20323208264559567,3.0,7,False,nan,nan,nan,nan
NRHO 9:2,306.0,0.20323208264559567,7.0,447,True,1.3694440665501342,0.1709074274448989,0.0040524520791385505,7.718786936884938
NRHO 9:2,308.0,0.37642259260589067,3.0,187,True,8.295217623369155,0.26294079566962436,0.03666091556879174,2.5210292834569232
NRHO 9:2,308.0,0.37642259260589067,7.0,630,True,1.9307857202005554,0.016410739080668757,0.5105724693468024,88.41982513595849
NRHO 9:2,310.0,0.5636187436556063,3.0,356,True,3.1992022925178114,0.19729840626001288,0.010826380704922577,4.386535815939629
NRHO 9:2,310.0,0.5636187436556063,7.0,843,True,0.8262393477798182,0.05940556195138177,0.0015794701438738696,9.370668260745594
NRHO 9:2,312.0,0.743073423250122,3.0,327,True,4.361054986341527,0.044194311298093425,1.1889269031770948,88.116100113476
NRHO 9:2,312.0,0.743073423250122,7.0,1033,True,0.6373588360185884,0.097226931975039,0.0021355458197478737,10.10827948747445
NRHO 9:2,314.0,0.8917513881200332,3.0,336,True,3.312921758015169,0.16247972320615595,0.012240855839169645,2.8982265786896324
NRHO 9:2,314.0,0.8917513881200332,7.0,1060,True,0.4834790545511266,0.12119973909679777,0.004029513833531309,25.582240406961766
NRHO 9:2,316.0,0.9827044270401446,3.0,628,True,2.1762696394682597,0.15714368982677634,0.007883102871170672,4.481651541619628
NRHO 9:2,316.0,0.9827044270401446,7.0,1028,True,0.8464390231106739,0.07760355803765648,0.0020764621209426975,6.0986821018519795
NRHO 9:2,318.0,0.9895453292092574,3.0,512,True,1.5957678477187067,0.20644174788544994,0.008914932480312478,10.120089262487781
NRHO 9:2,318.0,0.9895453292092574,7.0,756,True,0.7174708891994164,0.1319438082241465,0.002229923993544348,10.885865124952687
NRHO 9:2,320.0,0.899422236676011,3.0,224,True,3.917761356520217,0.23129827504006892,0.024867383519664395,2.2758500438956104
NRHO 9:2,320.0,0.899422236676011,7.0,426,True,1.564559666685146,0.22737726558453275,0.008846063953788827,31.437913192532786
NRHO 9:2,322.0,0.7254008754122315,3.0,244,True,3.6046161440792814,0.2616204723037247,0.014271369297207688,4.104901647605718
NRHO 9:2,322.0,0.7254008754122315,7.0,287,True,4.705402912489398,0.384232586849327,0.03218566175726248,42.90623244649733
NRHO 9:2,324.0,0.5049817159633189,3.0,113,True,11.267942414135547,0.7678310080653642,0.04576345106391397,14.402027516004036
NRHO 9:2,324.0,0.5049817159633189,7.0,113,True,18.875069601605464,0.1794716879448324,0.02940206781957222,37.45155944743652
NRHO 9:2,326.0,0.28596179088687423,3.0,1,False,nan,nan,nan,nan
NRHO 9:2,326.0,0.28596179088687423,7.0,1,False,nan,nan,nan,nan
NRHO 9:2,328.0,0.1126290766156734,3.0,0,False,nan,nan,nan,nan
NRHO 9:2,328.0,0.1126290766156734,7.0,0,False,nan,nan,nan,nan
NRHO 9:2,330.0,0.016408396853990315,3.0,0,False,nan,nan,nan,nan
NRHO 9:2,330.0,0.016408396853990315,7.0,0,False,nan,nan,nan,nan
NRHO 9:2,332.0,0.008955509483708879,3.0,0,False,nan,nan,nan,nan
NRHO 9:2,332.0,0.008955509483708879,7.0,116,True,12.43101832926996,0.3302725337676716,0.043100773649403186,2.2392707697723044
NRHO 9:2,334.0,0.08184441959734007,3.0,0,False,nan,nan,nan,nan
NRHO 9:2,334.0,0.08184441959734007,7.0,254,True,1.5995533247710065,0.3276300311601545,0.030680441021903218,29.858478223169623
NRHO 9:2,336.0,0.21501048405993328,3.0,116,True,12.431018393124805,0.3302725337684829,0.043100774171280144,2.239270761365215
NRHO 9:2,336.0,0.21501048405993328,7.0,417,True,1.1919843221396575,0.10057349581662146,0.002453318467728394,8.993928118644543
NRHO 9:2,338.0,0.3863300980549371,3.0,206,True,2.540546745341135,0.402096481513884,0.04499942131916123,23.352409807509638
NRHO 9:2,338.0,0.3863300980549371,7.0,715,True,0.7878417687776603,0.11212168211776943,0.0025769180864799526,8.605573079788387
NRHO 9:2,340.0,0.5749996896875085,3.0,215,True,5.029795504573914,0.19497047933611117,0.0230521823089362,3.1722313206103685
NRHO 9:2,340.0,0.5749996896875085,7.0,983,True,0.5222189282732521,0.11046133321163458,0.002705226468297872,15.503303655981865
NRHO 9:2,342.0,0.7589488830446673,3.0,492,True,2.464748455009221,0.1677237494349151,0.009267880604255697,4.378572204710213
NRHO 9:2,342.0,0.7589488830446673,7.0,1057,True,0.7901744605268661,0.08004420552119484,0.0023395179313522884,4.003942307721893
NRHO 9:2,344.0,0.9099723036441303,3.0,605,True,1.5799666293209138,0.1579162315668841,0.0060950905926331934,6.431636297644642
NRHO 9:2,344.0,0.9099723036441303,7.0,1048,True,0.6006904313961564,0.10443985539967707,0.0017277093182850511,10.018991219286042
NRHO 9:2,346.0,0.9926717961780023,3.0,364,True,2.402572920830508,0.1862436566229826,0.015333811981556056,3.318207437004882
NRHO 9:2,346.0,0.9926717961780023,7.0,893,True,0.6608130720958635,0.12549434395512515,0.0026800344893177495,15.501300357450651
NRHO 9:2,348.0,0.975695653637023,3.0,419,True,3.0219347003824764,0.19556308356624075,0.012392171111670304,4.054415660518432
NRHO 9:2,348.0,0.975695653637023,7.0,710,True,0.9424314332871419,0.1551393830151008,0.007877637277897108,38.202520554503224
NRHO 9:2,350.0,0.8533867658789915,3.0,372,True,2.4975951525710096,0.2170489590879159,0.008597239680358209,5.543350450769669
NRHO 9:2,350.0,0.8533867658789915,7.0,434,True,2.203321331082095,0.09161761363200992,0.004273503122227546,34.6704284381654
NRHO 9:2,352.0,0.6557787805279803,3.0,167,True,8.438841285725639,0.4043214545605952,0.06938740298050042,22.74800261314601
NRHO 9:2,352.0,0.6557787805279803,7.0,167,True,15.23222581085558,1.436237003871297,0.046773886590251126,43.827070635302675
NRHO 9:2,354.0,0.43249244949070265,3.0,0,False,nan,nan,nan,nan
NRHO 9:2,354.0,0.43249244949070265,7.0,0,False,nan,nan,nan,nan
NRHO 9:2,356.0,0.2299533452175233,3.0,0,False,nan,nan,nan,nan
NRHO 9:2,356.0,0.2299533452175233,7.0,0,False,nan,nan,nan,nan
NRHO 9:2,358.0,0.08182407134036002,3.0,0,False,nan,nan,nan,nan
NRHO 9:2,358.0,0.08182407134036002,7.0,0,False,nan,nan,nan,nan
NRHO 9:2,360.0,0.007743803243173253,3.0,0,False,nan,nan,nan,nan
NRHO 9:2,360.0,0.007743803243173253,7.0,0,False,nan,nan,nan,nan
NRHO 9:2,362.0,0.012810580680628458,3.0,0,False,nan,nan,nan,nan
NRHO 9:2,362.0,0.012810580680628458,7.0,74,True,34.954943982839694,0.4174836726405526,0.26662715641619983,1.1977803769525057
NRHO 9:2,364.0,0.08966601195497403,3.0,0,False,nan,nan,nan,nan
NRHO 9:2,364.0,0.08966601195497403,7.0,267,True,3.440895681165278,0.22012049115468654,0.013287492992720387,4.18322717648712
L1 halo (Az~30k km),0.0,0.37804573200953256,3.0,42,True,79.78318246875925,1.6703637145768837,0.5643561085886366,22.817179830882008
L1 halo (Az~30k km),0.0,0.37804573200953256,7.0,42,True,986.8151801347365,0.3647655841449275,6.9961251963907,37.7878562146147
L1 halo (Az~30k km),2.0,0.2007883704273088,3.0,0,False,nan,nan,nan,nan
L1 halo (Az~30k km),2.0,0.2007883704273088,7.0,0,False,nan,nan,nan,nan
L1 halo (Az~30k km),4.0,0.07275050055370824,3.0,0,False,nan,nan,nan,nan
L1 halo (Az~30k km),4.0,0.07275050055370824,7.0,0,False,nan,nan,nan,nan
L1 halo (Az~30k km),6.0,0.007394998065385683,3.0,0,False,nan,nan,nan,nan
L1 halo (Az~30k km),6.0,0.007394998065385683,7.0,36,True,57.48438959113743,0.47424699349778876,0.24704855178984644,1.2584473172703317
L1 halo (Az~30k km),8.0,0.012013026596608745,3.0,0,False,nan,nan,nan,nan
L1 halo (Az~30k km),8.0,0.012013026596608745,7.0,167,True,3.331987199139839,0.20379747252351763,0.016355974194498628,4.28881621011078
L1 halo (Az~30k km),10.0,0.0867082102296382,3.0,36,True,57.49608727761383,0.474247096368083,0.24704899420124699,1.2583028682475095
L1 halo (Az~30k km),10.0,0.0867082102296382,7.0,311,True,1.4293983156798216,0.15481346852850467,0.01150983655807874,19.371386620448533
L1 halo (Az~30k km),12.0,0.22440603393491892,3.0,167,True,3.3319877890449288,0.2037974724639381,0.016355975634421892,4.2888158404785175
L1 halo (Az~30k km),12.0,0.22440603393491892,7.0,311,True,5.4462779644229755,0.12711658979439272,0.0407776420896327,34.267296121549414
L1 halo (Az~30k km),14.0,0.4111221928641952,3.0,219,True,4.307388547386823,0.23956562791132224,0.02121230535373319,8.682194845052866
L1 halo (Az~30k km),14.0,0.4111221928641952,7.0,500,True,0.6857094710038334,0.08017770497218316,0.004514588418263517,8.198118145214643
L1 halo (Az~30k km),16.0,0.6238767578712962,3.0,53,True,133.5601841636361,2.290354083234998,1.1135898462749043,27.39822069597598
L1 halo (Az~30k km),16.0,0.6238767578712962,7.0,757,True,1.509082062443065,0.09691696084194776,0.010138868610118314,5.193283000594889
L1 halo (Az~30k km),18.0,0.8254363359888046,3.0,281,True,11.207166184910713,0.1757187584246873,0.07977241854273022,0.34343656893760754
L1 halo (Az~30k km),18.0,0.8254363359888046,7.0,1035,True,0.7904321885668846,0.08744352903733679,0.00566106001791201,12.446079533993274
L1 halo (Az~30k km),20.0,0.9646453803113219,3.0,620,True,2.9388367733318175,0.11697168054088876,0.01838310624317736,2.9709549401007904
L1 halo (Az~30k km),20.0,0.9646453803113219,7.0,1194,True,0.461615640041074,0.07285925286509218,0.003526480349459163,23.444189787632627
L1 halo (Az~30k km),22.0,0.996342673210243,3.0,539,True,2.0686621881501583,0.13316195808451767,0.012621446808165761,5.079715893191589
L1 halo (Az~30k km),22.0,0.996342673210243,7.0,908,True,0.6158062208151279,0.07266705656320026,0.005297686215149949,32.0083476035609
L1 halo (Az~30k km),24.0,0.9123327538212156,3.0,398,True,1.9893544374343508,0.157587204619785,0.010734927371429887,5.507433855284137
L1 halo (Az~30k km),24.0,0.9123327538212156,7.0,524,True,3.871145939914025,0.07577693612623124,0.028834800386936612,35.36565958455884
L1 halo (Az~30k km),26.0,0.7466265221944814,3.0,236,True,3.2654005141187423,0.2290702635264206,0.01654030216276327,7.637081353152518
L1 halo (Az~30k km),26.0,0.7466265221944814,7.0,238,True,4.4143058637685195,0.1369255803465579,0.027551871874390857,18.992283690850137
L1 halo (Az~30k km),28.0,0.5471858652005019,3.0,41,True,189.2910691194941,2.052967100815885,1.6127138341501095,26.55298131295363
L1 halo (Az~30k km),28.0,0.5471858652005019,7.0,43,True,38.40447930827977,0.5177449211723288,0.24034956126539198,11.214147911657582
L1 halo (Az~30k km),30.0,0.35145099189759743,3.0,2,False,nan,nan,nan,nan
L1 halo (Az~30k km),30.0,0.35145099189759743,7.0,2,False,nan,nan,nan,nan
L1 halo (Az~30k km),32.0,0.18409752882015085,3.0,0,False,nan,nan,nan,nan
L1 halo (Az~30k km),32.0,0.18409752882015085,7.0,0,False,nan,nan,nan,nan
L1 halo (Az~30k km),34.0,0.06337150939696112,3.0,0,False,nan,nan,nan,nan
L1 halo (Az~30k km),34.0,0.06337150939696112,7.0,0,False,nan,nan,nan,nan
L1 halo (Az~30k km),36.0,0.004114992347496016,3.0,0,False,nan,nan,nan,nan
L1 halo (Az~30k km),36.0,0.004114992347496016,7.0,0,False,nan,nan,nan,nan
L1 halo (Az~30k km),38.0,0.016768376349736158,3.0,0,False,nan,nan,nan,nan
L1 halo (Az~30k km),38.0,0.016768376349736158,7.0,101,True,53.542257189903665,0.27004160796973836,0.37567489526527603,0.8464437953081064
L1 halo (Az~30k km),40.0,0.10443510376394904,3.0,0,False,nan,nan,nan,nan
L1 halo (Az~30k km),40.0,0.10443510376394904,7.0,298,True,3.9363699787698674,0.15327008762457572,0.025230591122754692,3.286669649647048
L1 halo (Az~30k km),42.0,0.2599225183959973,3.0,101,True,53.5422630940805,0.2700416136070497,0.3756749148651551,0.8464435865114149
L1 halo (Az~30k km),42.0,0.2599225183959973,7.0,619,True,0.895083646382391,0.09866319798089353,0.006350149238154659,9.436869185211494
L1 halo (Az~30k km),44.0,0.46427643655758943,3.0,264,True,5.067174589385488,0.16791977983667136,0.031145373396161052,2.6328996301229104
L1 halo (Az~30k km),44.0,0.46427643655758943,7.0,1010,True,0.4329418425913723,0.07488351599324942,0.003281312967205894,17.78538820916154
L1 halo (Az~30k km),46.0,0.6853171509167725,3.0,434,True,2.152043809356339,0.12883233237884265,0.01288972169964419,4.325118512360394
L1 halo (Az~30k km),46.0,0.6853171509167725,7.0,1196,True,0.4302541174119595,0.06553064622943212,0.003705314686741625,27.648796785950605
L1 halo (Az~30k km),48.0,0.8764878198314991,3.0,603,True,1.5816956702959575,0.11558380203939579,0.008416431387740817,5.209115228023708
L1 halo (Az~30k km),48.0,0.8764878198314991,7.0,940,True,2.5821752342796396,0.0622728487909826,0.01963601827519116,35.548354800366006
L1 halo (Az~30k km),50.0,0.9863966435991329,3.0,557,True,1.9218557679959196,0.1399402124264079,0.010024750154746973,7.291547537215595
L1 halo (Az~30k km),50.0,0.9863966435991329,7.0,702,True,0.5361820702738124,0.07282691235523828,0.0034471176247729057,14.042117533989849
L1 halo (Az~30k km),52.0,0.9849052899096749,3.0,138,True,61.48444410172112,1.0991454394150717,0.5351348778974522,27.07317402261965
L1 halo (Az~30k km),52.0,0.9849052899096749,7.0,438,True,1.7708474020016591,0.12882454828857146,0.011634062610895456,5.706332050723064
L1 halo (Az~30k km),54.0,0.8819782388795383,3.0,145,True,19.54048476922821,0.2520663041945374,0.1493706350633469,0.47934280967736126
L1 halo (Az~30k km),54.0,0.8819782388795383,7.0,361,True,1.8107329721023973,0.17472714894030336,0.012914890868143148,14.233958060172194
L1 halo (Az~30k km),56.0,0.7149214019774985,3.0,267,True,5.422139823349237,0.19499257110688323,0.03415778464736344,3.04701100376938
L1 halo (Az~30k km),56.0,0.7149214019774985,7.0,328,True,6.419138327810729,0.16997024046364492,0.046133140653913864,36.502990241566536
L1 halo (Az~30k km),58.0,0.5226503866833959,3.0,127,True,5.1436430127662955,0.32956370885456604,0.03148829337508066,5.55987370598317
L1 halo (Az~30k km),58.0,0.5226503866833959,7.0,127,True,54.327514216987375,0.2799182934998547,0.4221487335437525,47.399032583916686
L1 halo (Az~30k km),60.0,0.33434867060079787,3.0,19,True,181.77882670879197,3.859295761891307,1.4124262895824746,32.81092394754251
L1 halo (Az~30k km),60.0,0.33434867060079787,7.0,19,True,2325.8258872395772,0.6018771205720864,16.86379519688876,40.67553089535606
L1 halo (Az~30k km),62.0,0.17194359511808882,3.0,0,False,nan,nan,nan,nan
L1 halo (Az~30k km),62.0,0.17194359511808882,7.0,0,False,nan,nan,nan,nan
L1 halo (Az~30k km),64.0,0.05489419460500644,3.0,0,False,nan,nan,nan,nan
L1 halo (Az~30k km),64.0,0.05489419460500644,7.0,0,False,nan,nan,nan,nan
L1 halo (Az~30k km),66.0,0.0018950240183716605,3.0,0,False,nan,nan,nan,nan
L1 halo (Az~30k km),66.0,0.0018950240183716605,7.0,83,True,13.001090623088897,0.27591026048518696,0.05705532388898074,1.7596903743386538
L1 halo (Az~30k km),68.0,0.027896980918357628,3.0,0,False,nan,nan,nan,nan
L1 halo (Az~30k km),68.0,0.027896980918357628,7.0,261,True,1.7355648296233845,0.15748711473638213,0.010476718841125507,6.623543894664606
L1 halo (Az~30k km),70.0,0.13696100478493556,3.0,83,True,13.001147930259346,0.27591026234361454,0.057055452420250785,1.7596877596902711
L1 halo (Az~30k km),70.0,0.13696100478493556,7.0,516,True,0.7218180187043225,0.10583271349017834,0.005898320672614685,18.36321944631798
L1 halo (Az~30k km),72.0,0.3164009107513692,3.0,234,True,2.7242903599044817,0.17312592450805275,0.013567750621187572,4.521364373806313
L1 halo (Az~30k km),72.0,0.3164009107513692,7.0,489,True,3.3572488607148836,0.10170182903786606,0.026147111538821616,35.444875637825426
L1 halo (Az~30k km),74.0,0.5367763548429797,3.0,360,True,2.3865604231523956,0.15621877911663656,0.011369838160088987,6.542190042099869
L1 halo (Az~30k km),74.0,0.5367763548429797,7.0,600,True,0.48376287160518666,0.07401676682633493,0.003212532055070906,11.607117729253115
L1 halo (Az~30k km),76.0,0.7551796421585458,3.0,125,True,46.33771581365852,1.1347125562353475,0.4064260678642805,28.20668438423064
L1 halo (Az~30k km),76.0,0.7551796421585458,7.0,740,True,1.4840929914343277,0.10284480923334861,0.009812144787552272,5.046714092784642
L1 halo (Az~30k km),78.0,0.9218673328608905,3.0,240,True,11.228760829762216,0.19613047393170477,0.09016359021128283,0.33192395644471806
L1 halo (Az~30k km),78.0,0.9218673328608905,7.0,892,True,0.9807275591287955,0.0976174988516177,0.006959055914415943,10.935236690202464
L1 halo (Az~30k km),80.0,0.9967401753423297,3.0,581,True,3.84061697678888,0.12662979802838423,0.024279722515754262,3.0382155581698247
L1 halo (Az~30k km),80.0,0.9967401753423297,7.0,1026,True,0.5394608758032068,0.08085705345864677,0.004084523193535563,23.14719970059889
L1 halo (Az~30k km),82.0,0.9685714974220043,3.0,454,True,2.426982906454354,0.1461811380400655,0.014859958716528295,4.966721490199085
L1 halo (Az~30k km),82.0,0.9685714974220043,7.0,700,True,0.6153628377651934,0.08745293385305476,0.00520657816364642,30.587486424941144
L1 halo (Az~30k km),84.0,0.8562187937600535,3.0,294,True,2.439703561294728,0.18808661489607814,0.0131684073496603,5.69581265141216
L1 halo (Az~30k km),84.0,0.8562187937600535,7.0,372,True,3.8501557965732847,0.09025196870551978,0.029783656459793445,36.665212261841
L1 halo (Az~30k km),86.0,0.6916324076144439,3.0,149,True,3.8124026337010513,0.27485105570003365,0.016232041942321005,4.771492740947147
L1 halo (Az~30k km),86.0,0.6916324076144439,7.0,149,True,33.046716909515155,0.15652776717043615,0.20527257260007734,21.3420319423026
L1 halo (Az~30k km),88.0,0.5047341652717422,3.0,30,True,216.3045479001515,2.7780402060250275,1.9282611083545715,27.69401834373725
L1 halo (Az~30k km),88.0,0.5047341652717422,7.0,30,True,2098.520789409037,1.2942596562730386,13.20822405360187,8.840438420834445
L1 halo (Az~30k km),90.0,0.31974074428691635,3.0,0,False,nan,nan,nan,nan
L1 halo (Az~30k km),90.0,0.31974074428691635,7.0,0,False,nan,nan,nan,nan
L1 halo (Az~30k km),92.0,0.1583555202371299,3.0,0,False,nan,nan,nan,nan
L1 halo (Az~30k km),92.0,0.1583555202371299,7.0,0,False,nan,nan,nan,nan
L1 halo (Az~30k km),94.0,0.043883971596802185,3.0,0,False,nan,nan,nan,nan
L1 halo (Az~30k km),94.0,0.043883971596802185,7.0,25,True,137.43731133016342,0.7671209307605433,1.188778807617937,0.7737168503088109
L1 halo (Az~30k km),96.0,0.0014210074193025668,3.0,0,False,nan,nan,nan,nan
L1 halo (Az~30k km),96.0,0.0014210074193025668,7.0,25,True,93.93890315590083,2.1479262046144854,0.7571506250151335,33.677895515118415
L1 halo (Az~30k km),98.0,0.04970715005161691,3.0,25,True,138.17589378010024,0.7671211699895806,1.1951774855650137,0.7728526775071799
L1 halo (Az~30k km),98.0,0.04970715005161691,7.0,146,True,2.586925206423705,0.1517986505734419,0.01840611927332815,4.98422185874772
L1 halo (Az~30k km),100.0,0.18831973433945037,3.0,23,True,222.2308894399797,2.867834599015427,1.969210015969669,28.974392986085647
L1 halo (Az~30k km),100.0,0.18831973433945037,7.0,410,True,2.422083672019549,0.13416077474405194,0.016127350663751008,4.313218501136791
L1 halo (Az~30k km),102.0,0.3923612244388024,3.0,121,True,23.339378269095693,0.28124341149732796,0.1784454068747394,0.5962142727647696
L1 halo (Az~30k km),102.0,0.3923612244388024,7.0,735,True,1.0300723473240052,0.09557148730930508,0.007247058845729375,9.17350518600459
L1 halo (Az~30k km),104.0,0.6193019106249203,3.0,369,True,4.993042084840397,0.14783849837666074,0.03138952725379089,2.8447501265747146
L1 halo (Az~30k km),104.0,0.6193019106249203,7.0,1054,True,0.46744182728404937,0.07529262205916958,0.0035319954871787605,18.33754320511984
L1 halo (Az~30k km),106.0,0.8207733632304991,3.0,492,True,2.3104689366459237,0.12762811877376182,0.014108937388895487,4.554144079065619
L1 halo (Az~30k km),106.0,0.8207733632304991,7.0,1113,True,0.39520120895960686,0.0675592349009172,0.00334234827076941,24.439180769876963
L1 halo (Az~30k km),108.0,0.9548122768364844,3.0,522,True,1.8513559090102805,0.1287094366483442,0.010214908881030509,5.497075834838903
L1 halo (Az~30k km),108.0,0.9548122768364844,7.0,806,True,2.3818349492876196,0.06801775692179446,0.0187957951774698,36.67529511465583
L1 halo (Az~30k km),110.0,0.9981852303462153,3.0,462,True,1.9011285857006228,0.14102991213296562,0.0088025081285442,5.4442431208222235
L1 halo (Az~30k km),110.0,0.9981852303462153,7.0,531,True,0.5844996857207467,0.08122724262117854,0.003849429717777154,18.651409542885286
L1 halo (Az~30k km),112.0,0.9519834296557228,3.0,133,True,37.92319245189015,0.8943039261879747,0.3397493530803092,28.85261518279403
L1 halo (Az~30k km),112.0,0.9519834296557228,7.0,305,True,1.9166172346102255,0.14350143302586618,0.012294421782826394,6.250411576036156
L1 halo (Az~30k km),114.0,0.835030268197668,3.0,69,True,29.34706286152675,0.3948628878808324,0.2993854383360183,0.39292541358560956
L1 halo (Az~30k km),114.0,0.835030268197668,7.0,212,True,3.098473869329006,0.2393199662393281,0.021804701570057625,13.500095046803969
L1 halo (Az~30k km),116.0,0.6720668293098465,3.0,172,True,8.014383972952189,0.2380426779261522,0.050911760524205436,2.641930395278861
L1 halo (Az~30k km),116.0,0.6720668293098465,7.0,212,True,10.028132489257429,0.22448765917283256,0.07123649211284365,35.6414777816301
L1 halo (Az~30k km),118.0,0.4865323994656629,3.0,85,True,7.419028007276918,0.44681932377839595,0.046283721026200174,6.274692686793901
L1 halo (Az~30k km),118.0,0.4865323994656629,7.0,85,True,78.05413778577922,0.3900077579600627,0.5968401244645458,47.17776276053082
L1 halo (Az~30k km),120.0,0.30022908743186255,3.0,9,True,198.0577657627083,4.4815782606381,1.468441210399889,27.376786440168885
L1 halo (Az~30k km),120.0,0.30022908743186255,7.0,9,True,2488.1086699278553,0.8115131861581825,18.560885945421823,42.68274040275299
L1 halo (Az~30k km),122.0,0.13737092541159995,3.0,0,False,nan,nan,nan,nan
L1 halo (Az~30k km),122.0,0.13737092541159995,7.0,0,False,nan,nan,nan,nan
L1 halo (Az~30k km),124.0,0.028446762238983847,3.0,0,False,nan,nan,nan,nan
L1 halo (Az~30k km),124.0,0.028446762238983847,7.0,27,True,85.99305723010865,0.46695115573708273,0.4262554808505029,1.143162583854267
L1 halo (Az~30k km),126.0,0.005752991860187184,3.0,0,False,nan,nan,nan,nan
L1 halo (Az~30k km),126.0,0.005752991860187184,7.0,167,True,4.5578651418943394,0.2062915309963441,0.026489256692408127,3.8146984791604184
L1 halo (Az~30k km),128.0,0.08677468094203039,3.0,27,True,86.00028797320851,0.4669513199684347,0.4262610902238716,1.143131413153501
L1 halo (Az~30k km),128.0,0.08677468094203039,7.0,390,True,1.163787529986321,0.1327525856347319,0.008065213322051493,10.457812361476202
L1 halo (Az~30k km),130.0,0.2582071718939486,3.0,167,True,4.5578657323694065,0.20629153107320078,0.02648925923310206,3.814698243607205
L1 halo (Az~30k km),130.0,0.2582071718939486,7.0,672,True,0.5091848143331765,0.0881392320260805,0.004225125817419322,19.588303414746537
L1 halo (Az~30k km),132.0,0.47873666480732685,3.0,305,True,2.5045605754166282,0.1640708688038214,0.013588010576882747,5.4479819035415575
L1 halo (Az~30k km),132.0,0.47873666480732685,7.0,599,True,2.5905094001098545,0.08667653855595468,0.020853514128928972,36.54844933459456
L1 halo (Az~30k km),134.0,0.6979835413629789,3.0,402,True,2.095295108021432,0.14216400614374253,0.00965962998288687,5.130561841032544
L1 halo (Az~30k km),134.0,0.6979835413629789,7.0,570,True,0.46239697343197367,0.07703434607525485,0.003160827334410797,15.832509855557557
L1 halo (Az~30k km),136.0,0.8730559181855757,3.0,160,True,24.982460968483384,0.8329988826953502,0.22988202516934098,28.591985779255904
L1 halo (Az~30k km),136.0,0.8730559181855757,7.0,607,True,1.4180000602464917,0.10534803294867784,0.009212767889303506,5.187389641847464
L1 halo (Az~30k km),138.0,0.9757924284384508,3.0,156,True,13.590360415548359,0.28332304620249477,0.14017265034009968,0.7370332208463098
L1 halo (Az~30k km),138.0,0.9757924284384508,7.0,669,True,1.2708051069544795,0.11278972266280682,0.00890957965105163,9.996557581144268
L1 halo (Az~30k km),140.0,0.9953478220710825,3.0,447,True,5.386359580789971,0.1468938322957698,0.03429766255485421,2.907083101677414
L1 halo (Az~30k km),140.0,0.9953478220710825,7.0,815,True,0.6241348231576679,0.08972244874389534,0.004685860733579177,22.61047116991066
L1 halo (Az~30k km),142.0,0.9368648731959088,3.0,360,True,2.9121201628222524,0.16297249754691231,0.01805887129005275,4.910068494347274
L1 halo (Az~30k km),142.0,0.9368648731959088,7.0,582,True,0.688765545249887,0.09706419138730614,0.005726848641797514,30.23822962310815
L1 halo (Az~30k km),144.0,0.8155736685198697,3.0,248,True,2.786096413184519,0.20174308621673592,0.01552088217483605,5.4854157593565
L1 halo (Az~30k km),144.0,0.8155736685198697,7.0,325,True,4.140624968156133,0.1054738815794259,0.032965117985875675,38.27823245821386
L1 halo (Az~30k km),146.0,0.6502956610594088,3.0,141,True,3.864891854104903,0.2831123218103458,0.018006306577980916,5.136800301351665
L1 halo (Az~30k km),146.0,0.6502956610594088,7.0,142,True,33.650902200880466,0.16189872341145217,0.21052428368932943,23.675681017876585
L1 halo (Az~30k km),148.0,0.4606281564535869,3.0,31,True,63.48664717098086,2.1374289476540898,0.5835133224422203,29.035670618602655
L1 halo (Az~30k km),148.0,0.4606281564535869,7.0,31,True,638.1434954070858,0.9334851122075316,3.990492591173938,8.053982801607312
L1 halo (Az~30k km),150.0,0.2689809666414978,3.0,0,False,nan,nan,nan,nan
L1 halo (Az~30k km),150.0,0.2689809666414978,7.0,0,False,nan,nan,nan,nan
L1 halo (Az~30k km),152.0,0.10590837982136636,3.0,0,False,nan,nan,nan,nan
L1 halo (Az~30k km),152.0,0.10590837982136636,7.0,7,False,nan,nan,nan,nan
L1 halo (Az~30k km),154.0,0.011375400091709231,3.0,0,False,nan,nan,nan,nan
L1 halo (Az~30k km),154.0,0.011375400091709231,7.0,92,True,8.121879743395112,0.2999055701254741,0.02960589657051412,2.642911355929731
L1 halo (Az~30k km),156.0,0.021051233859922913,3.0,7,True,1959.7031678426342,0.9559729467777497,11.958485684812212,1.1002750598314606
L1 halo (Az~30k km),156.0,0.021051233859922913,7.0,92,True,17.24525765398019,0.5150656794616847,0.14219759751861835,32.549144609654405
L1 halo (Az~30k km),158.0,0.14126017595999263,3.0,92,True,8.121926527482799,0.2999055694931619,0.029605971333013514,2.6429033877498944
L1 halo (Az~30k km),158.0,0.14126017595999263,7.0,183,True,1.0757593605320939,0.13511484556222322,0.00769465561260626,8.910408059723467
L1 halo (Az~30k km),160.0,0.338954880080059,3.0,50,True,105.21489065582402,1.849833318761304,0.9759326198024946,28.930158489498258
L1 halo (Az~30k km),160.0,0.338954880080059,7.0,380,True,1.9783207957010238,0.13516651988688477,0.01303907252204736,4.118064351625623
L1 halo (Az~30k km),162.0,0.5614877914801869,3.0,91,True,23.792320508624016,0.3905133282103467,0.26935482094950725,0.8567742642121188
L1 halo (Az~30k km),162.0,0.5614877914801869,7.0,659,True,1.2214521462404975,0.10110669165039318,0.00847538174502712,8.16690805596743
L1 halo (Az~30k km),164.0,0.762440219878511,3.0,330,True,6.504841364625021,0.15751191275008963,0.04102670722810284,2.6075770604435
L1 halo (Az~30k km),164.0,0.762440219878511,7.0,982,True,0.5226793141511373,0.07888881020873306,0.003912333902119416,18.815547863492824
L1 halo (Az~30k km),166.0,0.9106191387150842,3.0,459,True,2.5698267234137973,0.13158820926006062,0.015661262047211924,4.469206222898681
L1 halo (Az~30k km),166.0,0.9106191387150842,7.0,1035,True,0.4342920568224792,0.07261426123050661,0.003594025753976939,25.24484306106527
L1 halo (Az~30k km),168.0,0.9885254269102031,3.0,500,True,1.9862330768206082,0.13909601716214628,0.01115324344991442,5.995312601584265
L1 halo (Az~30k km),168.0,0.9885254269102031,7.0,774,True,2.182592961840319,0.07084912295692834,0.01772036559052707,37.877137341704014
L1 halo (Az~30k km),170.0,0.9906946661894735,3.0,404,True,2.1205092447442944,0.1542097259649619,0.010110302260301714,5.712621910539261
L1 halo (Az~30k km),170.0,0.9906946661894735,7.0,486,True,0.5806118429130182,0.08104108015452967,0.003920620705034798,21.576418628778246
L1 halo (Az~30k km),172.0,0.9217701058419269,3.0,140,True,20.305854116881434,0.7650521419236362,0.1866627279572609,29.324111114429925
L1 halo (Az~30k km),172.0,0.9217701058419269,7.0,320,True,1.7169690451729742,0.13903884059068977,0.01090976671362812,6.335229791929688
L1 halo (Az~30k km),174.0,0.793049147812861,3.0,61,True,36.32463979335856,0.5304812865989228,0.8594571042035104,1.0221386728235564
L1 halo (Az~30k km),174.0,0.793049147812861,7.0,211,True,7.94959914111197,0.27505608766981227,0.05501013862614471,15.316876779009409
L1 halo (Az~30k km),176.0,0.6196501939013835,3.0,180,True,9.354496529974242,0.23585265869566535,0.05864709271276401,2.1064526193550126
L1 halo (Az~30k km),176.0,0.6196501939013835,7.0,211,True,25.565366091382923,0.2564825556466271,0.1789635068731471,35.17206958917978
L1 halo (Az~30k km),178.0,0.4205956524829108,3.0,83,True,22.086041372541796,0.6129855871444795,0.14717370208143246,10.817145861603764
L1 halo (Az~30k km),178.0,0.4205956524829108,7.0,83,True,234.79307216877928,0.45180566600990174,1.753143501344311,47.44536281898613
L1 halo (Az~30k km),180.0,0.2230050965316448,3.0,0,False,nan,nan,nan,nan
L1 halo (Az~30k km),180.0,0.2230050965316448,7.0,0,False,nan,nan,nan,nan
L1 halo (Az~30k km),182.0,0.06723214871794103,3.0,0,False,nan,nan,nan,nan
L1 halo (Az~30k km),182.0,0.06723214871794103,7.0,0,False,nan,nan,nan,nan
L1 halo (Az~30k km),184.0,0.0008347380219567713,3.0,0,False,nan,nan,nan,nan
L1 halo (Az~30k km),184.0,0.0008347380219567713,7.0,53,True,26.288495757108073,0.3869411112168212,0.14680769155895798,1.8204218810681847
L1 halo (Az~30k km),186.0,0.05260620741890687,3.0,0,False,nan,nan,nan,nan
L1 halo (Az~30k km),186.0,0.05260620741890687,7.0,189,True,3.013251444407525,0.1865290503166734,0.01982403157026761,5.636099978489783
L1 halo (Az~30k km),188.0,0.20761718483278457,3.0,53,True,26.288554933153648,0.38694111142831106,0.1468079219768959,1.8204201816417165
L1 halo (Az~30k km),188.0,0.20761718483278457,7.0,397,True,0.9206524845162697,0.12508444364613253,0.006703530826942715,12.326313040182194
L1 halo (Az~30k km),190.0,0.4168498055133633,3.0,174,True,4.394748663561839,0.2030730257428083,0.02645487688302788,4.253436006568757
L1 halo (Az~30k km),190.0,0.4168498055133633,7.0,668,True,0.47771208585522273,0.08801842176488095,0.003896700539218574,19.123832343044675
L1 halo (Az~30k km),192.0,0.6294273375244753,3.0,285,True,2.7286273150319467,0.16591961584989393,0.014646756779415734,5.173161464167448
L1 halo (Az~30k km),192.0,0.6294273375244753,7.0,612,True,1.9295523687364684,0.08839873708539936,0.016077859565133974,36.53658032947751
L1 halo (Az~30k km),194.0,0.8098210155350691,3.0,401,True,2.094541069648557,0.1423438647279222,0.009326949848995082,5.122793155218299
L1 halo (Az~30k km),194.0,0.8098210155350691,7.0,571,True,0.435234683257772,0.07448688786911951,0.003083117271421139,19.53198560441717
L1 halo (Az~30k km),196.0,0.9361603462137678,3.0,194,True,10.553621055504209,0.5531788382580967,0.10049433028225202,28.04699860815328
L1 halo (Az~30k km),196.0,0.9361603462137678,7.0,626,True,1.1980974670029079,0.0985911084259909,0.0076522285983840225,5.792718580811803
L1 halo (Az~30k km),198.0,0.9958187728810944,3.0,129,True,16.135971626514973,0.3258949129450498,0.297420879239244,0.9947621304059169
L1 halo (Az~30k km),198.0,0.9958187728810944,7.0,682,True,1.3774718691774481,0.11043394224152665,0.00955576125424708,8.55918648089981
L1 halo (Az~30k km),200.0,0.9840246588155496,3.0,432,True,6.307128725460785,0.14620111265634259,0.040010572156915815,2.163187058174665
L1 halo (Az~30k km),200.0,0.9840246588155496,7.0,855,True,0.6324043793971957,0.08901318006330382,0.004723279564030599,20.161500761540026
L1 halo (Az~30k km),202.0,0.9031481488325839,3.0,397,True,2.854071725223933,0.15358274401914374,0.017736984218699143,4.42934032018094
L1 halo (Az~30k km),202.0,0.9031481488325839,7.0,633,True,0.9959556136976448,0.09948685210271604,0.008024785608183767,33.78045197462058
L1 halo (Az~30k km),204.0,0.7617803652380404,3.0,291,True,2.4794644027600934,0.18811003873731905,0.014124684632103486,5.418582171827
L1 halo (Az~30k km),204.0,0.7617803652380404,7.0,354,True,6.313915323439919,0.11022233862330479,0.05055145590834223,41.31850826786081
L1 halo (Az~30k km),206.0,0.5745030758480485,3.0,138,True,5.386458783040833,0.37177654353564155,0.030469055978838862,10.56327394302921
L1 halo (Az~30k km),206.0,0.5745030758480485,7.0,138,True,56.549135211682376,0.15809226018660283,0.3576370748188977,26.217600648182213
L1 halo (Az~30k km),208.0,0.3639511102736108,3.0,12,True,2011.0207086328728,4.4026502021604355,19.193381979068807,32.849955261712644
L1 halo (Az~30k km),208.0,0.3639511102736108,7.0,12,True,20523.06710945739,2.1781494868717264,126.78685863028232,8.563116134467199
L1 halo (Az~30k km),210.0,0.1660699534890553,3.0,0,False,nan,nan,nan,nan
L1 halo (Az~30k km),210.0,0.1660699534890553,7.0,0,False,nan,nan,nan,nan
L1 halo (Az~30k km),212.0,0.03113927377152298,3.0,0,False,nan,nan,nan,nan
L1 halo (Az~30k km),212.0,0.03113927377152298,7.0,27,True,22.29514244122213,0.6011105453282298,0.07674397585909538,2.9419392472466392
L1 halo (Az~30k km),214.0,0.005196259856803942,3.0,0,False,nan,nan,nan,nan
L1 halo (Az~30k km),214.0,0.005196259856803942,7.0,119,True,2.7917427679431532,0.24031186353151776,0.016668716519923882,7.61393546320293
L1 halo (Az~30k km),216.0,0.09747689556352584,3.0,27,True,22.295692850690784,0.6011105544667897,0.0767442773437329,2.941925722838438
L1 halo (Az~30k km),216.0,0.09747689556352584,7.0,142,True,4.432974172794023,0.2549736094356259,0.038175591756177754,32.676882369741904
L1 halo (Az~30k km),218.0,0.27281307086612394,3.0,116,True,4.233439410010215,0.25095487482111684,0.018886856045061174,5.370688647692144
L1 halo (Az~30k km),218.0,0.27281307086612394,7.0,224,True,0.6531901985852904,0.11774226144353846,0.0048537027356582935,15.88082882191615
L1 halo (Az~30k km),220.0,0.48006557288092117,3.0,76,True,25.517521434799672,0.7976268020458056,0.24793390832262002,27.01638259207013
L1 halo (Az~30k km),220.0,0.48006557288092117,7.0,448,True,1.5488044865293467,0.11553188641741313,0.010107553674949733,4.124228411192697
L1 halo (Az~30k km),222.0,0.6785520201705064,3.0,85,True,22.860945604120733,0.38098942308042194,0.3140601967869029,0.9213331800249434
L1 halo (Az~30k km),222.0,0.6785520201705064,7.0,753,True,1.2525081440184878,0.09581212722728705,0.00861701256282723,7.529616030930585
L1 halo (Az~30k km),224.0,0.8420247549295681,3.0,372,True,7.154258965784095,0.14676225945051838,0.0456982413192586,2.204699367705844
L1 halo (Az~30k km),224.0,0.8420247549295681,7.0,1116,True,0.5087628524998176,0.07567371486029628,0.0037844957235350957,17.625284096017367
L1 halo (Az~30k km),226.0,0.9529283954239258,3.0,537,True,2.4595215957599734,0.12214704444048945,0.015170907844327654,4.210008191825719
L1 halo (Az~30k km),226.0,0.9529283954239258,7.0,1190,True,0.41419544907816713,0.06889345831210929,0.0033669234667675274,24.31879702705676
L1 halo (Az~30k km),228.0,0.9990653369991307,3.0,565,True,1.8116503796265981,0.12803723684483906,0.010393200969292018,5.440541430723447
L1 halo (Az~30k km),228.0,0.9990653369991307,7.0,909,True,1.5803906706890136,0.06813356039322693,0.013213426463180132,37.97389026085837
L1 halo (Az~30k km),230.0,0.973658935370646,3.0,463,True,1.916044014693201,0.1443087430218322,0.00946618371920199,5.517668686298722
L1 halo (Az~30k km),230.0,0.973658935370646,7.0,560,True,0.6152398283271212,0.07199950099445808,0.004302373411685704,23.814206726981784
L1 halo (Az~30k km),232.0,0.87680822822877,3.0,191,True,9.364153571149087,0.5188197257672555,0.08458145388245689,27.448314118480916
L1 halo (Az~30k km),232.0,0.87680822822877,7.0,325,True,1.6402493404725926,0.13030150003851965,0.010228031628010283,7.322448169938354
L1 halo (Az~30k km),234.0,0.7170726382337808,3.0,43,True,40.2347318083934,0.5192520079728989,1.0866232652705499,0.37429380420883873
L1 halo (Az~30k km),234.0,0.7170726382337808,7.0,134,True,44.82315836498073,0.48489530268508413,0.3041555412485506,17.22030460237803
L1 halo (Az~30k km),236.0,0.5127081786278377,3.0,134,True,14.555210594693342,0.30501964435596585,0.09232102970576679,1.8511702761814761
L1 halo (Az~30k km),236.0,0.5127081786278377,7.0,134,True,142.59109652556478,0.3994322873754987,0.9832527411101557,34.72321441995253
L1 halo (Az~30k km),238.0,0.2944250603514018,3.0,34,True,441.7790974007608,1.9430825372314224,2.981646469052857,13.986160858893506
L1 halo (Az~30k km),238.0,0.2944250603514018,7.0,34,True,4642.463449723201,0.9295199993390867,34.01145018284749,46.99839696882363
L1 halo (Az~30k km),240.0,0.1086141653337303,3.0,0,False,nan,nan,nan,nan
L1 halo (Az~30k km),240.0,0.1086141653337303,7.0,0,False,nan,nan,nan,nan
L1 halo (Az~30k km),242.0,0.008327100944112154,3.0,2,False,nan,nan,nan,nan
L1 halo (Az~30k km),242.0,0.008327100944112154,7.0,2,False,nan,nan,nan,nan
L1 halo (Az~30k km),244.0,0.02439343571774738,3.0,0,False,nan,nan,nan,nan
L1 halo (Az~30k km),244.0,0.02439343571774738,7.0,86,True,18.880526833001703,0.3020257315202868,0.11920493548603321,2.0481967448183642
L1 halo (Az~30k km),246.0,0.14398030411622498,3.0,2,False,nan,nan,nan,nan
L1 halo (Az~30k km),246.0,0.14398030411622498,7.0,267,True,2.4147975726551865,0.15580413281739655,0.016151184852696652,5.975675544620917
L1 halo (Az~30k km),248.0,0.32475672894873925,3.0,86,True,18.8805293428492,0.302025731627927,0.11920494827714845,2.048196571599059
L1 halo (Az~30k km),248.0,0.32475672894873925,7.0,549,True,0.7624206765901538,0.104668754665591,0.0055813372534365465,13.255078146488161
L1 halo (Az~30k km),250.0,0.5237678748599126,3.0,235,True,4.031562501126858,0.17556909998002737,0.02444920860261557,4.062998305372157
L1 halo (Az~30k km),250.0,0.5237678748599126,7.0,892,True,0.436538033622621,0.07703624234537751,0.0035054621139021087,19.64331087297683
L1 halo (Az~30k km),252.0,0.710293880041411,3.0,383,True,2.4226716666064405,0.1442581756458418,0.013404472363102927,5.046884947564867
L1 halo (Az~30k km),252.0,0.710293880041411,7.0,868,True,1.3451161650473378,0.07604391600343897,0.011498802058851985,36.33794193918888
L1 halo (Az~30k km),254.0,0.862918993223363,3.0,530,True,1.7932736914046674,0.12530568585555638,0.008713299761110706,5.303218726028842
L1 halo (Az~30k km),254.0,0.862918993223363,7.0,731,True,0.4501414631442887,0.06428307980028992,0.0032726072695542776,22.49121473706656
L1 halo (Az~30k km),256.0,0.9641746360666748,3.0,308,True,6.887297522274376,0.37508403747240926,0.06298965184828154,26.36284644668454
L1 halo (Az~30k km),256.0,0.9641746360666748,7.0,716,True,0.9863587938629128,0.08659872531826843,0.006270312279546579,5.9511118243999395
L1 halo (Az~30k km),258.0,0.999069502386106,3.0,91,True,20.82055101725222,0.34466582410451385,0.5313914759272473,0.5909769478172355
L1 halo (Az~30k km),258.0,0.999069502386106,7.0,636,True,1.521667767486379,0.11972948286864943,0.010431343766873479,7.4767691323794665
L1 halo (Az~30k km),260.0,0.9575749684947479,3.0,408,True,7.527141278658868,0.1492232643868119,0.04807636962330371,1.41301534376627
L1 halo (Az~30k km),260.0,0.9575749684947479,7.0,756,True,0.7431829469258437,0.10299322645113111,0.005490343377482769,20.493594255210517
L1 halo (Az~30k km),262.0,0.8392883680612382,3.0,378,True,2.899910798193299,0.16313186463668758,0.01802585390590237,4.053937277345117
L1 halo (Az~30k km),262.0,0.8392883680612382,7.0,504,True,2.963500677276122,0.124003331890757,0.022700730060181747,40.10215894623178
L1 halo (Az~30k km),264.0,0.6569507495520097,3.0,224,True,2.6651347827707155,0.22350023166683347,0.015544573387898327,5.745631798416679
L1 halo (Az~30k km),264.0,0.6569507495520097,7.0,230,True,23.513414228441817,0.1455183014461789,0.18676852711337358,44.80885033034711
L1 halo (Az~30k km),266.0,0.437425362266624,3.0,53,True,52.02359633370616,1.14489365378083,0.35827231941681115,21.004116410665283
L1 halo (Az~30k km),266.0,0.437425362266624,7.0,53,True,605.5594930997079,0.4161898403979682,3.8986354810057517,28.952478250142796
L1 halo (Az~30k km),268.0,0.2221069073116682,3.0,0,False,nan,nan,nan,nan
L1 halo (Az~30k km),268.0,0.2221069073116682,7.0,0,False,nan,nan,nan,nan
L1 halo (Az~30k km),270.0,0.06255186622613151,3.0,0,False,nan,nan,nan,nan
L1 halo (Az~30k km),270.0,0.06255186622613151,7.0,0,False,nan,nan,nan,nan
L1 halo (Az~30k km),272.0,0.0015006474185598195,3.0,0,False,nan,nan,nan,nan
L1 halo (Az~30k km),272.0,0.0015006474185598195,7.0,77,True,11.357454646832416,0.31745396458887176,0.04515510688586433,2.868271422833444
L1 halo (Az~30k km),274.0,0.049014619301319895,3.0,0,False,nan,nan,nan,nan
L1 halo (Az~30k km),274.0,0.049014619301319895,7.0,249,True,1.6380300236609961,0.16340976204813648,0.01003464480593301,7.939826170515877
L1 halo (Az~30k km),276.0,0.18066094003452732,3.0,77,True,11.3575076779728,0.31745396533575676,0.045155171325645886,2.8682670227700577
L1 halo (Az~30k km),276.0,0.18066094003452732,7.0,317,True,2.3923470148828407,0.15295002396409876,0.020844141616040385,32.63039134113225
L1 halo (Az~30k km),278.0,0.35847595377520663,3.0,223,True,2.9103780293208454,0.18314355990443182,0.013003948000840301,4.891558855816046
L1 halo (Az~30k km),278.0,0.35847595377520663,7.0,345,True,0.5888807389333341,0.09729722585768703,0.004401371936721158,21.36349830080201
L1 halo (Az~30k km),280.0,0.5495332067412931,3.0,164,True,11.09101510135992,0.46954875513369654,0.10257974105803708,25.566811588462098
L1 halo (Az~30k km),280.0,0.5495332067412931,7.0,583,True,1.1171629299277515,0.09681466937428211,0.007156913144761671,5.397718030059277
L1 halo (Az~30k km),282.0,0.7294495008298794,3.0,54,True,41.483517055456275,0.4382791499319182,1.399528905236762,0.7595606449360885
L1 halo (Az~30k km),282.0,0.7294495008298794,7.0,844,True,1.3700953535441076,0.0937210145888791,0.009261991524206323,6.3295646012112154
L1 halo (Az~30k km),284.0,0.8776142894276,3.0,419,True,8.159574946959593,0.14286954143861,0.05216578365801493,1.433427423423354
L1 halo (Az~30k km),284.0,0.8776142894276,7.0,1193,True,0.5230535739163548,0.07597327882908467,0.003859132702270633,15.819482607791588
L1 halo (Az~30k km),286.0,0.9732401723544046,3.0,617,True,2.3407249773676835,0.11598745254524347,0.014475107540552192,3.8340658876518536
L1 halo (Az~30k km),286.0,0.9732401723544046,7.0,1211,True,0.4057097217219744,0.070197659411722,0.003237042532539995,24.896474101150904
L1 halo (Az~30k km),288.0,0.996221590592206,3.0,563,True,1.7212924925772874,0.13025323794559254,0.009956419478323526,5.1005860051549075
L1 halo (Az~30k km),288.0,0.996221590592206,7.0,877,True,1.221947269175207,0.06908427895155587,0.010396937259859577,37.999341848900045
L1 halo (Az~30k km),290.0,0.933667700970233,3.0,406,True,1.859576269019107,0.15413583031110242,0.00923271663398065,5.4450628030016865
L1 halo (Az~30k km),290.0,0.933667700970233,7.0,487,True,0.9911101081166469,0.06865897065616133,0.006731891607757911,27.551326298740673
L1 halo (Az~30k km),292.0,0.7885783626800744,3.0,183,True,7.353321427216142,0.4236504290092564,0.05563728198896094,22.611426523346363
L1 halo (Az~30k km),292.0,0.7885783626800744,7.0,211,True,2.8741933141045517,0.1600175535352211,0.017162887918849613,10.398792756978263
L1 halo (Az~30k km),294.0,0.5836280059634709,3.0,12,False,nan,nan,nan,nan
L1 halo (Az~30k km),294.0,0.5836280059634709,7.0,28,True,2657.325623596229,2.7659393053224117,17.677317598349575,17.36351571131214
L1 halo (Az~30k km),296.0,0.357826013749894,3.0,28,True,858.6855876517346,1.9622180007785703,5.732295158464695,2.8401172644951718
L1 halo (Az~30k km),296.0,0.357826013749894,7.0,28,True,8353.168019327775,1.8590514167844807,57.006759871163624,33.582144225687365
L1 halo (Az~30k km),298.0,0.15922817359359936,3.0,0,False,nan,nan,nan,nan
L1 halo (Az~30k km),298.0,0.15922817359359936,7.0,0,False,nan,nan,nan,nan
L1 halo (Az~30k km),300.0,0.03291826547792176,3.0,0,False,nan,nan,nan,nan
L1 halo (Az~30k km),300.0,0.03291826547792176,7.0,0,False,nan,nan,nan,nan
L1 halo (Az~30k km),302.0,0.00421443321910242,3.0,0,False,nan,nan,nan,nan
L1 halo (Az~30k km),302.0,0.00421443321910242,7.0,13,False,nan,nan,nan,nan
L1 halo (Az~30k km),304.0,0.06928181126121746,3.0,0,False,nan,nan,nan,nan
L1 halo (Az~30k km),304.0,0.06928181126121746,7.0,172,True,15.99320257756271,0.212711110117347,0.10205305784596838,1.5633888767700932
L1 halo (Az~30k km),306.0,0.20323208264559567,3.0,13,False,nan,nan,nan,nan
L1 halo (Az~30k km),306.0,0.20323208264559567,7.0,405,True,2.133731762302533,0.13065789070974407,0.014260702941557069,5.789747333061579
L1 halo (Az~30k km),308.0,0.37642259260589067,3.0,172,True,15.993203792324028,0.21271111021584097,0.10205306396484344,1.5633887638227277
L1 halo (Az~30k km),308.0,0.37642259260589067,7.0,731,True,0.6806336621994393,0.09070517743306496,0.004986437807589041,13.224520889004143
L1 halo (Az~30k km),310.0,0.5636187436556063,3.0,323,True,3.632331073263538,0.15469497315596956,0.0221494351392089,3.707083649853598
L1 halo (Az~30k km),310.0,0.5636187436556063,7.0,1071,True,0.3936143884984777,0.07028813099897821,0.003106181052691734,18.669136529121623
L1 halo (Az~30k km),312.0,0.743073423250122,3.0,454,True,2.0859285503322997,0.1327360764693669,0.012009340241272455,4.892144936510058
L1 halo (Az~30k km),312.0,0.743073423250122,7.0,1057,True,0.9164114451795226,0.06812485606781624,0.007981483020866875,35.14268536268946
L1 halo (Az~30k km),314.0,0.8917513881200332,3.0,598,True,1.5663443768535616,0.11758505434421479,0.00774437918021554,5.049379353811541
L1 halo (Az~30k km),314.0,0.8917513881200332,7.0,808,True,0.636215749026142,0.05859427996742546,0.00448906467607998,26.932266434758805
L1 halo (Az~30k km),316.0,0.9827044270401446,3.0,403,True,4.294931679285985,0.26082576179051287,0.03625668173865339,22.859778406302812
L1 halo (Az~30k km),316.0,0.9827044270401446,7.0,685,True,0.8906899344269614,0.07970942072359624,0.0055607993668765855,7.750012499008599
L1 halo (Az~30k km),318.0,0.9895453292092574,3.0,29,True,37.10736242899997,0.525140560655159,10.990425083844306,0.2834269653051303
L1 halo (Az~30k km),318.0,0.9895453292092574,7.0,442,True,2.130504021759649,0.14947501687379827,0.014408679768670645,6.5182340391967415
L1 halo (Az~30k km),320.0,0.899422236676011,3.0,282,True,12.368520841063063,0.18582867782854165,0.07928597949122687,0.8768717157977866
L1 halo (Az~30k km),320.0,0.899422236676011,7.0,489,True,2.14811140265286,0.1443742716954323,0.015486833797649485,24.360780168593447
L1 halo (Az~30k km),322.0,0.7254008754122315,3.0,279,True,3.556295231959427,0.19226435365382735,0.022220544223264544,3.852397105609016
L1 halo (Az~30k km),322.0,0.7254008754122315,7.0,326,True,9.963274658011182,0.1679923613008474,0.07359740444954158,42.285032919500026
L1 halo (Az~30k km),324.0,0.5049817159633189,3.0,114,True,9.797932944218426,0.4540223923901796,0.06334373403286184,11.41736353258609
L1 halo (Az~30k km),324.0,0.5049817159633189,7.0,114,True,111.98183024348735,0.2548677986635719,0.8859492193295112,46.92873523758341
L1 halo (Az~30k km),326.0,0.28596179088687423,3.0,5,False,nan,nan,nan,nan
L1 halo (Az~30k km),326.0,0.28596179088687423,7.0,5,False,nan,nan,nan,nan
L1 halo (Az~30k km),328.0,0.1126290766156734,3.0,0,False,nan,nan,nan,nan
L1 halo (Az~30k km),328.0,0.1126290766156734,7.0,0,False,nan,nan,nan,nan
L1 halo (Az~30k km),330.0,0.016408396853990315,3.0,0,False,nan,nan,nan,nan
L1 halo (Az~30k km),330.0,0.016408396853990315,7.0,14,False,nan,nan,nan,nan
L1 halo (Az~30k km),332.0,0.008955509483708879,3.0,0,False,nan,nan,nan,nan
L1 halo (Az~30k km),332.0,0.008955509483708879,7.0,137,True,5.3128077511033895,0.22548733499027496,0.02727221155151163,3.442309400681818
L1 halo (Az~30k km),334.0,0.08184441959734007,3.0,14,True,451.5744102153073,0.8349006448164858,5.112798075028759,1.6938681596887006
L1 halo (Az~30k km),334.0,0.08184441959734007,7.0,339,True,1.2047658914325743,0.14058486245133645,0.00813680148320575,9.697178994006896
L1 halo (Az~30k km),336.0,0.21501048405993328,3.0,137,True,5.312809952028022,0.22548733452981903,0.02727221821280103,3.4423087167236894
L1 halo (Az~30k km),336.0,0.21501048405993328,7.0,457,True,1.5112215216959288,0.11674936227736424,0.013297720569079527,32.67966378377374
L1 halo (Az~30k km),338.0,0.3863300980549371,3.0,275,True,2.639463270241315,0.16863789271299096,0.012499584563669,4.872041782057726
L1 halo (Az~30k km),338.0,0.3863300980549371,7.0,411,True,0.8126570200424365,0.09034038314528538,0.005968465782860481,25.954248040869725
L1 halo (Az~30k km),340.0,0.5749996896875085,3.0,229,True,6.899716484209331,0.33441304515763676,0.053350762229811305,20.642597521885396
L1 halo (Az~30k km),340.0,0.5749996896875085,7.0,656,True,0.8815921155426334,0.08279116125787116,0.0056766505550057715,5.593862215059724
L1 halo (Az~30k km),342.0,0.7589488830446673,3.0,18,True,166.0875065930291,0.6836360354551737,13.93206674905674,0.2987857936182256
L1 halo (Az~30k km),342.0,0.7589488830446673,7.0,823,True,1.496430115173683,0.10023268696810057,0.009984506190667366,5.553357035826335
L1 halo (Az~30k km),344.0,0.9099723036441303,3.0,427,True,7.942228398805772,0.14084476600135182,0.0516010337956884,0.876962672024607
L1 halo (Az~30k km),344.0,0.9099723036441303,7.0,1109,True,0.6126252525827728,0.08292720642360844,0.004481018998985158,16.291731660537646
L1 halo (Az~30k km),346.0,0.9926717961780023,3.0,612,True,2.3502036535209565,0.12080057823028434,0.014566022279506567,3.5468450842176367
L1 halo (Az~30k km),346.0,0.9926717961780023,7.0,1095,True,0.46545407751575263,0.07422303927607571,0.0036558993038144365,26.408198886588107
L1 halo (Az~30k km),348.0,0.975695653637023,3.0,472,True,1.944141607527221,0.14241845440923864,0.011521993088631834,5.330913822530405
L1 halo (Az~30k km),348.0,0.975695653637023,7.0,737,True,1.141904996769714,0.07559882033358459,0.00982205595409385,37.36195235640304
L1 halo (Az~30k km),350.0,0.8533867658789915,3.0,330,True,2.0949795446206756,0.17485126864926742,0.010798505311964897,5.570339413394383
L1 halo (Az~30k km),350.0,0.8533867658789915,7.0,398,True,7.579134338784742,0.07632035353432971,0.051381629925974656,31.104760846053065
L1 halo (Az~30k km),352.0,0.6557787805279803,3.0,156,True,7.482628244025636,0.3798974389922904,0.050025489797704506,17.492637249348686
L1 halo (Az~30k km),352.0,0.6557787805279803,7.0,156,True,72.29751256911378,0.20110222803316458,0.4496255546034361,12.742231512960368
L1 halo (Az~30k km),354.0,0.43249244949070265,3.0,2,False,nan,nan,nan,nan
L1 halo (Az~30k km),354.0,0.43249244949070265,7.0,2,False,nan,nan,nan,nan
L1 halo (Az~30k km),356.0,0.2299533452175233,3.0,0,False,nan,nan,nan,nan
L1 halo (Az~30k km),356.0,0.2299533452175233,7.0,0,False,nan,nan,nan,nan
L1 halo (Az~30k km),358.0,0.08182407134036002,3.0,0,False,nan,nan,nan,nan
L1 halo (Az~30k km),358.0,0.08182407134036002,7.0,0,False,nan,nan,nan,nan
L1 halo (Az~30k km),360.0,0.007743803243173253,3.0,0,False,nan,nan,nan,nan
L1 halo (Az~30k km),360.0,0.007743803243173253,7.0,13,False,nan,nan,nan,nan
L1 halo (Az~30k km),362.0,0.012810580680628458,3.0,0,False,nan,nan,nan,nan
L1 halo (Az~30k km),362.0,0.012810580680628458,7.0,13,True,5476.061719368589,6.004304913544291,40.18794336980741,27.249752573410646
L1 halo (Az~30k km),364.0,0.08966601195497403,3.0,13,True,1240.9837933493661,3.9438492282053756,12.664495618238405,16.76201811106439
L1 halo (Az~30k km),364.0,0.08966601195497403,7.0,180,True,3.4367452708002966,0.17960403598646485,0.022944946413260874,2.6318530257971675
L2 Lyapunov (mid),0.0,0.37804573200953256,3.0,0,False,nan,nan,nan,nan
L2 Lyapunov (mid),0.0,0.37804573200953256,7.0,0,False,nan,nan,nan,nan
L2 Lyapunov (mid),2.0,0.2007883704273088,3.0,0,False,nan,nan,nan,nan
L2 Lyapunov (mid),2.0,0.2007883704273088,7.0,0,False,nan,nan,nan,nan
L2 Lyapunov (mid),4.0,0.07275050055370824,3.0,0,False,nan,nan,nan,nan
L2 Lyapunov (mid),4.0,0.07275050055370824,7.0,0,False,nan,nan,nan,nan
L2 Lyapunov (mid),6.0,0.007394998065385683,3.0,0,False,nan,nan,nan,nan
L2 Lyapunov (mid),6.0,0.007394998065385683,7.0,0,False,nan,nan,nan,nan
L2 Lyapunov (mid),8.0,0.012013026596608745,3.0,0,False,nan,nan,nan,nan
L2 Lyapunov (mid),8.0,0.012013026596608745,7.0,0,False,nan,nan,nan,nan
L2 Lyapunov (mid),10.0,0.0867082102296382,3.0,0,False,nan,nan,nan,nan
L2 Lyapunov (mid),10.0,0.0867082102296382,7.0,28,False,nan,nan,nan,nan
L2 Lyapunov (mid),12.0,0.22440603393491892,3.0,0,False,nan,nan,nan,nan
L2 Lyapunov (mid),12.0,0.22440603393491892,7.0,334,True,18.36995005050406,0.20851729251931642,0.09492833280310835,0.3753101485067594
L2 Lyapunov (mid),14.0,0.4111221928641952,3.0,28,True,273.46447329859507,0.7334205894936434,11.514961625069589,0.6555892678783467
L2 Lyapunov (mid),14.0,0.4111221928641952,7.0,677,True,10.08686587377162,0.15666334101936435,0.05145836056066619,1.6893859406878105
L2 Lyapunov (mid),16.0,0.6238767578712962,3.0,334,True,18.369952890764115,0.2085172924392536,0.09492834623390366,0.37531004257421385
L2 Lyapunov (mid),16.0,0.6238767578712962,7.0,677,True,24.471202401167815,0.2237052404479803,0.1350390062033656,10.384087658688681
L2 Lyapunov (mid),18.0,0.8254363359888046,3.0,510,True,14.604927782137256,0.1985843186909357,0.07184769021479157,0.9538322741669628
L2 Lyapunov (mid),18.0,0.8254363359888046,7.0,540,True,3.327206620887076,0.26784415409269835,0.020402729075569014,3.1406726593074707
L2 Lyapunov (mid),20.0,0.9646453803113219,3.0,151,True,80.62671740352357,1.9661246180266163,0.48545558973820185,16.63502668970164
L2 Lyapunov (mid),20.0,0.9646453803113219,7.0,461,True,1.3237569530680389,0.1213287622531755,0.007331603480347807,8.60846400363672
L2 Lyapunov (mid),22.0,0.996342673210243,3.0,30,True,84.17903170900524,0.6945982702900462,12.985209153136719,0.4651816759459489
L2 Lyapunov (mid),22.0,0.996342673210243,7.0,488,True,3.448513146887286,0.18662159005082923,0.011404601664585248,6.708185083595879
L2 Lyapunov (mid),24.0,0.9123327538212156,3.0,310,True,11.652942679660383,0.2358539346864151,0.028611687752751414,0.23073418673996351
L2 Lyapunov (mid),24.0,0.9123327538212156,7.0,488,True,10.243889277246675,0.10566177995819488,0.08358667814679561,33.56194827405442
L2 Lyapunov (mid),26.0,0.7466265221944814,3.0,311,True,7.193995362033601,0.24752610514960757,0.019878795505972664,2.8608054867612847
L2 Lyapunov (mid),26.0,0.7466265221944814,7.0,311,True,49.57745200357458,0.20809232164739908,0.2537394880260633,17.891952958062706
L2 Lyapunov (mid),28.0,0.5471858652005019,3.0,70,True,149.1014482549403,1.6130650560805302,1.3336759592828804,31.664108051831846
L2 Lyapunov (mid),28.0,0.5471858652005019,7.0,70,True,936.0202162501935,1.6404476776350714,3.9529864414223375,15.90383659720582
L2 Lyapunov (mid),30.0,0.35145099189759743,3.0,0,False,nan,nan,nan,nan
L2 Lyapunov (mid),30.0,0.35145099189759743,7.0,0,False,nan,nan,nan,nan
L2 Lyapunov (mid),32.0,0.18409752882015085,3.0,0,False,nan,nan,nan,nan
L2 Lyapunov (mid),32.0,0.18409752882015085,7.0,0,False,nan,nan,nan,nan
L2 Lyapunov (mid),34.0,0.06337150939696112,3.0,0,False,nan,nan,nan,nan
L2 Lyapunov (mid),34.0,0.06337150939696112,7.0,0,False,nan,nan,nan,nan
L2 Lyapunov (mid),36.0,0.004114992347496016,3.0,0,False,nan,nan,nan,nan
L2 Lyapunov (mid),36.0,0.004114992347496016,7.0,0,False,nan,nan,nan,nan
L2 Lyapunov (mid),38.0,0.016768376349736158,3.0,0,False,nan,nan,nan,nan
L2 Lyapunov (mid),38.0,0.016768376349736158,7.0,24,True,148.3118143895553,2.5071736632842643,0.7265454373094786,8.39198700084865
L2 Lyapunov (mid),40.0,0.10443510376394904,3.0,0,False,nan,nan,nan,nan
L2 Lyapunov (mid),40.0,0.10443510376394904,7.0,24,True,448.0902377769166,2.388335033248309,3.227582235813163,19.339508056797133
L2 Lyapunov (mid),42.0,0.2599225183959973,3.0,24,True,148.41552743625076,2.5071736737717814,0.7266388198187462,8.387494694183005
L2 Lyapunov (mid),42.0,0.2599225183959973,7.0,324,True,14.423884106099905,0.2019109319909092,0.08380628486221268,0.6799768059715774
L2 Lyapunov (mid),44.0,0.46427643655758943,3.0,0,False,nan,nan,nan,nan
L2 Lyapunov (mid),44.0,0.46427643655758943,7.0,725,True,9.733852515098372,0.14187261560626044,0.0489880726210558,0.8657584444056735
L2 Lyapunov (mid),46.0,0.6853171509167725,3.0,300,True,17.792322634868526,0.21555896206095726,0.09493109695344792,0.19925696381464744
L2 Lyapunov (mid),46.0,0.6853171509167725,7.0,746,True,21.666626356991042,0.21071789766814836,0.11791033791915034,8.245760366166316
L2 Lyapunov (mid),48.0,0.8764878198314991,3.0,612,True,12.199135370271536,0.16012884971119679,0.05954156744026379,0.4968313042164989
L2 Lyapunov (mid),48.0,0.8764878198314991,7.0,633,True,68.6071189608813,0.29300351096468685,0.390411783885667,21.44401261183184
L2 Lyapunov (mid),50.0,0.9863966435991329,3.0,239,True,41.44548243635885,1.0191680253517976,0.231577211607761,7.978988219482322
L2 Lyapunov (mid),50.0,0.9863966435991329,7.0,455,True,1.2344664295170722,0.13549229141342614,0.007210777300240618,11.155308163634343
L2 Lyapunov (mid),52.0,0.9849052899096749,3.0,0,False,nan,nan,nan,nan
L2 Lyapunov (mid),52.0,0.9849052899096749,7.0,374,True,4.826330643499318,0.21584836218837083,0.00964961321147243,2.533203069191664
L2 Lyapunov (mid),54.0,0.8819782388795383,3.0,216,True,14.478078102153896,0.2851707462803168,0.05511917577695298,0.3228022799997743
L2 Lyapunov (mid),54.0,0.8819782388795383,7.0,374,True,10.883239705383437,0.17048207962755735,0.09510485431287646,35.704198626539295
L2 Lyapunov (mid),56.0,0.7149214019774985,3.0,273,True,7.704033871295324,0.25337669682498054,0.0209944060061623,1.178357420569471
L2 Lyapunov (mid),56.0,0.7149214019774985,7.0,273,True,46.98086379618142,0.18454137952908758,0.25266329823601863,20.962580093281915
L2 Lyapunov (mid),58.0,0.5226503866833959,3.0,66,True,62.80867263556136,1.6551297965856446,0.6026854118135144,33.80152580320923
L2 Lyapunov (mid),58.0,0.5226503866833959,7.0,66,True,454.46031614700684,1.6869884766422798,1.9431481507864496,16.02284174167165
L2 Lyapunov (mid),60.0,0.33434867060079787,3.0,0,False,nan,nan,nan,nan
L2 Lyapunov (mid),60.0,0.33434867060079787,7.0,0,False,nan,nan,nan,nan
L2 Lyapunov (mid),62.0,0.17194359511808882,3.0,0,False,nan,nan,nan,nan
L2 Lyapunov (mid),62.0,0.17194359511808882,7.0,0,False,nan,nan,nan,nan
L2 Lyapunov (mid),64.0,0.05489419460500644,3.0,0,False,nan,nan,nan,nan
L2 Lyapunov (mid),64.0,0.05489419460500644,7.0,0,False,nan,nan,nan,nan
L2 Lyapunov (mid),66.0,0.0018950240183716605,3.0,1,False,nan,nan,nan,nan
L2 Lyapunov (mid),66.0,0.0018950240183716605,7.0,1,False,nan,nan,nan,nan
L2 Lyapunov (mid),68.0,0.027896980918357628,3.0,0,False,nan,nan,nan,nan
L2 Lyapunov (mid),68.0,0.027896980918357628,7.0,64,True,49.66938040358292,0.8576422346986827,0.20457986297210107,3.853490561759884
L2 Lyapunov (mid),70.0,0.13696100478493556,3.0,1,False,nan,nan,nan,nan
L2 Lyapunov (mid),70.0,0.13696100478493556,7.0,64,True,113.95672495151203,0.9185798049570854,0.8955431199503695,21.95799701799097
L2 Lyapunov (mid),72.0,0.3164009107513692,3.0,64,True,49.67355647140865,0.8576422347487249,0.20459596057080687,3.8533801692919316
L2 Lyapunov (mid),72.0,0.3164009107513692,7.0,325,True,15.445132936496348,0.21691488472002818,0.09474599265262607,0.4752149083457795
L2 Lyapunov (mid),74.0,0.5367763548429797,3.0,13,False,nan,nan,nan,nan
L2 Lyapunov (mid),74.0,0.5367763548429797,7.0,681,True,5.6397495782837765,0.15199380402612273,0.029663376205846317,1.8676551269666246
L2 Lyapunov (mid),76.0,0.7551796421585458,3.0,261,True,17.700960871843385,0.23947367160534164,0.10348113658670534,0.17371363204329132
L2 Lyapunov (mid),76.0,0.7551796421585458,7.0,745,True,17.600759633466495,0.20653712453992099,0.0943711311079382,6.288506943967274
L2 Lyapunov (mid),78.0,0.9218673328608905,3.0,600,True,12.676899352217292,0.16446222009515404,0.06237967002527526,0.45966270457353403
L2 Lyapunov (mid),78.0,0.9218673328608905,7.0,677,True,51.444295794407665,0.2598835822900924,0.2917319518658,18.39479911500013
L2 Lyapunov (mid),80.0,0.9967401753423297,3.0,277,True,32.70793625694771,0.6562607929086112,0.17310831002862176,3.8714156310256853
L2 Lyapunov (mid),80.0,0.9967401753423297,7.0,411,True,1.577232336224519,0.17131428655720682,0.00955152034379865,10.808949020733339
L2 Lyapunov (mid),82.0,0.9685714974220043,3.0,0,False,nan,nan,nan,nan
L2 Lyapunov (mid),82.0,0.9685714974220043,7.0,254,True,6.8381195012080465,0.26525804131471614,0.011638437525539792,2.0648746217530567
L2 Lyapunov (mid),84.0,0.8562187937600535,3.0,134,True,21.015288083794907,0.3504200166206041,0.08004037151878024,0.3560677813902765
L2 Lyapunov (mid),84.0,0.8562187937600535,7.0,259,True,10.930509682587797,0.2593576687852331,0.09596069150527439,37.01489984458056
L2 Lyapunov (mid),86.0,0.6916324076144439,3.0,210,True,9.566983618673348,0.294149587952486,0.021909459346242905,1.080975473951203
L2 Lyapunov (mid),86.0,0.6916324076144439,7.0,215,True,47.076387077258765,0.16114718055579197,0.27010323792094376,24.786255094805558
L2 Lyapunov (mid),88.0,0.5047341652717422,3.0,55,True,42.92104029227637,1.7186213619446418,0.39636523076041746,31.957445385050583
L2 Lyapunov (mid),88.0,0.5047341652717422,7.0,55,True,359.821557164559,1.7683805338037082,1.5778080506213883,16.14021631222567
L2 Lyapunov (mid),90.0,0.31974074428691635,3.0,0,False,nan,nan,nan,nan
L2 Lyapunov (mid),90.0,0.31974074428691635,7.0,0,False,nan,nan,nan,nan
L2 Lyapunov (mid),92.0,0.1583555202371299,3.0,0,False,nan,nan,nan,nan
L2 Lyapunov (mid),92.0,0.1583555202371299,7.0,0,False,nan,nan,nan,nan
L2 Lyapunov (mid),94.0,0.043883971596802185,3.0,0,False,nan,nan,nan,nan
L2 Lyapunov (mid),94.0,0.043883971596802185,7.0,0,False,nan,nan,nan,nan
L2 Lyapunov (mid),96.0,0.0014210074193025668,3.0,0,False,nan,nan,nan,nan
L2 Lyapunov (mid),96.0,0.0014210074193025668,7.0,29,True,213.21545845872674,0.6233603899837612,0.7778998466964147,0.6236743858545515
L2 Lyapunov (mid),98.0,0.04970715005161691,3.0,0,False,nan,nan,nan,nan
L2 Lyapunov (mid),98.0,0.04970715005161691,7.0,173,True,13.716093990301717,0.3057071561523631,0.0406752822414578,3.132310127338847
L2 Lyapunov (mid),100.0,0.18831973433945037,3.0,29,True,213.4370716903707,0.6233604396858468,0.7786349839653468,0.6236192865691629
L2 Lyapunov (mid),100.0,0.18831973433945037,7.0,173,True,30.657299734387333,0.3532989150524786,0.2558521389472244,28.89082939273892
L2 Lyapunov (mid),102.0,0.3923612244388024,3.0,173,True,13.716151511225343,0.3057071561764715,0.04067544654133451,3.1323067113075016
L2 Lyapunov (mid),102.0,0.3923612244388024,7.0,355,True,8.124609611085901,0.1669395621565254,0.052805252347679854,0.9494306771757127
L2 Lyapunov (mid),104.0,0.6193019106249203,3.0,74,True,95.24757617459095,1.888555679005541,0.8462548550904941,31.985790120228486
L2 Lyapunov (mid),104.0,0.6193019106249203,7.0,620,True,7.35231054184642,0.16361699515365416,0.039084241662322855,1.5485087851174129
L2 Lyapunov (mid),106.0,0.8207733632304991,3.0,182,True,18.905871689997785,0.3095270735672793,0.13542209069834915,0.3035740062439242
L2 Lyapunov (mid),106.0,0.8207733632304991,7.0,696,True,16.358241710820078,0.19837158908985378,0.08632401078030413,4.447586674613501
L2 Lyapunov (mid),108.0,0.9548122768364844,3.0,546,True,13.493045739390832,0.17499601332641967,0.06753839500337862,0.528632033369568
L2 Lyapunov (mid),108.0,0.9548122768364844,7.0,696,True,40.27729765186523,0.22824999054420655,0.2268133467508414,15.695789564754008
L2 Lyapunov (mid),110.0,0.9981852303462153,3.0,324,True,27.13668390888293,0.41833848347724834,0.14057566324041032,2.9685753949470044
L2 Lyapunov (mid),110.0,0.9981852303462153,7.0,396,True,3.353478471889956,0.22519983853043735,0.020613006506075504,7.391944039580687
L2 Lyapunov (mid),112.0,0.9519834296557228,3.0,0,False,nan,nan,nan,nan
L2 Lyapunov (mid),112.0,0.9519834296557228,7.0,173,True,11.714802246433017,0.3210992188462738,0.022746562931184558,0.9209042543996216
L2 Lyapunov (mid),114.0,0.835030268197668,3.0,72,True,36.69593848527354,0.5168632846005226,0.24078703674821494,0.23941471806575204
L2 Lyapunov (mid),114.0,0.835030268197668,7.0,195,True,7.497668481506878,0.32187695036705594,0.0571157547616532,26.38678247032136
L2 Lyapunov (mid),116.0,0.6720668293098465,3.0,173,True,11.714825105226549,0.3210992188659011,0.022746600402611228,0.9209027982095763
L2 Lyapunov (mid),116.0,0.6720668293098465,7.0,195,True,28.54318030890959,0.11271343549026906,0.1830540741983409,27.47484142038703
L2 Lyapunov (mid),118.0,0.4865323994656629,3.0,65,True,22.66653133944965,0.8388713814893104,0.15138899524658075,18.653093661160565
L2 Lyapunov (mid),118.0,0.4865323994656629,7.0,65,True,208.19107755862328,0.8004814310924955,0.9621464478024226,15.635743568171655
L2 Lyapunov (mid),120.0,0.30022908743186255,3.0,0,False,nan,nan,nan,nan
L2 Lyapunov (mid),120.0,0.30022908743186255,7.0,0,False,nan,nan,nan,nan
L2 Lyapunov (mid),122.0,0.13737092541159995,3.0,0,False,nan,nan,nan,nan
L2 Lyapunov (mid),122.0,0.13737092541159995,7.0,0,False,nan,nan,nan,nan
L2 Lyapunov (mid),124.0,0.028446762238983847,3.0,0,False,nan,nan,nan,nan
L2 Lyapunov (mid),124.0,0.028446762238983847,7.0,0,False,nan,nan,nan,nan
L2 Lyapunov (mid),126.0,0.005752991860187184,3.0,0,False,nan,nan,nan,nan
L2 Lyapunov (mid),126.0,0.005752991860187184,7.0,55,True,43.41361981290156,0.4838616223100851,0.1705986047873457,0.6379174033713637
L2 Lyapunov (mid),128.0,0.08677468094203039,3.0,0,False,nan,nan,nan,nan
L2 Lyapunov (mid),128.0,0.08677468094203039,7.0,239,True,8.377294363177853,0.23188509281304703,0.021542889497891085,1.8486187546834019
L2 Lyapunov (mid),130.0,0.2582071718939486,3.0,55,True,43.41527272631651,0.4838616237251689,0.17060375390073795,0.6379079556265453
L2 Lyapunov (mid),130.0,0.2582071718939486,7.0,248,True,15.157909713382535,0.2704350971403423,0.13298892450647198,32.63595899222203
L2 Lyapunov (mid),132.0,0.47873666480732685,3.0,235,True,9.293078774234662,0.23645738603021557,0.026754585150131297,1.579496900740436
L2 Lyapunov (mid),132.0,0.47873666480732685,7.0,364,True,4.961293736785914,0.13448141699905677,0.034675394340113005,1.3557566733346178
L2 Lyapunov (mid),134.0,0.6979835413629789,3.0,112,True,40.928320424203214,1.116477309234656,0.39371320704842155,33.09763578438542
L2 Lyapunov (mid),134.0,0.6979835413629789,7.0,550,True,8.989456836825592,0.17460094205660917,0.04855057988597972,1.4681496439728858
L2 Lyapunov (mid),136.0,0.8730559181855757,3.0,120,True,22.697364429632625,0.42630735770483913,0.2917630238409335,0.5726552474568218
L2 Lyapunov (mid),136.0,0.8730559181855757,7.0,596,True,16.039491737416366,0.2079784544056344,0.08329554435573222,3.489267804022018
L2 Lyapunov (mid),138.0,0.9757924284384508,3.0,438,True,16.01074075145642,0.19943722146669823,0.08171001934368628,0.5675862486507037
L2 Lyapunov (mid),138.0,0.9757924284384508,7.0,596,True,39.183222948717365,0.24856256489667272,0.21823793288311472,13.351819590616936
L2 Lyapunov (mid),140.0,0.9953478220710825,3.0,308,True,26.504424019401014,0.3735482082911638,0.13417142660773934,2.1137754536914692
L2 Lyapunov (mid),140.0,0.9953478220710825,7.0,367,True,5.112879685086039,0.2458907756300709,0.03151931768834503,5.673535161832488
L2 Lyapunov (mid),142.0,0.9368648731959088,3.0,24,True,10577.831593069728,22.8658999906307,61.432870089083394,18.434242841672614
L2 Lyapunov (mid),142.0,0.9368648731959088,7.0,190,True,3.36603309206827,0.21673943981790791,0.018707578977888686,6.9573359336370455
L2 Lyapunov (mid),144.0,0.8155736685198697,3.0,59,True,50.13308101923987,0.7545309207908784,1.0669153547251031,0.9522828396092733
L2 Lyapunov (mid),144.0,0.8155736685198697,7.0,185,True,9.555209231570807,0.3833580700569182,0.06104462680981153,22.766488703791953
L2 Lyapunov (mid),146.0,0.6502956610594088,3.0,166,True,14.444616728275253,0.3294891028857232,0.030270152721138678,0.46054943282337685
L2 Lyapunov (mid),146.0,0.6502956610594088,7.0,185,True,35.77536388998848,0.10389544373136483,0.252201093592932,32.518140962108156
L2 Lyapunov (mid),148.0,0.4606281564535869,3.0,66,True,22.966096202476248,0.941843847482684,0.12982004058249202,16.323398905251747
L2 Lyapunov (mid),148.0,0.4606281564535869,7.0,66,True,209.33439102204176,0.8855053766665291,0.9796415443255715,18.098097271513094
L2 Lyapunov (mid),150.0,0.2689809666414978,3.0,0,False,nan,nan,nan,nan
L2 Lyapunov (mid),150.0,0.2689809666414978,7.0,0,False,nan,nan,nan,nan
L2 Lyapunov (mid),152.0,0.10590837982136636,3.0,0,False,nan,nan,nan,nan
L2 Lyapunov (mid),152.0,0.10590837982136636,7.0,0,False,nan,nan,nan,nan
L2 Lyapunov (mid),154.0,0.011375400091709231,3.0,0,False,nan,nan,nan,nan
L2 Lyapunov (mid),154.0,0.011375400091709231,7.0,0,False,nan,nan,nan,nan
L2 Lyapunov (mid),156.0,0.021051233859922913,3.0,0,False,nan,nan,nan,nan
L2 Lyapunov (mid),156.0,0.021051233859922913,7.0,65,True,33.13981757219454,0.5235753357362728,0.18265224322865306,0.5976690903876398
L2 Lyapunov (mid),158.0,0.14126017595999263,3.0,0,False,nan,nan,nan,nan
L2 Lyapunov (mid),158.0,0.14126017595999263,7.0,237,True,9.211050709000148,0.23868596079708565,0.020579975056136506,1.6049307663077763
L2 Lyapunov (mid),160.0,0.338954880080059,3.0,65,True,33.140561058790674,0.5235753358019136,0.18265586952309704,0.5976573035426721
L2 Lyapunov (mid),160.0,0.338954880080059,7.0,294,True,8.144538973243828,0.23326278895586125,0.06967941118114564,29.655657506141228
L2 Lyapunov (mid),162.0,0.5614877914801869,3.0,232,True,9.77260313911005,0.24288159928834543,0.023650651382661987,1.4604137524682894
L2 Lyapunov (mid),162.0,0.5614877914801869,7.0,313,True,2.9116282305167758,0.10541565771214545,0.02203512271432029,3.0077847756695273
L2 Lyapunov (mid),164.0,0.762440219878511,3.0,151,True,18.18579711027845,0.6117466740581498,0.16622582670663427,27.660170699958066
L2 Lyapunov (mid),164.0,0.762440219878511,7.0,479,True,10.025448093481756,0.1918406725413742,0.055638350239647055,1.306614002288233
L2 Lyapunov (mid),166.0,0.9106191387150842,3.0,24,True,85.4420602510236,0.8031537529857826,3.738257504432306,0.781914430128322
L2 Lyapunov (mid),166.0,0.9106191387150842,7.0,546,True,11.594660068305824,0.19053323941731107,0.05933265149018028,1.664525980514843
L2 Lyapunov (mid),168.0,0.9885254269102031,3.0,328,True,17.837794215044035,0.22853960341846627,0.09385778824020914,0.486888598272844
L2 Lyapunov (mid),168.0,0.9885254269102031,7.0,546,True,28.15184259717473,0.2540046572307638,0.15547067386164196,10.514676505358501
L2 Lyapunov (mid),170.0,0.9906946661894735,3.0,362,True,19.461150860926026,0.25065303573440184,0.0955577736108454,0.7177650603839781
L2 Lyapunov (mid),170.0,0.9906946661894735,7.0,375,True,4.413534187976557,0.3463055410787875,0.02708998805418446,4.765875688483557
L2 Lyapunov (mid),172.0,0.9217701058419269,3.0,86,True,136.10104129963776,2.4314140470312875,0.8095756668520823,14.848279546692437
L2 Lyapunov (mid),172.0,0.9217701058419269,7.0,214,True,1.8416147972190788,0.1830537082243144,0.010346471806866738,10.138552766322888
L2 Lyapunov (mid),174.0,0.793049147812861,3.0,13,False,nan,nan,nan,nan
L2 Lyapunov (mid),174.0,0.793049147812861,7.0,135,True,16.581749077969672,0.6266688837516106,0.0965664718539051,23.520317196040097
L2 Lyapunov (mid),176.0,0.6196501939013835,3.0,128,True,20.787155899029756,0.37888945198746316,0.04407738787418898,0.17520891996687302
L2 Lyapunov (mid),176.0,0.6196501939013835,7.0,135,True,59.51036912739638,0.23240603367584947,0.4533582069728246,39.17099326388817
L2 Lyapunov (mid),178.0,0.4205956524829108,3.0,54,True,30.781469925752518,1.5209577072050418,0.17304478295659842,18.36909081866688
L2 Lyapunov (mid),178.0,0.4205956524829108,7.0,54,True,282.2716312603275,1.3578151265674543,1.3443892817218295,21.45546360236855
L2 Lyapunov (mid),180.0,0.2230050965316448,3.0,0,False,nan,nan,nan,nan
L2 Lyapunov (mid),180.0,0.2230050965316448,7.0,0,False,nan,nan,nan,nan
L2 Lyapunov (mid),182.0,0.06723214871794103,3.0,0,False,nan,nan,nan,nan
L2 Lyapunov (mid),182.0,0.06723214871794103,7.0,0,False,nan,nan,nan,nan
L2 Lyapunov (mid),184.0,0.0008347380219567713,3.0,0,False,nan,nan,nan,nan
L2 Lyapunov (mid),184.0,0.0008347380219567713,7.0,0,False,nan,nan,nan,nan
L2 Lyapunov (mid),186.0,0.05260620741890687,3.0,0,False,nan,nan,nan,nan
L2 Lyapunov (mid),186.0,0.05260620741890687,7.0,60,True,37.14147614870781,0.6657955245053129,0.41866430301948326,0.775684543673311
L2 Lyapunov (mid),188.0,0.20761718483278457,3.0,0,False,nan,nan,nan,nan
L2 Lyapunov (mid),188.0,0.20761718483278457,7.0,229,True,10.54281491237933,0.2451553393526664,0.0215483061654466,1.3574514635012405
L2 Lyapunov (mid),190.0,0.4168498055133633,3.0,60,True,37.14208869544302,0.6657956109783605,0.4186847002437344,0.7756551653089386
L2 Lyapunov (mid),190.0,0.4168498055133633,7.0,330,True,6.112213730414663,0.219884175543548,0.045720929426229434,25.139239179964573
L2 Lyapunov (mid),192.0,0.6294273375244753,3.0,229,True,10.542832919117064,0.2451553393666102,0.02154833761066396,1.3574505111693236
L2 Lyapunov (mid),192.0,0.6294273375244753,7.0,330,True,23.42484949672876,0.08878603946600955,0.15161715386746225,26.758428427676353
L2 Lyapunov (mid),194.0,0.8098210155350691,3.0,193,True,11.129004468680108,0.4683855245265789,0.08248811801054506,20.534671493840523
L2 Lyapunov (mid),194.0,0.8098210155350691,7.0,491,True,9.287358196869086,0.18864415863231668,0.053505775216559304,1.251252593938301
L2 Lyapunov (mid),196.0,0.9361603462137678,3.0,0,False,nan,nan,nan,nan
L2 Lyapunov (mid),196.0,0.9361603462137678,7.0,570,True,13.127636076942288,0.17327774937918677,0.06613833407477894,0.8459648979195191
L2 Lyapunov (mid),198.0,0.9958187728810944,3.0,298,True,18.239444186780023,0.2382868714009626,0.09949591861553808,0.3176162159605821
L2 Lyapunov (mid),198.0,0.9958187728810944,7.0,582,True,28.65793631384436,0.23885759363893702,0.15609060421286922,8.325194942217529
L2 Lyapunov (mid),200.0,0.9840246588155496,3.0,427,True,17.199838106900202,0.20396765254088622,0.08416915625620905,0.46671470836134615
L2 Lyapunov (mid),200.0,0.9840246588155496,7.0,439,True,93.85570231339112,0.35022441386319264,0.5341245666696298,21.606692469182224
L2 Lyapunov (mid),202.0,0.9031481488325839,3.0,143,True,63.026801102374556,1.338228194972289,0.35086987999703206,7.95877286830452
L2 Lyapunov (mid),202.0,0.9031481488325839,7.0,212,True,2.2737322621885476,0.23266940000157235,0.01378262798348591,16.114791578204635
L2 Lyapunov (mid),204.0,0.7617803652380404,3.0,0,False,nan,nan,nan,nan
L2 Lyapunov (mid),204.0,0.7617803652380404,7.0,69,True,38.93230563975494,1.472529910014132,0.2382040481326739,28.097389797170578
L2 Lyapunov (mid),206.0,0.5745030758480485,3.0,69,True,32.36725191423036,0.6641776159385091,0.10127185489105342,0.3245271202261946
L2 Lyapunov (mid),206.0,0.5745030758480485,7.0,69,True,136.68703528214434,0.7815318614834096,1.0892918540188354,46.79631473851101
L2 Lyapunov (mid),208.0,0.3639511102736108,3.0,25,True,213.682312701457,3.3045757835389096,1.0569473399692648,19.595790892033843
L2 Lyapunov (mid),208.0,0.3639511102736108,7.0,25,True,1915.0470349752725,2.6327410753122953,9.546741678313971,24.79322305820136
L2 Lyapunov (mid),210.0,0.1660699534890553,3.0,0,False,nan,nan,nan,nan
L2 Lyapunov (mid),210.0,0.1660699534890553,7.0,0,False,nan,nan,nan,nan
L2 Lyapunov (mid),212.0,0.03113927377152298,3.0,0,False,nan,nan,nan,nan
L2 Lyapunov (mid),212.0,0.03113927377152298,7.0,0,False,nan,nan,nan,nan
L2 Lyapunov (mid),214.0,0.005196259856803942,3.0,0,False,nan,nan,nan,nan
L2 Lyapunov (mid),214.0,0.005196259856803942,7.0,0,False,nan,nan,nan,nan
L2 Lyapunov (mid),216.0,0.09747689556352584,3.0,0,False,nan,nan,nan,nan
L2 Lyapunov (mid),216.0,0.09747689556352584,7.0,43,True,66.92266804674142,0.6678240865558396,0.8649730020559533,0.9533922046475838
L2 Lyapunov (mid),218.0,0.27281307086612394,3.0,0,False,nan,nan,nan,nan
L2 Lyapunov (mid),218.0,0.27281307086612394,7.0,242,True,10.747498914011677,0.24170166502509513,0.020806295814851095,1.2588557805801714
L2 Lyapunov (mid),220.0,0.48006557288092117,3.0,43,True,66.92286009450098,0.667825384412524,0.8650924205053665,0.9533849552840469
L2 Lyapunov (mid),220.0,0.48006557288092117,7.0,397,True,3.9792309573268563,0.207928340919078,0.023105282584902374,17.978358373984392
L2 Lyapunov (mid),222.0,0.6785520201705064,3.0,242,True,10.74751673498546,0.2417016650346096,0.02080632113749517,1.2588548560744748
L2 Lyapunov (mid),222.0,0.6785520201705064,7.0,397,True,14.718522783523476,0.09644077016399627,0.10607602793229921,30.79336708831885
L2 Lyapunov (mid),224.0,0.8420247549295681,3.0,264,True,7.391515757268228,0.34541084623436746,0.03183700665427588,10.110007030803946
L2 Lyapunov (mid),224.0,0.8420247549295681,7.0,516,True,7.218907453171059,0.1706762492962709,0.04364753578345831,1.3121211044565297
L2 Lyapunov (mid),226.0,0.9529283954239258,3.0,26,True,1388.2719341651957,4.216245843514625,10.787348862731017,29.492311167698272
L2 Lyapunov (mid),226.0,0.9529283954239258,7.0,567,True,6.156274315222814,0.17260401835534447,0.03237920502044034,1.9443053446127234
L2 Lyapunov (mid),228.0,0.9990653369991307,3.0,252,True,19.14876951955918,0.24672666808771562,0.11570297965101181,0.2180485210408611
L2 Lyapunov (mid),228.0,0.9990653369991307,7.0,584,True,23.81037191668226,0.23684895911803755,0.1276373902616255,6.647339009745493
L2 Lyapunov (mid),230.0,0.973658935370646,3.0,457,True,16.49883234560519,0.19426544121459835,0.08125588365895513,0.32865712455857476
L2 Lyapunov (mid),230.0,0.973658935370646,7.0,500,True,72.47532388721079,0.306173722297242,0.4106765479417573,18.67499503829279
L2 Lyapunov (mid),232.0,0.87680822822877,3.0,182,True,51.040999499770756,0.8934124536657639,0.27083348699001497,4.194576280501798
L2 Lyapunov (mid),232.0,0.87680822822877,7.0,193,True,16.43542330422147,0.5198288566100587,0.10101304108413581,20.74208241076495
L2 Lyapunov (mid),234.0,0.7170726382337808,3.0,0,False,nan,nan,nan,nan
L2 Lyapunov (mid),234.0,0.7170726382337808,7.0,11,True,4476.0559471837205,10.292169711016136,31.29740102677579,43.854906788249416
L2 Lyapunov (mid),236.0,0.5127081786278377,3.0,11,True,1436.1431846660755,4.8572071022874725,12.845585653959393,11.280820324358903
L2 Lyapunov (mid),236.0,0.5127081786278377,7.0,11,True,15649.476096576773,6.638714776088372,121.4356066675928,56.059891090460994
L2 Lyapunov (mid),238.0,0.2944250603514018,3.0,0,False,nan,nan,nan,nan
L2 Lyapunov (mid),238.0,0.2944250603514018,7.0,0,False,nan,nan,nan,nan
L2 Lyapunov (mid),240.0,0.1086141653337303,3.0,0,False,nan,nan,nan,nan
L2 Lyapunov (mid),240.0,0.1086141653337303,7.0,0,False,nan,nan,nan,nan
L2 Lyapunov (mid),242.0,0.008327100944112154,3.0,0,False,nan,nan,nan,nan
L2 Lyapunov (mid),242.0,0.008327100944112154,7.0,20,True,241.98367319060793,1.010699722345683,1.3605994036756788,2.027037490500015
L2 Lyapunov (mid),244.0,0.02439343571774738,3.0,0,False,nan,nan,nan,nan
L2 Lyapunov (mid),244.0,0.02439343571774738,7.0,20,True,603.3533398734832,2.8159646121698807,3.357222997713546,11.529246683035652
L2 Lyapunov (mid),246.0,0.14398030411622498,3.0,20,True,241.98365480696924,1.0106997239579139,1.360613251660072,2.0270447079371956
L2 Lyapunov (mid),246.0,0.14398030411622498,7.0,40,True,49.370765246219726,0.4472695818786493,0.29342873387223706,1.5224743226650956
L2 Lyapunov (mid),248.0,0.32475672894873925,3.0,16,True,4514.814880330546,23.010312600835636,27.062833506737295,17.664454298008145
L2 Lyapunov (mid),248.0,0.32475672894873925,7.0,281,True,3.667819523032959,0.17720060943972538,0.019545367895671135,4.9253288417770325
L2 Lyapunov (mid),250.0,0.5237678748599126,3.0,20,False,nan,nan,nan,nan
L2 Lyapunov (mid),250.0,0.5237678748599126,7.0,550,True,3.2647565320638785,0.15860538521704667,0.010303161275929583,6.841857095348213
L2 Lyapunov (mid),252.0,0.710293880041411,3.0,265,True,12.032822572301495,0.24043607421981752,0.031304522908524694,0.9053175283406091
L2 Lyapunov (mid),252.0,0.710293880041411,7.0,550,True,9.698535787923728,0.1093769339786328,0.07923526768303457,32.72333802303928
L2 Lyapunov (mid),254.0,0.862918993223363,3.0,419,True,5.6481581864318855,0.19996180808614908,0.015581835178614674,3.689696430383117
L2 Lyapunov (mid),254.0,0.862918993223363,7.0,587,True,5.02235154531585,0.13403436862703735,0.03240620706561617,1.176451461131453
L2 Lyapunov (mid),256.0,0.9641746360666748,3.0,130,True,87.52362046545615,1.3280694847449783,0.7725588201391713,31.676816688517796
L2 Lyapunov (mid),256.0,0.9641746360666748,7.0,573,True,7.665203881385612,0.18139485260632146,0.04077810074226111,1.41524405202157
L2 Lyapunov (mid),258.0,0.999069502386106,3.0,168,True,22.08708778397823,0.2990327025158775,0.16167460598453434,0.07355102207954195
L2 Lyapunov (mid),258.0,0.999069502386106,7.0,540,True,18.930650763549696,0.23337510615908583,0.10011095820626009,4.427006930423086
L2 Lyapunov (mid),260.0,0.9575749684947479,3.0,443,True,17.09281481848396,0.1993576874893719,0.08563461283208593,0.24546767009191733
L2 Lyapunov (mid),260.0,0.9575749684947479,7.0,540,True,46.64073483473187,0.26060548013248647,0.2628245310549679,15.808409223052838
L2 Lyapunov (mid),262.0,0.8392883680612382,3.0,225,True,41.75961781882076,0.5220378347152674,0.21504219450108455,2.4127589981602764
L2 Lyapunov (mid),262.0,0.8392883680612382,7.0,225,True,254.02439644057628,0.743042181815153,1.4445204962447817,32.19320773241266
L2 Lyapunov (mid),264.0,0.6569507495520097,3.0,0,False,nan,nan,nan,nan
L2 Lyapunov (mid),264.0,0.6569507495520097,7.0,0,False,nan,nan,nan,nan
L2 Lyapunov (mid),266.0,0.437425362266624,3.0,0,False,nan,nan,nan,nan
L2 Lyapunov (mid),266.0,0.437425362266624,7.0,0,False,nan,nan,nan,nan
L2 Lyapunov (mid),268.0,0.2221069073116682,3.0,0,False,nan,nan,nan,nan
L2 Lyapunov (mid),268.0,0.2221069073116682,7.0,0,False,nan,nan,nan,nan
L2 Lyapunov (mid),270.0,0.06255186622613151,3.0,0,False,nan,nan,nan,nan
L2 Lyapunov (mid),270.0,0.06255186622613151,7.0,0,False,nan,nan,nan,nan
L2 Lyapunov (mid),272.0,0.0015006474185598195,3.0,0,False,nan,nan,nan,nan
L2 Lyapunov (mid),272.0,0.0015006474185598195,7.0,63,True,49.21224006593426,0.4815998943327483,0.22095086271678896,0.6590144204799481
L2 Lyapunov (mid),274.0,0.049014619301319895,3.0,0,False,nan,nan,nan,nan
L2 Lyapunov (mid),274.0,0.049014619301319895,7.0,63,True,114.03305449621166,1.3238602561428945,0.6170043755807428,6.649869352469719
L2 Lyapunov (mid),276.0,0.18066094003452732,3.0,63,True,49.21235380748323,0.4815998942939611,0.22095116921146932,0.6590113571242265
L2 Lyapunov (mid),276.0,0.18066094003452732,7.0,63,True,282.9099204535949,1.685072227561695,1.615218452820608,20.939619602489763
L2 Lyapunov (mid),278.0,0.35847595377520663,3.0,48,True,144.48777533204714,3.4030860585794795,0.8363497076133122,11.233408024550926
L2 Lyapunov (mid),278.0,0.35847595377520663,7.0,329,True,2.2736001188215624,0.14210812228835923,0.012262526333549337,5.4342603274852275
L2 Lyapunov (mid),280.0,0.5495332067412931,3.0,0,False,nan,nan,nan,nan
L2 Lyapunov (mid),280.0,0.5495332067412931,7.0,645,True,3.472965077222369,0.14115594950731686,0.006975039761757136,3.1307128969474296
L2 Lyapunov (mid),282.0,0.7294495008298794,3.0,281,True,12.414181665865133,0.24191749395250492,0.0422154025489929,0.7273631410837313
L2 Lyapunov (mid),282.0,0.7294495008298794,7.0,660,True,7.5533083054456585,0.1221359035276876,0.06636597330797764,35.03552012933336
L2 Lyapunov (mid),284.0,0.8776142894276,3.0,518,True,5.2005710487877534,0.16309556599301514,0.01396123494353354,1.7902308505261768
L2 Lyapunov (mid),284.0,0.8776142894276,7.0,640,True,3.1963852717793726,0.10381389292912468,0.022236497554915788,1.3660528739106554
L2 Lyapunov (mid),286.0,0.9732401723544046,3.0,208,True,31.076801764106943,0.7893311889414015,0.2949846978710385,32.860211238729676
L2 Lyapunov (mid),286.0,0.9732401723544046,7.0,557,True,8.905717714346553,0.1977103756090897,0.0481974627511889,1.1939861510645597
L2 Lyapunov (mid),288.0,0.996221590592206,3.0,107,True,27.82576857501355,0.405496478646895,0.35255697905401967,0.16703623752130087
L2 Lyapunov (mid),288.0,0.996221590592206,7.0,455,True,19.532232546052697,0.2412991996854638,0.10177706736760846,3.024431297256055
L2 Lyapunov (mid),290.0,0.933667700970233,3.0,349,True,22.591630156617306,0.22785157500069053,0.11439928201263533,0.02922974041810337
L2 Lyapunov (mid),290.0,0.933667700970233,7.0,455,True,47.80750732813613,0.2823280311187505,0.267037291876831,13.184462090852303
L2 Lyapunov (mid),292.0,0.7885783626800744,3.0,218,True,50.718575031344876,0.42096466349217687,0.2556705225183192,1.449054149468926
L2 Lyapunov (mid),292.0,0.7885783626800744,7.0,218,True,306.6817115901888,0.6321148222019353,1.746722889746806,28.50268712692594
L2 Lyapunov (mid),294.0,0.5836280059634709,3.0,19,True,25231.563970824573,31.8000125347651,149.5132700232546,18.524832854762977
L2 Lyapunov (mid),294.0,0.5836280059634709,7.0,19,True,157715.94745654328,30.59873193346182,886.3777455845332,50.74787128212907
L2 Lyapunov (mid),296.0,0.357826013749894,3.0,0,False,nan,nan,nan,nan
L2 Lyapunov (mid),296.0,0.357826013749894,7.0,0,False,nan,nan,nan,nan
L2 Lyapunov (mid),298.0,0.15922817359359936,3.0,0,False,nan,nan,nan,nan
L2 Lyapunov (mid),298.0,0.15922817359359936,7.0,0,False,nan,nan,nan,nan
L2 Lyapunov (mid),300.0,0.03291826547792176,3.0,0,False,nan,nan,nan,nan
L2 Lyapunov (mid),300.0,0.03291826547792176,7.0,0,False,nan,nan,nan,nan
L2 Lyapunov (mid),302.0,0.00421443321910242,3.0,0,False,nan,nan,nan,nan
L2 Lyapunov (mid),302.0,0.00421443321910242,7.0,122,True,36.933221100457274,0.3457769847207934,0.17193397460657567,0.7369837670096676
L2 Lyapunov (mid),304.0,0.06928181126121746,3.0,0,False,nan,nan,nan,nan
L2 Lyapunov (mid),304.0,0.06928181126121746,7.0,161,True,57.32356164355646,0.5608246370969185,0.30421401641575413,4.854119416463283
L2 Lyapunov (mid),306.0,0.20323208264559567,3.0,122,True,36.93325224770105,0.3457769847188208,0.17193407740982158,0.7369828785682175
L2 Lyapunov (mid),306.0,0.20323208264559567,7.0,161,True,141.720360968416,0.739257817121188,0.8068933175605096,17.701122498263743
L2 Lyapunov (mid),308.0,0.37642259260589067,3.0,113,True,64.89925412136002,0.9588191220229201,0.34365787471833464,4.500610396297911
L2 Lyapunov (mid),308.0,0.37642259260589067,7.0,330,True,1.5824668089589415,0.14192182020734012,0.009266747899759536,9.197224626877569
L2 Lyapunov (mid),310.0,0.5636187436556063,3.0,0,False,nan,nan,nan,nan
L2 Lyapunov (mid),310.0,0.5636187436556063,7.0,600,True,4.570804388765702,0.15004215736737225,0.007999874350684258,1.9280666958194232
L2 Lyapunov (mid),312.0,0.743073423250122,3.0,217,True,17.236056176442652,0.27234865072012104,0.06883733092745803,0.5177305439488149
L2 Lyapunov (mid),312.0,0.743073423250122,7.0,691,True,4.6942715252597935,0.14445181250545017,0.04123928427812367,32.62776837485162
L2 Lyapunov (mid),314.0,0.8917513881200332,3.0,546,True,5.404222096301273,0.15963531513272394,0.012517680599576801,1.421231744719701
L2 Lyapunov (mid),314.0,0.8917513881200332,7.0,665,True,1.9915475676031194,0.07519107314765482,0.014785021519303969,4.690200198296278
L2 Lyapunov (mid),316.0,0.9827044270401446,3.0,294,True,10.809425857833123,0.4749915933759199,0.0984790500073706,28.443792286154334
L2 Lyapunov (mid),316.0,0.9827044270401446,7.0,540,True,8.855486516377468,0.21360522181601407,0.04910356282226016,1.1972672247136336
L2 Lyapunov (mid),318.0,0.9895453292092574,3.0,28,True,96.17454537920135,0.7148617210960327,7.815729762243234,0.25867845565410635
L2 Lyapunov (mid),318.0,0.9895453292092574,7.0,327,True,22.13544179233274,0.29344329146003784,0.11375907174421807,1.9571892760623473
L2 Lyapunov (mid),320.0,0.899422236676011,3.0,246,True,30.61653140453035,0.26170056793588264,0.15850979910474425,0.19321465328122053
L2 Lyapunov (mid),320.0,0.899422236676011,7.0,327,True,53.75113573514443,0.3626729890290844,0.2965297715966331,10.926335835310338
L2 Lyapunov (mid),322.0,0.7254008754122315,3.0,180,True,53.21675522713972,0.43691653895839666,0.26379040127222614,0.7055873081408807
L2 Lyapunov (mid),322.0,0.7254008754122315,7.0,180,True,319.2696912898851,0.6510350870298004,1.8194319278742255,25.027560421127827
L2 Lyapunov (mid),324.0,0.5049817159633189,3.0,18,True,1523.4219909799906,6.064110954074337,9.17745164271232,14.734942654207789
L2 Lyapunov (mid),324.0,0.5049817159633189,7.0,18,True,9599.180853792775,6.605399750643249,53.55219263910656,46.77751744098544
L2 Lyapunov (mid),326.0,0.28596179088687423,3.0,0,False,nan,nan,nan,nan
L2 Lyapunov (mid),326.0,0.28596179088687423,7.0,0,False,nan,nan,nan,nan
L2 Lyapunov (mid),328.0,0.1126290766156734,3.0,0,False,nan,nan,nan,nan
L2 Lyapunov (mid),328.0,0.1126290766156734,7.0,0,False,nan,nan,nan,nan
L2 Lyapunov (mid),330.0,0.016408396853990315,3.0,0,False,nan,nan,nan,nan
L2 Lyapunov (mid),330.0,0.016408396853990315,7.0,10,False,nan,nan,nan,nan
L2 Lyapunov (mid),332.0,0.008955509483708879,3.0,0,False,nan,nan,nan,nan
L2 Lyapunov (mid),332.0,0.008955509483708879,7.0,150,True,39.957399672625954,0.29989829180335104,0.19239236575624902,0.7845331194637719
L2 Lyapunov (mid),334.0,0.08184441959734007,3.0,10,True,1567.22771902064,1.3460916163848327,19.63539094550908,1.270673984135771
L2 Lyapunov (mid),334.0,0.08184441959734007,7.0,236,True,38.49828113809737,0.3580506031109112,0.2016692143817785,4.034445642445669
L2 Lyapunov (mid),336.0,0.21501048405993328,3.0,150,True,39.957426681749325,0.2998982916482364,0.19239248795245273,0.7845328761837631
L2 Lyapunov (mid),336.0,0.21501048405993328,7.0,236,True,94.75255868597641,0.4842617890745053,0.5350757406965192,15.3175295401046
L2 Lyapunov (mid),338.0,0.3863300980549371,3.0,166,True,54.69256610603526,0.5752690609988874,0.2793629910366592,2.8801146108159403
L2 Lyapunov (mid),338.0,0.3863300980549371,7.0,324,True,2.352476722201552,0.16259092027833352,0.014292488647716468,7.261980341323083
L2 Lyapunov (mid),340.0,0.5749996896875085,3.0,0,False,nan,nan,nan,nan
L2 Lyapunov (mid),340.0,0.5749996896875085,7.0,563,True,5.582904327686776,0.15899324990619676,0.01214878555642295,1.0470347092885386
L2 Lyapunov (mid),342.0,0.7589488830446673,3.0,158,True,19.425533000452624,0.3367072490312585,0.15542842204355195,0.5269430925575346
L2 Lyapunov (mid),342.0,0.7589488830446673,7.0,760,True,3.3609621748425074,0.14754725683016026,0.025305462026741915,25.097371241244407
L2 Lyapunov (mid),344.0,0.9099723036441303,3.0,563,True,5.582906894162148,0.15899324990385025,0.01214879001176013,1.0470343791574768
L2 Lyapunov (mid),344.0,0.9099723036441303,7.0,760,True,12.849379432581818,0.057353767943784266,0.08279744588256109,26.538246689431155
L2 Lyapunov (mid),346.0,0.9926717961780023,3.0,412,True,6.062928508953918,0.31074498948924306,0.043119063169706436,19.77233791432518
L2 Lyapunov (mid),346.0,0.9926717961780023,7.0,583,True,7.8555915026553444,0.20609735999176307,0.04504173357032681,1.3451310850938378
L2 Lyapunov (mid),348.0,0.975695653637023,3.0,0,False,nan,nan,nan,nan
L2 Lyapunov (mid),348.0,0.975695653637023,7.0,204,True,56.950137041194274,0.506969108964949,0.28925998296171906,2.650283341715138
L2 Lyapunov (mid),350.0,0.8533867658789915,3.0,171,True,34.86779290522169,0.3172979583291393,0.18861622784605397,0.33990548917977276
L2 Lyapunov (mid),350.0,0.8533867658789915,7.0,204,True,136.4238614230644,0.637093204474834,0.7344231288329889,10.170528754315722
L2 Lyapunov (mid),352.0,0.6557787805279803,3.0,119,True,89.60127960694365,0.795619043246253,0.44913998418683426,1.6323856293231573
L2 Lyapunov (mid),352.0,0.6557787805279803,7.0,119,True,531.647009280259,1.0458473741693026,3.0068696832462454,22.5550485763114
L2 Lyapunov (mid),354.0,0.43249244949070265,3.0,2,False,nan,nan,nan,nan
L2 Lyapunov (mid),354.0,0.43249244949070265,7.0,2,False,nan,nan,nan,nan
L2 Lyapunov (mid),356.0,0.2299533452175233,3.0,0,False,nan,nan,nan,nan
L2 Lyapunov (mid),356.0,0.2299533452175233,7.0,0,False,nan,nan,nan,nan
L2 Lyapunov (mid),358.0,0.08182407134036002,3.0,0,False,nan,nan,nan,nan
L2 Lyapunov (mid),358.0,0.08182407134036002,7.0,0,False,nan,nan,nan,nan
L2 Lyapunov (mid),360.0,0.007743803243173253,3.0,0,False,nan,nan,nan,nan
L2 Lyapunov (mid),360.0,0.007743803243173253,7.0,18,False,nan,nan,nan,nan
L2 Lyapunov (mid),362.0,0.012810580680628458,3.0,0,False,nan,nan,nan,nan
L2 Lyapunov (mid),362.0,0.012810580680628458,7.0,158,True,46.268649069808234,0.28323127718903596,0.23016846690209267,0.7809258035012572
L2 Lyapunov (mid),364.0,0.08966601195497403,3.0,18,True,626.4789069954554,1.0075184867586573,7.049269757297982,0.9264459598486556
L2 Lyapunov (mid),364.0,0.08966601195497403,7.0,273,True,25.582688203539767,0.28558624355977275,0.13223831868932154,3.1462652215823073
DRO (~70k km),0.0,0.37804573200953256,3.0,2,False,nan,nan,nan,nan
DRO (~70k km),0.0,0.37804573200953256,7.0,2,False,nan,nan,nan,nan
DRO (~70k km),2.0,0.2007883704273088,3.0,0,False,nan,nan,nan,nan
DRO (~70k km),2.0,0.2007883704273088,7.0,0,False,nan,nan,nan,nan
DRO (~70k km),4.0,0.07275050055370824,3.0,0,False,nan,nan,nan,nan
DRO (~70k km),4.0,0.07275050055370824,7.0,0,False,nan,nan,nan,nan
DRO (~70k km),6.0,0.007394998065385683,3.0,0,False,nan,nan,nan,nan
DRO (~70k km),6.0,0.007394998065385683,7.0,10,True,560.1905953538036,1.6426769684719502,2.8171768846513356,0.5194584817710235
DRO (~70k km),8.0,0.012013026596608745,3.0,0,False,nan,nan,nan,nan
DRO (~70k km),8.0,0.012013026596608745,7.0,36,True,26.1427237002327,0.45195286893806713,0.139128536829597,2.2852138033923635
DRO (~70k km),10.0,0.0867082102296382,3.0,10,True,560.1956979614812,1.6426769688445457,2.8172030094722116,0.5194591027721376
DRO (~70k km),10.0,0.0867082102296382,7.0,187,True,3.5017429001882254,0.2162653661112303,0.00989862887315005,3.503652591042375
DRO (~70k km),12.0,0.22440603393491892,3.0,34,True,34.97887792191466,0.45924026672413293,0.1489055552442983,1.655252282128647
DRO (~70k km),12.0,0.22440603393491892,7.0,419,True,2.1832835036716878,0.13872226212185493,0.0046353889041073,2.8606134482283787
DRO (~70k km),14.0,0.4111221928641952,3.0,177,True,23.396606302645168,0.2515335323254808,0.0903011344866668,0.2928955658509924
DRO (~70k km),14.0,0.4111221928641952,7.0,543,True,13.69796242221739,0.13616289194016354,0.09161172591216854,9.616400710327724
DRO (~70k km),16.0,0.6238767578712962,3.0,319,True,12.580547616894693,0.16880163214638935,0.018481641245658237,0.38816745047280843
DRO (~70k km),16.0,0.6238767578712962,7.0,831,True,0.6343833772516473,0.08107123992786429,0.0034137924851262405,14.251684846876783
DRO (~70k km),18.0,0.8254363359888046,3.0,262,True,18.26068208332407,0.34181791801906986,0.12194905246545117,9.427701178260312
DRO (~70k km),18.0,0.8254363359888046,7.0,942,True,0.7200410334873104,0.09451863992582007,0.002745348077984886,9.042072874819132
DRO (~70k km),20.0,0.9646453803113219,3.0,380,True,6.980175053757458,0.17225653096579271,0.016599471258007262,0.24158498914365759
DRO (~70k km),20.0,0.9646453803113219,7.0,837,True,12.792594242222687,0.14118991146027865,0.06196318008398496,1.8877078795781999
DRO (~70k km),22.0,0.996342673210243,3.0,481,True,11.266405411090402,0.17553786528560186,0.03249431442574863,0.3453231001029151
DRO (~70k km),22.0,0.996342673210243,7.0,714,True,3.987399055775499,0.1483205356385046,0.02351281400548133,4.648135826457746
DRO (~70k km),24.0,0.9123327538212156,3.0,302,True,28.287453899778843,0.3387313590958026,0.1431854340758176,0.7268236071228179
DRO (~70k km),24.0,0.9123327538212156,7.0,505,True,1.04608514403894,0.14312368898188702,0.004776848599074092,13.817449980190695
DRO (~70k km),26.0,0.7466265221944814,3.0,109,True,18.814594352888438,0.2755044910678392,0.04424887029019555,0.21399848146603617
DRO (~70k km),26.0,0.7466265221944814,7.0,270,True,3.7774084970162867,0.25083774932743724,0.009425489175036883,10.187767194824572
DRO (~70k km),28.0,0.5471858652005019,3.0,203,True,11.198731191866283,0.27931447386801084,0.03951443690920577,0.8437330614545892
DRO (~70k km),28.0,0.5471858652005019,7.0,237,True,21.578142064168713,0.29989494973005687,0.1493190920066165,12.40403020125058
DRO (~70k km),30.0,0.35145099189759743,3.0,89,True,23.520868815396025,0.6600228817694085,0.05829525702083159,1.099264211172734
DRO (~70k km),30.0,0.35145099189759743,7.0,89,True,149.50605117421398,0.5348445786341045,0.7510653698790983,46.63293754920415
DRO (~70k km),32.0,0.18409752882015085,3.0,3,True,23739.516439363004,16.97674999805145,148.95265944648798,56.93337057393324
DRO (~70k km),32.0,0.18409752882015085,7.0,3,True,103424.20304612922,8.901794893028862,427.80582784896046,88.36984616099804
DRO (~70k km),34.0,0.06337150939696112,3.0,0,False,nan,nan,nan,nan
DRO (~70k km),34.0,0.06337150939696112,7.0,0,False,nan,nan,nan,nan
DRO (~70k km),36.0,0.004114992347496016,3.0,0,False,nan,nan,nan,nan
DRO (~70k km),36.0,0.004114992347496016,7.0,0,False,nan,nan,nan,nan
DRO (~70k km),38.0,0.016768376349736158,3.0,0,False,nan,nan,nan,nan
DRO (~70k km),38.0,0.016768376349736158,7.0,63,True,88.0117775010453,0.3560136889847424,0.14432306036116568,0.7559022529840332
DRO (~70k km),40.0,0.10443510376394904,3.0,0,False,nan,nan,nan,nan
DRO (~70k km),40.0,0.10443510376394904,7.0,242,True,16.765316803872473,0.1734659445992463,0.05730166040881029,0.7518931876613165
DRO (~70k km),42.0,0.2599225183959973,3.0,63,True,88.01615930920283,0.35601369051827325,0.144328566137031,0.7558988206895161
DRO (~70k km),42.0,0.2599225183959973,7.0,399,True,2.00247076418321,0.12227018687739395,0.013190386189960287,5.895122858652108
DRO (~70k km),44.0,0.46427643655758943,3.0,234,True,16.983432995649515,0.17868142087817127,0.05776953684360562,0.718412391507156
DRO (~70k km),44.0,0.46427643655758943,7.0,812,True,0.5874772511395268,0.08657833745548024,0.0027111556728605145,11.73294675394729
DRO (~70k km),46.0,0.6853171509167725,3.0,263,True,3.2309221781259265,0.14419463492078932,0.01870369268838525,3.7952553321707962
DRO (~70k km),46.0,0.6853171509167725,7.0,1046,True,1.1885259254104015,0.10031456528872922,0.004473721536923849,4.466700486336364
DRO (~70k km),48.0,0.8764878198314991,3.0,562,True,6.353343476974365,0.14037169482137424,0.015127483476273539,0.32342664646444375
DRO (~70k km),48.0,0.8764878198314991,7.0,1025,True,14.447730516372133,0.1268498291844205,0.08178544849168765,0.3009776809547228
DRO (~70k km),50.0,0.9863966435991329,3.0,568,True,11.189379127818704,0.16821763645857604,0.03867327245552084,0.4150985253473375
DRO (~70k km),50.0,0.9863966435991329,7.0,881,True,1.6164173083303361,0.1194710108075649,0.008932416487724812,8.962825199570275
DRO (~70k km),52.0,0.9849052899096749,3.0,274,True,34.99867387922119,0.5365626546945934,0.20832832164938667,2.183247658490351
DRO (~70k km),52.0,0.9849052899096749,7.0,671,True,0.791718330787295,0.11752505733335215,0.0028807609142941196,11.47374672479459
DRO (~70k km),54.0,0.8819782388795383,3.0,212,True,13.188677236286358,0.2764185163245801,0.08195473658888472,0.3484194585627006
DRO (~70k km),54.0,0.8819782388795383,7.0,474,True,6.948755682615329,0.16942923974116603,0.032082354840179336,0.1428308641046642
DRO (~70k km),56.0,0.7149214019774985,3.0,305,True,9.205297003725697,0.21330762692218952,0.01687092110383073,0.663197957716804
DRO (~70k km),56.0,0.7149214019774985,7.0,382,True,29.37325666363614,0.17305504994957674,0.19003063419313546,26.474901456286265
DRO (~70k km),58.0,0.5226503866833959,3.0,158,True,16.788748501101775,0.3052426001401156,0.07683300757086621,0.2577879287185919
DRO (~70k km),58.0,0.5226503866833959,7.0,158,True,110.40804289610733,0.33414657250337315,0.4854458454582241,52.96752088428561
DRO (~70k km),60.0,0.33434867060079787,3.0,23,True,169.86575576660832,3.52066290232353,1.1624957176634365,34.62062212810927
DRO (~70k km),60.0,0.33434867060079787,7.0,23,True,637.9658451449153,3.7311895057550384,2.515268265040858,83.10845903098391
DRO (~70k km),62.0,0.17194359511808882,3.0,0,False,nan,nan,nan,nan
DRO (~70k km),62.0,0.17194359511808882,7.0,0,False,nan,nan,nan,nan
DRO (~70k km),64.0,0.05489419460500644,3.0,0,False,nan,nan,nan,nan
DRO (~70k km),64.0,0.05489419460500644,7.0,0,False,nan,nan,nan,nan
DRO (~70k km),66.0,0.0018950240183716605,3.0,0,False,nan,nan,nan,nan
DRO (~70k km),66.0,0.0018950240183716605,7.0,12,True,1022.5547238172653,0.8716029142572463,8.538885238507042,1.250180107803557
DRO (~70k km),68.0,0.027896980918357628,3.0,0,False,nan,nan,nan,nan
DRO (~70k km),68.0,0.027896980918357628,7.0,98,True,44.367476283824494,0.4129210068580725,0.2450320400177833,3.1419989710685856
DRO (~70k km),70.0,0.13696100478493556,3.0,12,True,1022.746865527473,0.8716029980405964,8.544942140774278,1.2503021304322621
DRO (~70k km),70.0,0.13696100478493556,7.0,310,True,1.524500333369501,0.12854151036713832,0.008261574181341727,7.032296933528634
DRO (~70k km),72.0,0.3164009107513692,3.0,98,True,44.367509895601046,0.41292100687288513,0.24503222401015626,3.1419987815839123
DRO (~70k km),72.0,0.3164009107513692,7.0,696,True,0.9191912360268817,0.10660599623978304,0.003726729827862482,6.717216145091868
DRO (~70k km),74.0,0.5367763548429797,3.0,242,True,5.088015400603677,0.1538424062667563,0.019437755329500907,1.9294181293648238
DRO (~70k km),74.0,0.5367763548429797,7.0,1019,True,2.644778317756962,0.10761830118792262,0.011042216357351333,1.0786847133788935
DRO (~70k km),76.0,0.7551796421585458,3.0,546,True,8.376899912621322,0.14660053524338287,0.022014168124430494,0.19783616584879754
DRO (~70k km),76.0,0.7551796421585458,7.0,974,True,6.7483821723902455,0.13005411251839402,0.040314481301220936,2.7770865224539474
DRO (~70k km),78.0,0.9218673328608905,3.0,594,True,12.29368286315901,0.17136004143276448,0.05348637380285661,0.38359342267385194
DRO (~70k km),78.0,0.9218673328608905,7.0,939,True,0.9817960364916567,0.1053206060528179,0.004924676301950621,11.846104661760844
DRO (~70k km),80.0,0.9967401753423297,3.0,219,True,22.1363916193862,0.3533133753388032,0.1195030418230846,0.8071368544872205
DRO (~70k km),80.0,0.9967401753423297,7.0,755,True,0.977327606468812,0.109619198015646,0.002528623655920572,6.744060940093942
DRO (~70k km),82.0,0.9685714974220043,3.0,345,True,8.273651355467159,0.21248067833747208,0.041174049853035945,0.2064255747973279
DRO (~70k km),82.0,0.9685714974220043,7.0,644,True,8.48808795120563,0.1394021780664126,0.05455864423275445,6.483142727393372
DRO (~70k km),84.0,0.8562187937600535,3.0,376,True,8.541385537028457,0.18251144822310686,0.008691375473075507,0.3978375553712011
DRO (~70k km),84.0,0.8562187937600535,7.0,459,True,4.359724239374181,0.1507048471606208,0.025158814596625733,28.86053068995454
DRO (~70k km),86.0,0.6916324076144439,3.0,172,True,21.61700401337948,0.40586385705924133,0.13850502280549212,6.539765342088093
DRO (~70k km),86.0,0.6916324076144439,7.0,184,True,22.42801662609166,0.3139033037439753,0.0856226897011748,47.45945346878394
DRO (~70k km),88.0,0.5047341652717422,3.0,12,True,1279.226548398685,8.782417552066068,11.078192321339165,18.975107124823914
DRO (~70k km),88.0,0.5047341652717422,7.0,12,True,4878.739695998495,22.956915811863926,9.495804905747296,55.60702546269834
DRO (~70k km),90.0,0.31974074428691635,3.0,0,False,nan,nan,nan,nan
DRO (~70k km),90.0,0.31974074428691635,7.0,0,False,nan,nan,nan,nan
DRO (~70k km),92.0,0.1583555202371299,3.0,0,False,nan,nan,nan,nan
DRO (~70k km),92.0,0.1583555202371299,7.0,0,False,nan,nan,nan,nan
DRO (~70k km),94.0,0.043883971596802185,3.0,0,False,nan,nan,nan,nan
DRO (~70k km),94.0,0.043883971596802185,7.0,0,False,nan,nan,nan,nan
DRO (~70k km),96.0,0.0014210074193025668,3.0,0,False,nan,nan,nan,nan
DRO (~70k km),96.0,0.0014210074193025668,7.0,31,True,127.72385392976967,0.4646976983744179,0.6938786329985722,1.0792336151630637
DRO (~70k km),98.0,0.04970715005161691,3.0,0,False,nan,nan,nan,nan
DRO (~70k km),98.0,0.04970715005161691,7.0,265,True,3.625439773504766,0.16538105345734766,0.014125403040960107,2.9104152536691323
DRO (~70k km),100.0,0.18831973433945037,3.0,31,True,127.72479999870623,0.4646976991585939,0.6938837545591546,1.0792335702740856
DRO (~70k km),100.0,0.18831973433945037,7.0,576,True,2.3694853173609642,0.13539503739358874,0.00851335444717562,2.976277635465052
DRO (~70k km),102.0,0.3923612244388024,3.0,244,True,11.528693170763505,0.20304028290015005,0.024104130564270354,0.5407278510175957
DRO (~70k km),102.0,0.3923612244388024,7.0,751,True,14.447417716154481,0.142244528922528,0.07280813345660275,1.5343335615467784
DRO (~70k km),104.0,0.6193019106249203,3.0,442,True,12.331578872102856,0.17375266494207992,0.036568590140784236,0.23131298580743823
DRO (~70k km),104.0,0.6193019106249203,7.0,822,True,2.943172049983251,0.1218086788183364,0.017120045609105253,5.3430799349922244
DRO (~70k km),106.0,0.8207733632304991,3.0,359,True,23.970283896702107,0.3362065713848505,0.12787259084399177,0.29924514403563934
DRO (~70k km),106.0,0.8207733632304991,7.0,893,True,0.7156846986953057,0.09591257921339151,0.0030322115421451976,11.89579899849313
DRO (~70k km),108.0,0.9548122768364844,3.0,209,True,13.743087142274046,0.1913366377255941,0.02756834009313288,0.5426733538520441
DRO (~70k km),108.0,0.9548122768364844,7.0,823,True,1.97435574560991,0.1136551363034621,0.005754438126523276,2.3372237578367367
DRO (~70k km),110.0,0.9981852303462153,3.0,534,True,5.326550901086931,0.16445640128224248,0.01801698813999616,0.36854545819349177
DRO (~70k km),110.0,0.9981852303462153,7.0,857,True,2.1797130221258922,0.1048196088052633,0.015102969251831997,7.9354347704072925
DRO (~70k km),112.0,0.9519834296557228,3.0,432,True,7.892600198821815,0.1613943051226899,0.02246354006917484,0.37008461725496894
DRO (~70k km),112.0,0.9519834296557228,7.0,529,True,1.534499215650751,0.12651243440779317,0.007647582021243089,28.71354652262313
DRO (~70k km),114.0,0.835030268197668,3.0,178,True,8.210662805467729,0.2510053480610412,0.051429324364949555,3.5185169455782574
DRO (~70k km),114.0,0.835030268197668,7.0,216,True,4.073315688574288,0.2457812906437191,0.012380861349330724,35.06438223409821
DRO (~70k km),116.0,0.6720668293098465,3.0,78,True,21.21605956147829,0.5884402817553394,0.047563949499834196,0.1403909930122734
DRO (~70k km),116.0,0.6720668293098465,7.0,78,True,67.50650069142964,0.9793507539455234,0.36577188625878365,0.22038020847279638
DRO (~70k km),118.0,0.4865323994656629,3.0,4,False,nan,nan,nan,nan
DRO (~70k km),118.0,0.4865323994656629,7.0,4,False,nan,nan,nan,nan
DRO (~70k km),120.0,0.30022908743186255,3.0,0,False,nan,nan,nan,nan
DRO (~70k km),120.0,0.30022908743186255,7.0,0,False,nan,nan,nan,nan
DRO (~70k km),122.0,0.13737092541159995,3.0,0,False,nan,nan,nan,nan
DRO (~70k km),122.0,0.13737092541159995,7.0,0,False,nan,nan,nan,nan
DRO (~70k km),124.0,0.028446762238983847,3.0,0,False,nan,nan,nan,nan
DRO (~70k km),124.0,0.028446762238983847,7.0,53,True,29.533706197199002,0.3870475284545106,0.15608936397366638,1.0733639020868309
DRO (~70k km),126.0,0.005752991860187184,3.0,0,False,nan,nan,nan,nan
DRO (~70k km),126.0,0.005752991860187184,7.0,226,True,13.952033795503327,0.2120345482875719,0.033149156453043754,0.6642067552259016
DRO (~70k km),128.0,0.08677468094203039,3.0,53,True,29.53380646812913,0.38704753042611373,0.15608953873265238,1.0733614236361364
DRO (~70k km),128.0,0.08677468094203039,7.0,461,True,14.469022757814981,0.15855967599806864,0.049979300686903295,0.3444167199132713
DRO (~70k km),130.0,0.2582071718939486,3.0,226,True,13.952041309678046,0.21203454828833926,0.03314917289855404,0.6642066188308985
DRO (~70k km),130.0,0.2582071718939486,7.0,527,True,23.649080454673456,0.17381745669624354,0.13628938208137992,0.7061059663478125
DRO (~70k km),132.0,0.47873666480732685,3.0,333,True,17.90928302914401,0.20940182110667807,0.06407179567981311,0.31638802972182634
DRO (~70k km),132.0,0.47873666480732685,7.0,682,True,1.4180400934741333,0.11693433015009341,0.007627802297156639,9.41801161464531
DRO (~70k km),134.0,0.6979835413629789,3.0,190,True,48.24467489251584,0.7014186782245224,0.29365374756113427,3.4631198726698913
DRO (~70k km),134.0,0.6979835413629789,7.0,816,True,0.7769200554587584,0.09972508793701206,0.0025318556703323183,8.48511480303591
DRO (~70k km),136.0,0.8730559181855757,3.0,283,True,9.885392507710625,0.2373320385752075,0.0621111947341453,0.5921486740381247
DRO (~70k km),136.0,0.8730559181855757,7.0,872,True,5.11761785215108,0.10716288322239595,0.02597326621583917,1.6210517623173253
DRO (~70k km),138.0,0.9757924284384508,3.0,502,True,6.249797297767152,0.15363773436508482,0.010362102376411041,0.3310077850437419
DRO (~70k km),138.0,0.9757924284384508,7.0,840,True,1.158626002472031,0.09749500073119519,0.007338332298088488,11.803511274292527
DRO (~70k km),140.0,0.9953478220710825,3.0,421,True,8.181287499843373,0.18254429556427237,0.04115461193056667,1.4938328191945753
DRO (~70k km),140.0,0.9953478220710825,7.0,623,True,0.8061315743741244,0.10956612082615048,0.0034047926299035714,16.665983162568004
DRO (~70k km),142.0,0.9368648731959088,3.0,179,True,3.7190743722694224,0.19399879011274476,0.01823746198162545,4.030409518508841
DRO (~70k km),142.0,0.9368648731959088,7.0,304,True,3.2752944221298486,0.20840492733015442,0.012189229813170522,7.65996519130175
DRO (~70k km),144.0,0.8155736685198697,3.0,191,True,15.58226073140903,0.27063416485079617,0.03936171318412288,0.28083950419268777
DRO (~70k km),144.0,0.8155736685198697,7.0,206,True,57.62166824544728,0.38782529291985096,0.34233935395756687,2.308228153803417
DRO (~70k km),146.0,0.6502956610594088,3.0,63,True,58.15547577554469,1.064152186373575,0.23102342197650713,1.1882726935001364
DRO (~70k km),146.0,0.6502956610594088,7.0,63,True,312.52213197222653,1.3363133128293356,1.6850166434273215,26.395590384432303
DRO (~70k km),148.0,0.4606281564535869,3.0,0,False,nan,nan,nan,nan
DRO (~70k km),148.0,0.4606281564535869,7.0,0,False,nan,nan,nan,nan
DRO (~70k km),150.0,0.2689809666414978,3.0,0,False,nan,nan,nan,nan
DRO (~70k km),150.0,0.2689809666414978,7.0,0,False,nan,nan,nan,nan
DRO (~70k km),152.0,0.10590837982136636,3.0,0,False,nan,nan,nan,nan
DRO (~70k km),152.0,0.10590837982136636,7.0,23,True,46.140762553174596,0.7210823523683912,0.366149264250603,1.1667743973899325
DRO (~70k km),154.0,0.011375400091709231,3.0,0,False,nan,nan,nan,nan
DRO (~70k km),154.0,0.011375400091709231,7.0,129,True,22.809403310381978,0.2873423444521027,0.060016359818110314,0.5651253953752841
DRO (~70k km),156.0,0.021051233859922913,3.0,23,True,46.14097454696124,0.7210823561941968,0.36615238311030046,1.1667640664313237
DRO (~70k km),156.0,0.021051233859922913,7.0,268,True,19.517637320639604,0.21926737117955786,0.08303995511424521,0.6866052286816205
DRO (~70k km),158.0,0.14126017595999263,3.0,129,True,22.809421690835645,0.2873423444569213,0.060016404765358335,0.565125232402103
DRO (~70k km),158.0,0.14126017595999263,7.0,298,True,8.371458959712177,0.22890025449208729,0.04982444866470152,2.9088113326618865
DRO (~70k km),160.0,0.338954880080059,3.0,200,True,28.31415684888188,0.29674019952679237,0.12919418881524491,0.24253120950623352
DRO (~70k km),160.0,0.338954880080059,7.0,453,True,1.1856081977902142,0.13258064680172432,0.005649606079717658,10.839684638139575
DRO (~70k km),162.0,0.5614877914801869,3.0,98,True,22.6808486171561,0.40970742480083877,0.11558334344746223,1.398319346615887
DRO (~70k km),162.0,0.5614877914801869,7.0,602,True,1.5369422031383932,0.11366516560756536,0.0035412996303015617,4.023390780735635
DRO (~70k km),164.0,0.762440219878511,3.0,253,True,10.255255213615069,0.23574488578642336,0.04766148153283481,0.23212938434186436
DRO (~70k km),164.0,0.762440219878511,7.0,694,True,9.062566565245497,0.11846066943613909,0.06008147205635953,9.000676976299971
DRO (~70k km),166.0,0.9106191387150842,3.0,399,True,7.698162813807968,0.15695949657846925,0.010675062043595751,0.4593137270082169
DRO (~70k km),166.0,0.9106191387150842,7.0,781,True,0.7682695070164589,0.09072148033365889,0.004216249327612356,15.327361251894342
DRO (~70k km),168.0,0.9885254269102031,3.0,312,True,13.615569285722373,0.2984018076116202,0.09071773562654767,9.491519366569976
DRO (~70k km),168.0,0.9885254269102031,7.0,716,True,0.7746662701408538,0.10488689317888943,0.00292786043650804,10.92178015930226
DRO (~70k km),170.0,0.9906946661894735,3.0,222,True,10.029882376369791,0.22666070118063109,0.02542388261485717,0.3754409918307592
DRO (~70k km),170.0,0.9906946661894735,7.0,488,True,17.584634534870485,0.18951143294128808,0.08390359958656989,2.0215947399834007
DRO (~70k km),172.0,0.9217701058419269,3.0,293,True,15.084749866953851,0.222120986690777,0.04282958985450245,0.40683904870823717
DRO (~70k km),172.0,0.9217701058419269,7.0,410,True,6.799496164951556,0.20686482447958152,0.040250727360463014,4.084104363156029
DRO (~70k km),174.0,0.793049147812861,3.0,171,True,38.45886737977825,0.48677198291911544,0.19305174531288705,0.6914448262908477
DRO (~70k km),174.0,0.793049147812861,7.0,249,True,2.382763977366201,0.22774120644703993,0.011488608873861949,20.21983064194958
DRO (~70k km),176.0,0.6196501939013835,3.0,44,True,49.972957821382195,0.4063167410765362,0.10601254919237724,0.14686405372996103
DRO (~70k km),176.0,0.6196501939013835,7.0,89,True,15.654461518110525,0.6250552600957013,0.03620624537680131,25.18498355207051
DRO (~70k km),178.0,0.4205956524829108,3.0,78,True,19.248123222516913,0.6348844214184859,0.07940060252095293,0.533964315592164
DRO (~70k km),178.0,0.4205956524829108,7.0,78,True,39.29626604437869,0.8946478799564365,0.27508477411809396,9.154554731362138
DRO (~70k km),180.0,0.2230050965316448,3.0,10,True,2499.466447015936,6.9485327915105115,11.698443351161165,29.433657504304318
DRO (~70k km),180.0,0.2230050965316448,7.0,10,True,12141.305140942895,3.230564585654219,56.541654341702106,57.489805056335314
DRO (~70k km),182.0,0.06723214871794103,3.0,0,False,nan,nan,nan,nan
DRO (~70k km),182.0,0.06723214871794103,7.0,28,True,70.01760679809135,0.72297726243429,0.23602038977613943,0.5148596635742423
DRO (~70k km),184.0,0.0008347380219567713,3.0,0,False,nan,nan,nan,nan
DRO (~70k km),184.0,0.0008347380219567713,7.0,59,True,79.02945221133493,0.8280676472046474,0.419347644122629,0.3148840159463758
DRO (~70k km),186.0,0.05260620741890687,3.0,28,True,70.0178058668774,0.722977262424852,0.23602075076389867,0.5148574305419918
DRO (~70k km),186.0,0.05260620741890687,7.0,122,True,5.719901224340929,0.2733839817962793,0.031934720813660535,5.804155337736635
DRO (~70k km),188.0,0.20761718483278457,3.0,55,True,88.2484798480948,1.0342490297982878,0.4932632780425938,1.2282113659980154
DRO (~70k km),188.0,0.20761718483278457,7.0,272,True,1.370726350645833,0.1630790721281665,0.005143010109731204,8.153920813794079
DRO (~70k km),190.0,0.4168498055133633,3.0,63,True,29.90753189132325,0.5817980910233672,0.28430172323658737,0.6368660586593504
DRO (~70k km),190.0,0.4168498055133633,7.0,441,True,7.227273103787197,0.13034510807190056,0.02351218062251157,0.5591725715050685
DRO (~70k km),192.0,0.6294273375244753,3.0,213,True,11.566529536895029,0.23511078629234775,0.03017246700173768,0.4171769284948582
DRO (~70k km),192.0,0.6294273375244753,7.0,586,True,1.72771944224833,0.10103294850327416,0.011772772304824104,7.249372384281666
DRO (~70k km),194.0,0.8098210155350691,3.0,307,True,9.27034495837235,0.1649597718921416,0.030415309531444487,0.7154224131294286
DRO (~70k km),194.0,0.8098210155350691,7.0,763,True,0.6019699746742507,0.08912149734276265,0.0028221124974354196,14.440324228534783
DRO (~70k km),196.0,0.9361603462137678,3.0,275,True,3.8818963263313004,0.14723325943611051,0.022970308564017543,4.1463011188347485
DRO (~70k km),196.0,0.9361603462137678,7.0,842,True,1.275404401884215,0.10947048443153543,0.004776468270692018,5.0298753984128775
DRO (~70k km),198.0,0.9958187728810944,3.0,441,True,7.252327846608725,0.16506193888243081,0.01678291128512125,0.37711725204777424
DRO (~70k km),198.0,0.9958187728810944,7.0,776,True,17.458162246611714,0.14333562625679977,0.0980722804195583,0.5961119256876706
DRO (~70k km),200.0,0.9840246588155496,3.0,407,True,14.242070107036426,0.19687235784552554,0.04796697731848016,0.4619184060014078
DRO (~70k km),200.0,0.9840246588155496,7.0,638,True,1.9937091637927415,0.13893774223782418,0.011094275492279695,8.611902017805884
DRO (~70k km),202.0,0.9031481488325839,3.0,201,True,46.3842297216568,0.6181193850256584,0.2711359844103197,1.4540617857198186
DRO (~70k km),202.0,0.9031481488325839,7.0,501,True,0.9267455299289666,0.13500763578857314,0.0034378720689582833,11.614701073799477
DRO (~70k km),204.0,0.7617803652380404,3.0,156,True,16.611892680517848,0.3219879337625717,0.11676093271526423,0.21803419545903088
DRO (~70k km),204.0,0.7617803652380404,7.0,330,True,8.729119414432109,0.2510097525070211,0.03922485131506475,0.9506943367472125
DRO (~70k km),206.0,0.5745030758480485,3.0,237,True,11.681889949059762,0.2443533886738199,0.021698404168047056,0.7989409020942068
DRO (~70k km),206.0,0.5745030758480485,7.0,267,True,39.98352783582451,0.24929038356763486,0.2605571077361975,25.8480276005894
DRO (~70k km),208.0,0.3639511102736108,3.0,93,True,31.256234423274897,0.6885456558055464,0.13965486062272417,1.4884863859759576
DRO (~70k km),208.0,0.3639511102736108,7.0,93,True,207.43290173572495,0.5377785860234308,0.919106145199044,53.390691660230026
DRO (~70k km),210.0,0.1660699534890553,3.0,2,False,nan,nan,nan,nan
DRO (~70k km),210.0,0.1660699534890553,7.0,2,False,nan,nan,nan,nan
DRO (~70k km),212.0,0.03113927377152298,3.0,0,False,nan,nan,nan,nan
DRO (~70k km),212.0,0.03113927377152298,7.0,0,False,nan,nan,nan,nan
DRO (~70k km),214.0,0.005196259856803942,3.0,0,False,nan,nan,nan,nan
DRO (~70k km),214.0,0.005196259856803942,7.0,14,False,nan,nan,nan,nan
DRO (~70k km),216.0,0.09747689556352584,3.0,0,False,nan,nan,nan,nan
DRO (~70k km),216.0,0.09747689556352584,7.0,116,True,19.556371823248124,0.2876768567479087,0.022685311012847965,0.6209611425149699
DRO (~70k km),218.0,0.27281307086612394,3.0,14,False,nan,nan,nan,nan
DRO (~70k km),218.0,0.27281307086612394,7.0,242,True,14.011993322757045,0.19806369889632827,0.07737877123463072,3.13388695379478
DRO (~70k km),220.0,0.48006557288092117,3.0,116,True,19.55640586136225,0.287676856772876,0.022685330026909353,0.6209606974944148
DRO (~70k km),220.0,0.48006557288092117,7.0,472,True,1.02850560713087,0.1017164707083297,0.00620721008819549,10.072088513925314
DRO (~70k km),222.0,0.6785520201705064,3.0,186,True,15.880623197929257,0.26553962467235,0.08653980834914954,2.5963258962878615
DRO (~70k km),222.0,0.6785520201705064,7.0,797,True,0.6670768457670526,0.09495289610662101,0.002771375724794081,9.99930765207261
DRO (~70k km),224.0,0.8420247549295681,3.0,273,True,4.863722287667696,0.13970989089789834,0.018353081318742966,1.935389447417894
DRO (~70k km),224.0,0.8420247549295681,7.0,987,True,2.621665363388405,0.11128762378628292,0.010789107623964435,1.2959283631399732
DRO (~70k km),226.0,0.9529283954239258,3.0,569,True,7.4536214259636004,0.14899394907820718,0.019464140474544867,0.28738340659097633
DRO (~70k km),226.0,0.9529283954239258,7.0,926,True,8.650342806616653,0.13464802614695698,0.05161852116844048,2.845181981492882
DRO (~70k km),228.0,0.9990653369991307,3.0,519,True,13.680543576833267,0.18036335485801885,0.058231595901943836,0.3679830359540743
DRO (~70k km),228.0,0.9990653369991307,7.0,814,True,1.0948757018052355,0.11275045639447596,0.005538545818940204,11.555666985626004
DRO (~70k km),230.0,0.973658935370646,3.0,184,True,26.114486121649385,0.42978894763266445,0.14349597373424308,0.7896977436308672
DRO (~70k km),230.0,0.973658935370646,7.0,665,True,0.9850611483559087,0.11589408376126212,0.002625045399798639,6.918011201634514
DRO (~70k km),232.0,0.87680822822877,3.0,295,True,10.777972688563755,0.2280987834035244,0.049322764924748776,0.2628614355762433
DRO (~70k km),232.0,0.87680822822877,7.0,567,True,10.609469569562263,0.15251095164431958,0.06734643905833744,5.722978947135711
DRO (~70k km),234.0,0.7170726382337808,3.0,340,True,10.598350288964179,0.19134479959853368,0.010041905603375633,0.5161982229213901
DRO (~70k km),234.0,0.7170726382337808,7.0,402,True,49.17949724689057,0.17434502672820448,0.2818888632016248,37.0581767474208
DRO (~70k km),236.0,0.5127081786278377,3.0,156,True,29.564872175929366,0.4302510707247472,0.18668098089760818,5.577668269363606
DRO (~70k km),236.0,0.5127081786278377,7.0,156,True,170.84648254202958,0.4290251022693268,0.6719911916184982,59.85820516003391
DRO (~70k km),238.0,0.2944250603514018,3.0,0,False,nan,nan,nan,nan
DRO (~70k km),238.0,0.2944250603514018,7.0,0,False,nan,nan,nan,nan
DRO (~70k km),240.0,0.1086141653337303,3.0,0,False,nan,nan,nan,nan
DRO (~70k km),240.0,0.1086141653337303,7.0,0,False,nan,nan,nan,nan
DRO (~70k km),242.0,0.008327100944112154,3.0,0,False,nan,nan,nan,nan
DRO (~70k km),242.0,0.008327100944112154,7.0,0,False,nan,nan,nan,nan
DRO (~70k km),244.0,0.02439343571774738,3.0,0,False,nan,nan,nan,nan
DRO (~70k km),244.0,0.02439343571774738,7.0,51,True,29.62165042385009,0.424760050804063,0.054155780094333396,0.7624505645033612
DRO (~70k km),246.0,0.14398030411622498,3.0,0,False,nan,nan,nan,nan
DRO (~70k km),246.0,0.14398030411622498,7.0,108,True,10.091403351101135,0.42316090052983996,0.0668804964345147,6.4137647455233395
DRO (~70k km),248.0,0.32475672894873925,3.0,51,True,29.621714452256803,0.42476005084107443,0.054155830071412656,0.7624493968203718
DRO (~70k km),248.0,0.32475672894873925,7.0,417,True,0.9436464807129046,0.11431749847339438,0.004734388650936192,9.600534888053879
DRO (~70k km),250.0,0.5237678748599126,3.0,96,True,15.919609164883555,0.541874955245201,0.10027838302417187,2.5840355025453414
DRO (~70k km),250.0,0.5237678748599126,7.0,806,True,0.9416932924320977,0.10467871031961706,0.0036296661276283408,6.005601400550053
DRO (~70k km),252.0,0.710293880041411,3.0,310,True,8.553493160635018,0.18179839598881914,0.02024864202147025,0.6485538733623787
DRO (~70k km),252.0,0.710293880041411,7.0,954,True,11.163952868979104,0.12769005062030056,0.055412493424580996,1.490236828880177
DRO (~70k km),254.0,0.862918993223363,3.0,572,True,9.348488983040662,0.15121033574334586,0.027685580441651078,0.1598136664459848
DRO (~70k km),254.0,0.862918993223363,7.0,988,True,2.9443339371454647,0.11767669105650658,0.01719753971169737,5.028607822499947
DRO (~70k km),256.0,0.9641746360666748,3.0,453,True,19.7496705686742,0.29613880159009864,0.10499264717069211,0.4433294917311521
DRO (~70k km),256.0,0.9641746360666748,7.0,965,True,0.7000235546982622,0.09431184784424342,0.0030381985091681466,12.103871464208561
DRO (~70k km),258.0,0.999069502386106,3.0,207,True,15.861158378192064,0.18876303209145556,0.03118507913128559,0.4268875812645042
DRO (~70k km),258.0,0.999069502386106,7.0,803,True,1.8322653990661222,0.11350670967051783,0.0052453516201205995,2.5874714575248707
DRO (~70k km),260.0,0.9575749684947479,3.0,512,True,6.115363430267246,0.1653335759947036,0.02014973797069329,0.34363586210892716
DRO (~70k km),260.0,0.9575749684947479,7.0,814,True,2.2017598600942314,0.11265669276015537,0.015275840907870967,8.52088814103734
DRO (~70k km),262.0,0.8392883680612382,3.0,420,True,9.305184709308111,0.16241907031665218,0.025133432525816214,0.18525824750570066
DRO (~70k km),262.0,0.8392883680612382,7.0,465,True,7.641220647626624,0.16320991280978078,0.038431447772578065,38.92542205801984
DRO (~70k km),264.0,0.6569507495520097,3.0,163,True,9.02708157229373,0.3580213793018386,0.05641794459434513,1.263108553537993
DRO (~70k km),264.0,0.6569507495520097,7.0,163,True,38.09094673993539,0.38563255104299293,0.1258852865421347,54.194186544517116
DRO (~70k km),266.0,0.437425362266624,3.0,15,True,1149.517276583617,5.438566313379782,5.668273056092625,23.221665895430565
DRO (~70k km),266.0,0.437425362266624,7.0,15,True,2791.2855514535063,7.870763883921807,6.811537953076783,41.92692656275004
DRO (~70k km),268.0,0.2221069073116682,3.0,0,False,nan,nan,nan,nan
DRO (~70k km),268.0,0.2221069073116682,7.0,0,False,nan,nan,nan,nan
DRO (~70k km),270.0,0.06255186622613151,3.0,0,False,nan,nan,nan,nan
DRO (~70k km),270.0,0.06255186622613151,7.0,0,False,nan,nan,nan,nan
DRO (~70k km),272.0,0.0015006474185598195,3.0,0,False,nan,nan,nan,nan
DRO (~70k km),272.0,0.0015006474185598195,7.0,22,True,44.41070730660908,0.8572713198250799,0.2934119891235444,1.1300923948494068
DRO (~70k km),274.0,0.049014619301319895,3.0,0,False,nan,nan,nan,nan
DRO (~70k km),274.0,0.049014619301319895,7.0,114,True,6.038427796384831,0.19235082844509319,0.029329922594050824,2.5015309565585686
DRO (~70k km),276.0,0.18066094003452732,3.0,22,True,44.4108029194669,0.857271320698492,0.29341211863932537,1.1300896910226783
DRO (~70k km),276.0,0.18066094003452732,7.0,387,True,2.3875892652118447,0.14656893557469708,0.009731834481328857,4.201689198179088
DRO (~70k km),278.0,0.35847595377520663,3.0,114,True,6.038427977201355,0.19235082844665494,0.029329923350127577,2.5015309051712022
DRO (~70k km),278.0,0.35847595377520663,7.0,734,True,1.8617806518482416,0.12144218593416725,0.0070851588425765,3.2105623218213974
DRO (~70k km),280.0,0.5495332067412931,3.0,365,True,9.672619851335435,0.16799378031150516,0.0228996167434662,0.6301875045203554
DRO (~70k km),280.0,0.5495332067412931,7.0,806,True,17.734920754305712,0.13950704399213493,0.10157191414887767,0.3926563271240292
DRO (~70k km),282.0,0.7294495008298794,3.0,498,True,12.818323247290737,0.1704390706204418,0.04536866656222948,0.13970487066383827
DRO (~70k km),282.0,0.7294495008298794,7.0,970,True,1.2448977277292,0.09948417610428484,0.006749863964593884,8.963672695449782
DRO (~70k km),284.0,0.8776142894276,3.0,276,True,36.69056181771283,0.5855022091842419,0.22250728764853067,3.278335732071577
DRO (~70k km),284.0,0.8776142894276,7.0,1056,True,0.6682015808726112,0.08904294110146434,0.002234360317829268,8.977550541987636
DRO (~70k km),286.0,0.9732401723544046,3.0,378,True,8.110222985683823,0.20131445202739584,0.056076328088514364,0.5472764494685637
DRO (~70k km),286.0,0.9732401723544046,7.0,1021,True,4.696828031826095,0.10475143670365987,0.02311571055061838,1.2351215408136664
DRO (~70k km),288.0,0.996221590592206,3.0,622,True,5.639651862950945,0.14170872553162345,0.009766982743774738,0.13636354289692493
DRO (~70k km),288.0,0.996221590592206,7.0,941,True,1.1684402527508373,0.09476115079845919,0.007496180077356103,12.724961651137088
DRO (~70k km),290.0,0.933667700970233,3.0,433,True,9.542790752665905,0.18640716236886742,0.04685515246930346,1.4100680099453247
DRO (~70k km),290.0,0.933667700970233,7.0,532,True,2.135377823020322,0.13312092587622978,0.009252562371383461,34.6838029677889
DRO (~70k km),292.0,0.7885783626800744,3.0,157,True,3.6279357372058394,0.2142742591100102,0.017400568103936944,3.0729122539027998
DRO (~70k km),292.0,0.7885783626800744,7.0,178,True,7.630098619571387,0.3133420390068007,0.020589181526230012,27.73760890702114
DRO (~70k km),294.0,0.5836280059634709,3.0,85,True,50.01511107116394,0.8292194131106421,0.12985916582261073,0.9224146946149878
DRO (~70k km),294.0,0.5836280059634709,7.0,85,True,187.7996293037427,1.081725065004333,1.1040877469211328,3.2876473415845653
DRO (~70k km),296.0,0.357826013749894,3.0,0,False,nan,nan,nan,nan
DRO (~70k km),296.0,0.357826013749894,7.0,0,False,nan,nan,nan,nan
DRO (~70k km),298.0,0.15922817359359936,3.0,0,False,nan,nan,nan,nan
DRO (~70k km),298.0,0.15922817359359936,7.0,0,False,nan,nan,nan,nan
DRO (~70k km),300.0,0.03291826547792176,3.0,0,False,nan,nan,nan,nan
DRO (~70k km),300.0,0.03291826547792176,7.0,0,False,nan,nan,nan,nan
DRO (~70k km),302.0,0.00421443321910242,3.0,0,False,nan,nan,nan,nan
DRO (~70k km),302.0,0.00421443321910242,7.0,106,True,19.228723757608748,0.281179516417854,0.039221638633600564,0.8490965835137445
DRO (~70k km),304.0,0.06928181126121746,3.0,0,False,nan,nan,nan,nan
DRO (~70k km),304.0,0.06928181126121746,7.0,328,True,13.46217616607985,0.18104295732234307,0.03618526979435905,0.6166664784965831
DRO (~70k km),306.0,0.20323208264559567,3.0,106,True,19.228763854690044,0.28117951645905,0.03922165076826565,0.8490954232558431
DRO (~70k km),306.0,0.20323208264559567,7.0,582,True,13.048749493058606,0.14635532640973026,0.05443651318414727,0.7162951300647754
DRO (~70k km),308.0,0.37642259260589067,3.0,305,True,14.615743284256,0.19399019557622355,0.03820970323699394,0.4868784131354448
DRO (~70k km),308.0,0.37642259260589067,7.0,614,True,7.098029512892575,0.15624523340245175,0.0423344275405528,2.897313643698364
DRO (~70k km),310.0,0.5636187436556063,3.0,374,True,19.40911494873716,0.21889871141254047,0.08681283628781837,0.02901811987684031
DRO (~70k km),310.0,0.5636187436556063,7.0,800,True,0.905564295152657,0.10113531544223157,0.004363486328721577,10.731730402888553
DRO (~70k km),312.0,0.743073423250122,3.0,176,True,18.625835215848145,0.30038577398529354,0.10034102699693362,1.4886922006904477
DRO (~70k km),312.0,0.743073423250122,7.0,976,True,1.0003076207001533,0.09070684938804693,0.002464869745779981,4.778298715102893
DRO (~70k km),314.0,0.8917513881200332,3.0,426,True,7.828758166476312,0.1791483066218543,0.03377666092285223,0.12340190265106162
DRO (~70k km),314.0,0.8917513881200332,7.0,1028,True,7.376842241606064,0.10223835718186237,0.04847451941822438,8.076520246165096
DRO (~70k km),316.0,0.9827044270401446,3.0,623,True,5.843223166406271,0.1279504395082428,0.007515126856444084,0.11515945626779893
DRO (~70k km),316.0,0.9827044270401446,7.0,977,True,0.7791364387526702,0.08678482879598845,0.00434487988921422,16.07302451390809
DRO (~70k km),318.0,0.9895453292092574,3.0,391,True,11.93933569606999,0.26921194639732565,0.07849363616777999,8.093865506861107
DRO (~70k km),318.0,0.9895453292092574,7.0,651,True,0.9951973690880931,0.1152246052253658,0.003671745849462032,19.882305385049925
DRO (~70k km),320.0,0.899422236676011,3.0,181,True,15.170567084708232,0.24964276346650424,0.030286541568048973,0.2941807584120309
DRO (~70k km),320.0,0.899422236676011,7.0,260,True,32.699410621358034,0.3901875131328565,0.15325617104275238,1.7126431778569544
DRO (~70k km),322.0,0.7254008754122315,3.0,168,True,32.579316017048896,0.3983291320557573,0.09042940470412199,0.6426295207310577
DRO (~70k km),322.0,0.7254008754122315,7.0,168,True,145.3702950405763,0.5678500366837671,0.8640055452504237,8.424057778152486
DRO (~70k km),324.0,0.5049817159633189,3.0,15,True,1237.8556242623292,6.285235588375098,7.261034478558346,13.320291975656486
DRO (~70k km),324.0,0.5049817159633189,7.0,15,True,7381.473251421333,6.335075791783814,36.1719348228393,42.88916641623263
DRO (~70k km),326.0,0.28596179088687423,3.0,0,False,nan,nan,nan,nan
DRO (~70k km),326.0,0.28596179088687423,7.0,0,False,nan,nan,nan,nan
DRO (~70k km),328.0,0.1126290766156734,3.0,0,False,nan,nan,nan,nan
DRO (~70k km),328.0,0.1126290766156734,7.0,0,False,nan,nan,nan,nan
DRO (~70k km),330.0,0.016408396853990315,3.0,0,False,nan,nan,nan,nan
DRO (~70k km),330.0,0.016408396853990315,7.0,77,True,28.769142779411734,0.33921200472404744,0.058634365762801975,0.8743544390702358
DRO (~70k km),332.0,0.008955509483708879,3.0,0,False,nan,nan,nan,nan
DRO (~70k km),332.0,0.008955509483708879,7.0,238,True,23.217249103516597,0.21397011627712387,0.06948453253377922,0.41379650570018683
DRO (~70k km),334.0,0.08184441959734007,3.0,77,True,28.76925059501838,0.33921200473880914,0.058634494343103576,0.8743531086437042
DRO (~70k km),334.0,0.08184441959734007,7.0,338,True,26.31180428192419,0.2241276766095271,0.13559448684666736,1.0341011664604927
DRO (~70k km),336.0,0.21501048405993328,3.0,214,True,24.924829289096692,0.2383046356329389,0.07514493174013805,0.41985217472387565
DRO (~70k km),336.0,0.21501048405993328,7.0,445,True,3.337362397744425,0.15736539933941354,0.01918097097518265,5.769982017325991
DRO (~70k km),338.0,0.3863300980549371,3.0,187,True,49.73374017381807,0.4964206668010387,0.2722201816936168,0.8490096399925742
DRO (~70k km),338.0,0.3863300980549371,7.0,613,True,0.8635318411232301,0.1102463907077397,0.003411351414417702,9.64596222469969
DRO (~70k km),340.0,0.5749996896875085,3.0,135,True,24.542690578895165,0.2658619869361725,0.039592479166921005,0.8096148577515212
DRO (~70k km),340.0,0.5749996896875085,7.0,819,True,3.140595229042738,0.09761646766610263,0.00984249982452272,0.741798012406112
DRO (~70k km),342.0,0.7589488830446673,3.0,422,True,8.171740962447117,0.16952582104121316,0.02289767948027016,0.03549607741167284
DRO (~70k km),342.0,0.7589488830446673,7.0,955,True,1.3861642120155255,0.088153703883133,0.009496889483672112,6.954084398152219
DRO (~70k km),344.0,0.9099723036441303,3.0,546,True,6.534934291207012,0.12383158938882359,0.020526369061867222,0.3378242423880301
DRO (~70k km),344.0,0.9099723036441303,7.0,950,True,0.5878506147349307,0.0829747241803885,0.002805749436704175,16.850065464197378
DRO (~70k km),346.0,0.9926717961780023,3.0,355,True,3.5390708261194073,0.15555511370688066,0.02151900847071618,3.348531256359875
DRO (~70k km),346.0,0.9926717961780023,7.0,790,True,1.0986475859301885,0.10956235184512857,0.004048201488086624,6.697344201942511
DRO (~70k km),348.0,0.975695653637023,3.0,368,True,9.161832690939057,0.18492279528280559,0.02110642686904232,0.08885760368711039
DRO (~70k km),348.0,0.975695653637023,7.0,571,True,23.777808231179005,0.1812885289347326,0.13267043487754085,1.007879220449357
DRO (~70k km),350.0,0.8533867658789915,3.0,296,True,21.82522300646648,0.2398691453962418,0.07178759620305937,0.7609374544472673
DRO (~70k km),350.0,0.8533867658789915,7.0,324,True,94.74704597940944,0.3130258546279049,0.5393512324013385,17.959930172862222
DRO (~70k km),352.0,0.6557787805279803,3.0,105,True,100.97869400126179,0.9014072004911929,0.5841342148214086,1.0235530481808277
DRO (~70k km),352.0,0.6557787805279803,7.0,105,True,511.22122004627806,1.156338593161407,2.328028593156375,47.42646268481466
DRO (~70k km),354.0,0.43249244949070265,3.0,0,False,nan,nan,nan,nan
DRO (~70k km),354.0,0.43249244949070265,7.0,0,False,nan,nan,nan,nan
DRO (~70k km),356.0,0.2299533452175233,3.0,0,False,nan,nan,nan,nan
DRO (~70k km),356.0,0.2299533452175233,7.0,0,False,nan,nan,nan,nan
DRO (~70k km),358.0,0.08182407134036002,3.0,2,False,nan,nan,nan,nan
DRO (~70k km),358.0,0.08182407134036002,7.0,2,False,nan,nan,nan,nan
DRO (~70k km),360.0,0.007743803243173253,3.0,0,False,nan,nan,nan,nan
DRO (~70k km),360.0,0.007743803243173253,7.0,65,True,145.5381995667864,0.47004263262498447,0.5612223130174806,0.45364773646098394
DRO (~70k km),362.0,0.012810580680628458,3.0,2,False,nan,nan,nan,nan
DRO (~70k km),362.0,0.012810580680628458,7.0,78,True,215.00085941436413,0.8240707596246016,1.2653222828021164,2.8226145585007294
DRO (~70k km),364.0,0.08966601195497403,3.0,65,True,145.5386451039994,0.4700426326291094,0.5612239945616105,0.4536475701454981
DRO (~70k km),364.0,0.08966601195497403,7.0,222,True,2.1952546373806126,0.18605277296842193,0.010891510415569109,7.311211884922052
